PatchID,X,Y,K,K StDev,N0,Natal Grounds,Migration Grounds,Class Vars,Mortality Out %,Mortality Back,Mortality Eggs,Migration Out Prob,Migration Back Prob,Straying Prob,Dispersal Prob,GrowthTemperatureOut,GrowthTemperatureOutStDev,GrowDaysOut,GrowDaysOutStDev,GrowthTemperatureBack,GrowthTemperatureBackStDev,GrowDaysBack,GrowDaysBackStDev
1,570151.5835678948,4897326.271919547,80,0,80,1,1,ClassVars.csv,0,0,0.68,0,0,0,0.01,0,0,0,0,9.8|9.84|9.88|9.92|9.96|10|10.04|10.08|10.12|10.16|10.2|10.24|10.28|10.32|10.36|10.4|10.44|10.48|10.52|10.56|10.6|10.64|10.68|10.72|10.76|10.8|10.84|10.88|10.92|10.96|11|11.04|11.08|11.12|11.16|11.2|11.24|11.28|11.32|11.36|11.4|11.44|11.48|11.52|11.56|11.6|11.64|11.68|11.72|11.76|11.8|11.84,0,365,0
2,570653.8387680342,4896417.752246113,80,0,80,1,1,ClassVars.csv,0,0,0.68,0,0,0,0.01,0,0,0,0,9.8|9.84|9.88|9.92|9.96|10|10.04|10.08|10.12|10.16|10.2|10.24|10.28|10.32|10.36|10.4|10.44|10.48|10.52|10.56|10.6|10.64|10.68|10.72|10.76|10.8|10.84|10.88|10.92|10.96|11|11.04|11.08|11.12|11.16|11.2|11.24|11.28|11.32|11.36|11.4|11.44|11.48|11.52|11.56|11.6|11.64|11.68|11.72|11.76|11.8|11.84,0,365,0
3,565078.5252307705,4907766.252038415,80,0,80,1,1,ClassVars.csv,0,0,0.68,0,0,0,0.01,0,0,0,0,10.7028901734104|10.7428901734104|10.7828901734104|10.8228901734104|10.8628901734104|10.9028901734104|10.9428901734104|10.9828901734104|11.0228901734104|11.0628901734104|11.1028901734104|11.1428901734104|11.1828901734104|11.2228901734104|11.2628901734104|11.3028901734104|11.3428901734104|11.3828901734104|11.4228901734104|11.4628901734104|11.5028901734104|11.5428901734104|11.5828901734104|11.6228901734104|11.6628901734104|11.7028901734104|11.7428901734104|11.7828901734104|11.8228901734104|11.8628901734104|11.9028901734104|11.9428901734104|11.9828901734104|12.0228901734104|12.0628901734104|12.1028901734104|12.1428901734104|12.1828901734104|12.2228901734104|12.2628901734104|12.3028901734104|12.3428901734104|12.3828901734104|12.4228901734104|12.4628901734104|12.5028901734104|12.5428901734104|12.5828901734104|12.6228901734104|12.6628901734104|12.7028901734104|12.7428901734104,0,365,0
4,553509.8369202708,4891002.031831989,80,0,80,1,1,ClassVars.csv,0,0,0.68,0,0,0,0.01,0,0,0,0,5.00253164556962|5.04253164556962|5.08253164556962|5.12253164556962|5.16253164556962|5.20253164556962|5.24253164556962|5.28253164556962|5.32253164556962|5.36253164556962|5.40253164556962|5.44253164556962|5.48253164556962|5.52253164556962|5.56253164556962|5.60253164556962|5.64253164556962|5.68253164556962|5.72253164556962|5.76253164556962|5.80253164556962|5.84253164556962|5.88253164556962|5.92253164556962|5.96253164556962|6.00253164556962|6.04253164556962|6.08253164556962|6.12253164556962|6.16253164556962|6.20253164556962|6.24253164556962|6.28253164556962|6.32253164556962|6.36253164556962|6.40253164556962|6.44253164556962|6.48253164556962|6.52253164556962|6.56253164556962|6.60253164556962|6.64253164556962|6.68253164556962|6.72253164556962|6.76253164556962|6.80253164556962|6.84253164556962|6.88253164556962|6.92253164556962|6.96253164556962|7.00253164556962|7.04253164556962,0,365,0
5,553367.4981955163,4890167.944265067,80,0,80,1,1,ClassVars.csv,0,0,0.68,0,0,0,0.01,0,0,0,0,5.00253164556962|5.04253164556962|5.08253164556962|5.12253164556962|5.16253164556962|5.20253164556962|5.24253164556962|5.28253164556962|5.32253164556962|5.36253164556962|5.40253164556962|5.44253164556962|5.48253164556962|5.52253164556962|5.56253164556962|5.60253164556962|5.64253164556962|5.68253164556962|5.72253164556962|5.76253164556962|5.80253164556962|5.84253164556962|5.88253164556962|5.92253164556962|5.96253164556962|6.00253164556962|6.04253164556962|6.08253164556962|6.12253164556962|6.16253164556962|6.20253164556962|6.24253164556962|6.28253164556962|6.32253164556962|6.36253164556962|6.40253164556962|6.44253164556962|6.48253164556962|6.52253164556962|6.56253164556962|6.60253164556962|6.64253164556962|6.68253164556962|6.72253164556962|6.76253164556962|6.80253164556962|6.84253164556962|6.88253164556962|6.92253164556962|6.96253164556962|7.00253164556962|7.04253164556962,0,365,0
6,552930.6478702041,4889420.302253526,80,0,80,1,1,ClassVars.csv,0,0,0.68,0,0,0,0.01,0,0,0,0,7.875|7.915|7.955|7.995|8.035|8.075|8.115|8.155|8.195|8.235|8.275|8.31499999999999|8.35499999999999|8.39499999999999|8.43499999999999|8.47499999999999|8.51499999999999|8.55499999999999|8.59499999999999|8.63499999999999|8.67499999999999|8.71499999999999|8.75499999999998|8.79499999999998|8.83499999999998|8.87499999999998|8.91499999999998|8.95499999999998|8.99499999999998|9.03499999999998|9.07499999999998|9.11499999999998|9.15499999999998|9.19499999999998|9.23499999999997|9.27499999999997|9.31499999999997|9.35499999999997|9.39499999999997|9.43499999999997|9.47499999999997|9.51499999999997|9.55499999999997|9.59499999999997|9.63499999999997|9.67499999999997|9.71499999999996|9.75499999999996|9.79499999999996|9.83499999999996|9.87499999999996|9.91499999999996,0,365,0
7,554126.4749125082,4892291.331475512,80,0,80,1,1,ClassVars.csv,0,0,0.68,0,0,0,0.01,0,0,0,0,5.65568181818182|5.69568181818182|5.73568181818182|5.77568181818182|5.81568181818182|5.85568181818182|5.89568181818182|5.93568181818182|5.97568181818182|6.01568181818182|6.05568181818182|6.09568181818182|6.13568181818182|6.17568181818182|6.21568181818182|6.25568181818182|6.29568181818182|6.33568181818182|6.37568181818182|6.41568181818182|6.45568181818182|6.49568181818182|6.53568181818182|6.57568181818182|6.61568181818182|6.65568181818182|6.69568181818182|6.73568181818182|6.77568181818182|6.81568181818182|6.85568181818182|6.89568181818182|6.93568181818182|6.97568181818182|7.01568181818182|7.05568181818182|7.09568181818182|7.13568181818182|7.17568181818182|7.21568181818182|7.25568181818182|7.29568181818182|7.33568181818182|7.37568181818182|7.41568181818182|7.45568181818182|7.49568181818182|7.53568181818182|7.57568181818182|7.61568181818182|7.65568181818182|7.69568181818182,0,365,0
8,553656.5169093725,4891516.232257501,80,0,80,1,1,ClassVars.csv,0,0,0.68,0,0,0,0.01,0,0,0,0,5.00253164556962|5.04253164556962|5.08253164556962|5.12253164556962|5.16253164556962|5.20253164556962|5.24253164556962|5.28253164556962|5.32253164556962|5.36253164556962|5.40253164556962|5.44253164556962|5.48253164556962|5.52253164556962|5.56253164556962|5.60253164556962|5.64253164556962|5.68253164556962|5.72253164556962|5.76253164556962|5.80253164556962|5.84253164556962|5.88253164556962|5.92253164556962|5.96253164556962|6.00253164556962|6.04253164556962|6.08253164556962|6.12253164556962|6.16253164556962|6.20253164556962|6.24253164556962|6.28253164556962|6.32253164556962|6.36253164556962|6.40253164556962|6.44253164556962|6.48253164556962|6.52253164556962|6.56253164556962|6.60253164556962|6.64253164556962|6.68253164556962|6.72253164556962|6.76253164556962|6.80253164556962|6.84253164556962|6.88253164556962|6.92253164556962|6.96253164556962|7.00253164556962|7.04253164556962,0,365,0
9,561148.9704836188,4899627.957731122,80,0,80,1,1,ClassVars.csv,0,0,0.68,0,0,0,0.01,0,0,0,0,11.6100862068966|11.6500862068966|11.6900862068966|11.7300862068965|11.7700862068965|11.8100862068965|11.8500862068965|11.8900862068965|11.9300862068965|11.9700862068965|12.0100862068965|12.0500862068965|12.0900862068965|12.1300862068965|12.1700862068965|12.2100862068965|12.2500862068965|12.2900862068965|12.3300862068965|12.3700862068965|12.4100862068965|12.4500862068965|12.4900862068965|12.5300862068965|12.5700862068965|12.6100862068965|12.6500862068965|12.6900862068965|12.7300862068965|12.7700862068965|12.8100862068965|12.8500862068965|12.8900862068965|12.9300862068965|12.9700862068965|13.0100862068965|13.0500862068965|13.0900862068965|13.1300862068965|13.1700862068965|13.2100862068965|13.2500862068965|13.2900862068965|13.3300862068965|13.3700862068965|13.4100862068965|13.4500862068965|13.4900862068965|13.5300862068965|13.5700862068965|13.6100862068965|13.6500862068965,0,365,0
10,560780.5416056802,4898898.828006453,80,0,80,1,1,ClassVars.csv,0,0,0.68,0,0,0,0.01,0,0,0,0,15.8|15.84|15.88|15.92|15.96|16|16.04|16.08|16.12|16.16|16.2|16.24|16.28|16.32|16.36|16.4|16.44|16.48|16.52|16.56|16.6|16.64|16.68|16.72|16.76|16.8|16.84|16.88|16.92|16.96|17|17.04|17.08|17.12|17.16|17.2|17.24|17.28|17.32|17.36|17.4|17.44|17.48|17.52|17.56|17.6|17.64|17.68|17.72|17.76|17.8|17.84,0,365,0
11,560229.1858198945,4898292.828348622,80,0,80,1,1,ClassVars.csv,0,0,0.68,0,0,0,0.01,0,0,0,0,15.8|15.84|15.88|15.92|15.96|16|16.04|16.08|16.12|16.16|16.2|16.24|16.28|16.32|16.36|16.4|16.44|16.48|16.52|16.56|16.6|16.64|16.68|16.72|16.76|16.8|16.84|16.88|16.92|16.96|17|17.04|17.08|17.12|17.16|17.2|17.24|17.28|17.32|17.36|17.4|17.44|17.48|17.52|17.56|17.6|17.64|17.68|17.72|17.76|17.8|17.84,0,365,0
12,559725.9236323171,4897608.2315453375,80,0,80,1,1,ClassVars.csv,0,0,0.68,0,0,0,0.01,0,0,0,0,15.8|15.84|15.88|15.92|15.96|16|16.04|16.08|16.12|16.16|16.2|16.24|16.28|16.32|16.36|16.4|16.44|16.48|16.52|16.56|16.6|16.64|16.68|16.72|16.76|16.8|16.84|16.88|16.92|16.96|17|17.04|17.08|17.12|17.16|17.2|17.24|17.28|17.32|17.36|17.4|17.44|17.48|17.52|17.56|17.6|17.64|17.68|17.72|17.76|17.8|17.84,0,365,0
13,559134.5151697645,4897013.614211861,80,0,80,1,1,ClassVars.csv,0,0,0.68,0,0,0,0.01,0,0,0,0,5.10909090909091|5.14909090909091|5.18909090909091|5.22909090909091|5.26909090909091|5.30909090909091|5.34909090909091|5.38909090909091|5.42909090909091|5.46909090909091|5.50909090909091|5.54909090909091|5.58909090909091|5.62909090909091|5.66909090909091|5.70909090909091|5.74909090909091|5.78909090909091|5.82909090909091|5.86909090909091|5.90909090909091|5.94909090909091|5.98909090909091|6.02909090909091|6.06909090909091|6.10909090909091|6.14909090909091|6.18909090909091|6.22909090909091|6.26909090909091|6.30909090909091|6.34909090909091|6.38909090909091|6.42909090909091|6.46909090909091|6.50909090909091|6.54909090909091|6.58909090909091|6.62909090909091|6.66909090909091|6.70909090909091|6.74909090909091|6.78909090909091|6.82909090909091|6.86909090909091|6.90909090909091|6.94909090909091|6.98909090909091|7.02909090909091|7.06909090909091|7.10909090909091|7.14909090909091,0,365,0
14,564785.082271073,4899531.078872403,80,0,80,1,1,ClassVars.csv,0,0,0.68,0,0,0,0.01,0,0,0,0,10.7028901734104|10.7428901734104|10.7828901734104|10.8228901734104|10.8628901734104|10.9028901734104|10.9428901734104|10.9828901734104|11.0228901734104|11.0628901734104|11.1028901734104|11.1428901734104|11.1828901734104|11.2228901734104|11.2628901734104|11.3028901734104|11.3428901734104|11.3828901734104|11.4228901734104|11.4628901734104|11.5028901734104|11.5428901734104|11.5828901734104|11.6228901734104|11.6628901734104|11.7028901734104|11.7428901734104|11.7828901734104|11.8228901734104|11.8628901734104|11.9028901734104|11.9428901734104|11.9828901734104|12.0228901734104|12.0628901734104|12.1028901734104|12.1428901734104|12.1828901734104|12.2228901734104|12.2628901734104|12.3028901734104|12.3428901734104|12.3828901734104|12.4228901734104|12.4628901734104|12.5028901734104|12.5428901734104|12.5828901734104|12.6228901734104|12.6628901734104|12.7028901734104|12.7428901734104,0,365,0
15,564129.9047488964,4898957.261652799,80,0,80,1,1,ClassVars.csv,0,0,0.68,0,0,0,0.01,0,0,0,0,11.2508670520231|11.2908670520231|11.3308670520231|11.3708670520231|11.4108670520231|11.4508670520231|11.4908670520231|11.5308670520231|11.5708670520231|11.6108670520231|11.6508670520231|11.6908670520231|11.7308670520231|11.7708670520231|11.8108670520231|11.8508670520231|11.8908670520231|11.9308670520231|11.9708670520231|12.0108670520231|12.0508670520231|12.0908670520231|12.1308670520231|12.1708670520231|12.2108670520231|12.2508670520231|12.2908670520231|12.3308670520231|12.3708670520231|12.4108670520231|12.4508670520231|12.4908670520231|12.5308670520231|12.5708670520231|12.6108670520231|12.6508670520231|12.6908670520231|12.7308670520231|12.7708670520231|12.8108670520231|12.8508670520231|12.8908670520231|12.9308670520231|12.9708670520231|13.0108670520231|13.0508670520231|13.0908670520231|13.1308670520231|13.1708670520231|13.2108670520231|13.2508670520231|13.2908670520231,0,365,0
16,563442.8981459695,4898397.609995738,80,0,80,1,1,ClassVars.csv,0,0,0.68,0,0,0,0.01,0,0,0,0,11.2508670520231|11.2908670520231|11.3308670520231|11.3708670520231|11.4108670520231|11.4508670520231|11.4908670520231|11.5308670520231|11.5708670520231|11.6108670520231|11.6508670520231|11.6908670520231|11.7308670520231|11.7708670520231|11.8108670520231|11.8508670520231|11.8908670520231|11.9308670520231|11.9708670520231|12.0108670520231|12.0508670520231|12.0908670520231|12.1308670520231|12.1708670520231|12.2108670520231|12.2508670520231|12.2908670520231|12.3308670520231|12.3708670520231|12.4108670520231|12.4508670520231|12.4908670520231|12.5308670520231|12.5708670520231|12.6108670520231|12.6508670520231|12.6908670520231|12.7308670520231|12.7708670520231|12.8108670520231|12.8508670520231|12.8908670520231|12.9308670520231|12.9708670520231|13.0108670520231|13.0508670520231|13.0908670520231|13.1308670520231|13.1708670520231|13.2108670520231|13.2508670520231|13.2908670520231,0,365,0
17,550926.9173321242,4893189.244972364,80,0,80,1,1,ClassVars.csv,0,0,0.68,0,0,0,0.01,0,0,0,0,5.65568181818182|5.69568181818182|5.73568181818182|5.77568181818182|5.81568181818182|5.85568181818182|5.89568181818182|5.93568181818182|5.97568181818182|6.01568181818182|6.05568181818182|6.09568181818182|6.13568181818182|6.17568181818182|6.21568181818182|6.25568181818182|6.29568181818182|6.33568181818182|6.37568181818182|6.41568181818182|6.45568181818182|6.49568181818182|6.53568181818182|6.57568181818182|6.61568181818182|6.65568181818182|6.69568181818182|6.73568181818182|6.77568181818182|6.81568181818182|6.85568181818182|6.89568181818182|6.93568181818182|6.97568181818182|7.01568181818182|7.05568181818182|7.09568181818182|7.13568181818182|7.17568181818182|7.21568181818182|7.25568181818182|7.29568181818182|7.33568181818182|7.37568181818182|7.41568181818182|7.45568181818182|7.49568181818182|7.53568181818182|7.57568181818182|7.61568181818182|7.65568181818182|7.69568181818182,0,365,0
18,551677.5851539315,4892626.027159065,80,0,80,1,1,ClassVars.csv,0,0,0.68,0,0,0,0.01,0,0,0,0,5.00253164556962|5.04253164556962|5.08253164556962|5.12253164556962|5.16253164556962|5.20253164556962|5.24253164556962|5.28253164556962|5.32253164556962|5.36253164556962|5.40253164556962|5.44253164556962|5.48253164556962|5.52253164556962|5.56253164556962|5.60253164556962|5.64253164556962|5.68253164556962|5.72253164556962|5.76253164556962|5.80253164556962|5.84253164556962|5.88253164556962|5.92253164556962|5.96253164556962|6.00253164556962|6.04253164556962|6.08253164556962|6.12253164556962|6.16253164556962|6.20253164556962|6.24253164556962|6.28253164556962|6.32253164556962|6.36253164556962|6.40253164556962|6.44253164556962|6.48253164556962|6.52253164556962|6.56253164556962|6.60253164556962|6.64253164556962|6.68253164556962|6.72253164556962|6.76253164556962|6.80253164556962|6.84253164556962|6.88253164556962|6.92253164556962|6.96253164556962|7.00253164556962|7.04253164556962,0,365,0
19,552084.4977092419,4891910.781574821,80,0,80,1,1,ClassVars.csv,0,0,0.68,0,0,0,0.01,0,0,0,0,5.00253164556962|5.04253164556962|5.08253164556962|5.12253164556962|5.16253164556962|5.20253164556962|5.24253164556962|5.28253164556962|5.32253164556962|5.36253164556962|5.40253164556962|5.44253164556962|5.48253164556962|5.52253164556962|5.56253164556962|5.60253164556962|5.64253164556962|5.68253164556962|5.72253164556962|5.76253164556962|5.80253164556962|5.84253164556962|5.88253164556962|5.92253164556962|5.96253164556962|6.00253164556962|6.04253164556962|6.08253164556962|6.12253164556962|6.16253164556962|6.20253164556962|6.24253164556962|6.28253164556962|6.32253164556962|6.36253164556962|6.40253164556962|6.44253164556962|6.48253164556962|6.52253164556962|6.56253164556962|6.60253164556962|6.64253164556962|6.68253164556962|6.72253164556962|6.76253164556962|6.80253164556962|6.84253164556962|6.88253164556962|6.92253164556962|6.96253164556962|7.00253164556962|7.04253164556962,0,365,0
20,552694.2910958411,4891120.871143194,80,0,80,1,1,ClassVars.csv,0,0,0.68,0,0,0,0.01,0,0,0,0,5.00253164556962|5.04253164556962|5.08253164556962|5.12253164556962|5.16253164556962|5.20253164556962|5.24253164556962|5.28253164556962|5.32253164556962|5.36253164556962|5.40253164556962|5.44253164556962|5.48253164556962|5.52253164556962|5.56253164556962|5.60253164556962|5.64253164556962|5.68253164556962|5.72253164556962|5.76253164556962|5.80253164556962|5.84253164556962|5.88253164556962|5.92253164556962|5.96253164556962|6.00253164556962|6.04253164556962|6.08253164556962|6.12253164556962|6.16253164556962|6.20253164556962|6.24253164556962|6.28253164556962|6.32253164556962|6.36253164556962|6.40253164556962|6.44253164556962|6.48253164556962|6.52253164556962|6.56253164556962|6.60253164556962|6.64253164556962|6.68253164556962|6.72253164556962|6.76253164556962|6.80253164556962|6.84253164556962|6.88253164556962|6.92253164556962|6.96253164556962|7.00253164556962|7.04253164556962,0,365,0
21,553136.3161801392,4890223.265587336,80,0,80,1,1,ClassVars.csv,0,0,0.68,0,0,0,0.01,0,0,0,0,5.00253164556962|5.04253164556962|5.08253164556962|5.12253164556962|5.16253164556962|5.20253164556962|5.24253164556962|5.28253164556962|5.32253164556962|5.36253164556962|5.40253164556962|5.44253164556962|5.48253164556962|5.52253164556962|5.56253164556962|5.60253164556962|5.64253164556962|5.68253164556962|5.72253164556962|5.76253164556962|5.80253164556962|5.84253164556962|5.88253164556962|5.92253164556962|5.96253164556962|6.00253164556962|6.04253164556962|6.08253164556962|6.12253164556962|6.16253164556962|6.20253164556962|6.24253164556962|6.28253164556962|6.32253164556962|6.36253164556962|6.40253164556962|6.44253164556962|6.48253164556962|6.52253164556962|6.56253164556962|6.60253164556962|6.64253164556962|6.68253164556962|6.72253164556962|6.76253164556962|6.80253164556962|6.84253164556962|6.88253164556962|6.92253164556962|6.96253164556962|7.00253164556962|7.04253164556962,0,365,0
22,554020.7335124147,4893990.585478699,80,0,80,1,1,ClassVars.csv,0,0,0.68,0,0,0,0.01,0,0,0,0,5.65568181818182|5.69568181818182|5.73568181818182|5.77568181818182|5.81568181818182|5.85568181818182|5.89568181818182|5.93568181818182|5.97568181818182|6.01568181818182|6.05568181818182|6.09568181818182|6.13568181818182|6.17568181818182|6.21568181818182|6.25568181818182|6.29568181818182|6.33568181818182|6.37568181818182|6.41568181818182|6.45568181818182|6.49568181818182|6.53568181818182|6.57568181818182|6.61568181818182|6.65568181818182|6.69568181818182|6.73568181818182|6.77568181818182|6.81568181818182|6.85568181818182|6.89568181818182|6.93568181818182|6.97568181818182|7.01568181818182|7.05568181818182|7.09568181818182|7.13568181818182|7.17568181818182|7.21568181818182|7.25568181818182|7.29568181818182|7.33568181818182|7.37568181818182|7.41568181818182|7.45568181818182|7.49568181818182|7.53568181818182|7.57568181818182|7.61568181818182|7.65568181818182|7.69568181818182,0,365,0
23,553156.9598887953,4895231.93576352,80,0,80,1,1,ClassVars.csv,0,0,0.68,0,0,0,0.01,0,0,0,0,5.65568181818182|5.69568181818182|5.73568181818182|5.77568181818182|5.81568181818182|5.85568181818182|5.89568181818182|5.93568181818182|5.97568181818182|6.01568181818182|6.05568181818182|6.09568181818182|6.13568181818182|6.17568181818182|6.21568181818182|6.25568181818182|6.29568181818182|6.33568181818182|6.37568181818182|6.41568181818182|6.45568181818182|6.49568181818182|6.53568181818182|6.57568181818182|6.61568181818182|6.65568181818182|6.69568181818182|6.73568181818182|6.77568181818182|6.81568181818182|6.85568181818182|6.89568181818182|6.93568181818182|6.97568181818182|7.01568181818182|7.05568181818182|7.09568181818182|7.13568181818182|7.17568181818182|7.21568181818182|7.25568181818182|7.29568181818182|7.33568181818182|7.37568181818182|7.41568181818182|7.45568181818182|7.49568181818182|7.53568181818182|7.57568181818182|7.61568181818182|7.65568181818182|7.69568181818182,0,365,0
24,561429.9839384711,4897081.0326795075,80,0,80,1,1,ClassVars.csv,0,0,0.68,0,0,0,0.01,0,0,0,0,15.8|15.84|15.88|15.92|15.96|16|16.04|16.08|16.12|16.16|16.2|16.24|16.28|16.32|16.36|16.4|16.44|16.48|16.52|16.56|16.6|16.64|16.68|16.72|16.76|16.8|16.84|16.88|16.92|16.96|17|17.04|17.08|17.12|17.16|17.2|17.24|17.28|17.32|17.36|17.4|17.44|17.48|17.52|17.56|17.6|17.64|17.68|17.72|17.76|17.8|17.84,0,365,0
25,561980.4740448695,4896910.899998641,80,0,80,1,1,ClassVars.csv,0,0,0.68,0,0,0,0.01,0,0,0,0,11.2508670520231|11.2908670520231|11.3308670520231|11.3708670520231|11.4108670520231|11.4508670520231|11.4908670520231|11.5308670520231|11.5708670520231|11.6108670520231|11.6508670520231|11.6908670520231|11.7308670520231|11.7708670520231|11.8108670520231|11.8508670520231|11.8908670520231|11.9308670520231|11.9708670520231|12.0108670520231|12.0508670520231|12.0908670520231|12.1308670520231|12.1708670520231|12.2108670520231|12.2508670520231|12.2908670520231|12.3308670520231|12.3708670520231|12.4108670520231|12.4508670520231|12.4908670520231|12.5308670520231|12.5708670520231|12.6108670520231|12.6508670520231|12.6908670520231|12.7308670520231|12.7708670520231|12.8108670520231|12.8508670520231|12.8908670520231|12.9308670520231|12.9708670520231|13.0108670520231|13.0508670520231|13.0908670520231|13.1308670520231|13.1708670520231|13.2108670520231|13.2508670520231|13.2908670520231,0,365,0
26,568116.9367420715,4898458.471928619,80,0,80,1,1,ClassVars.csv,0,0,0.68,0,0,0,0.01,0,0,0,0,8.84310344827586|8.88310344827586|8.92310344827586|8.96310344827586|9.00310344827586|9.04310344827586|9.08310344827586|9.12310344827586|9.16310344827586|9.20310344827585|9.24310344827585|9.28310344827585|9.32310344827585|9.36310344827585|9.40310344827585|9.44310344827585|9.48310344827585|9.52310344827585|9.56310344827585|9.60310344827585|9.64310344827584|9.68310344827584|9.72310344827584|9.76310344827584|9.80310344827584|9.84310344827584|9.88310344827584|9.92310344827584|9.96310344827584|10.0031034482758|10.0431034482758|10.0831034482758|10.1231034482758|10.1631034482758|10.2031034482758|10.2431034482758|10.2831034482758|10.3231034482758|10.3631034482758|10.4031034482758|10.4431034482758|10.4831034482758|10.5231034482758|10.5631034482758|10.6031034482758|10.6431034482758|10.6831034482758|10.7231034482758|10.7631034482758|10.8031034482758|10.8431034482758|10.8831034482758,0,365,0
27,557234.7823781174,4901148.798986421,80,0,80,1,1,ClassVars.csv,0,0,0.68,0,0,0,0.01,0,0,0,0,11.6100862068966|11.6500862068966|11.6900862068966|11.7300862068965|11.7700862068965|11.8100862068965|11.8500862068965|11.8900862068965|11.9300862068965|11.9700862068965|12.0100862068965|12.0500862068965|12.0900862068965|12.1300862068965|12.1700862068965|12.2100862068965|12.2500862068965|12.2900862068965|12.3300862068965|12.3700862068965|12.4100862068965|12.4500862068965|12.4900862068965|12.5300862068965|12.5700862068965|12.6100862068965|12.6500862068965|12.6900862068965|12.7300862068965|12.7700862068965|12.8100862068965|12.8500862068965|12.8900862068965|12.9300862068965|12.9700862068965|13.0100862068965|13.0500862068965|13.0900862068965|13.1300862068965|13.1700862068965|13.2100862068965|13.2500862068965|13.2900862068965|13.3300862068965|13.3700862068965|13.4100862068965|13.4500862068965|13.4900862068965|13.5300862068965|13.5700862068965|13.6100862068965|13.6500862068965,0,365,0
28,557794.2051204776,4900411.65185776,80,0,80,1,1,ClassVars.csv,0,0,0.68,0,0,0,0.01,0,0,0,0,15.8|15.84|15.88|15.92|15.96|16|16.04|16.08|16.12|16.16|16.2|16.24|16.28|16.32|16.36|16.4|16.44|16.48|16.52|16.56|16.6|16.64|16.68|16.72|16.76|16.8|16.84|16.88|16.92|16.96|17|17.04|17.08|17.12|17.16|17.2|17.24|17.28|17.32|17.36|17.4|17.44|17.48|17.52|17.56|17.6|17.64|17.68|17.72|17.76|17.8|17.84,0,365,0
29,557930.5197203927,4899470.135381841,80,0,80,1,1,ClassVars.csv,0,0,0.68,0,0,0,0.01,0,0,0,0,15.8|15.84|15.88|15.92|15.96|16|16.04|16.08|16.12|16.16|16.2|16.24|16.28|16.32|16.36|16.4|16.44|16.48|16.52|16.56|16.6|16.64|16.68|16.72|16.76|16.8|16.84|16.88|16.92|16.96|17|17.04|17.08|17.12|17.16|17.2|17.24|17.28|17.32|17.36|17.4|17.44|17.48|17.52|17.56|17.6|17.64|17.68|17.72|17.76|17.8|17.84,0,365,0
30,557912.6356223669,4898486.515588823,80,0,80,1,1,ClassVars.csv,0,0,0.68,0,0,0,0.01,0,0,0,0,5.10909090909091|5.14909090909091|5.18909090909091|5.22909090909091|5.26909090909091|5.30909090909091|5.34909090909091|5.38909090909091|5.42909090909091|5.46909090909091|5.50909090909091|5.54909090909091|5.58909090909091|5.62909090909091|5.66909090909091|5.70909090909091|5.74909090909091|5.78909090909091|5.82909090909091|5.86909090909091|5.90909090909091|5.94909090909091|5.98909090909091|6.02909090909091|6.06909090909091|6.10909090909091|6.14909090909091|6.18909090909091|6.22909090909091|6.26909090909091|6.30909090909091|6.34909090909091|6.38909090909091|6.42909090909091|6.46909090909091|6.50909090909091|6.54909090909091|6.58909090909091|6.62909090909091|6.66909090909091|6.70909090909091|6.74909090909091|6.78909090909091|6.82909090909091|6.86909090909091|6.90909090909091|6.94909090909091|6.98909090909091|7.02909090909091|7.06909090909091|7.10909090909091|7.14909090909091,0,365,0
31,557474.8883800087,4903290.386411769,80,0,80,1,1,ClassVars.csv,0,0,0.68,0,0,0,0.01,0,0,0,0,11.6100862068966|11.6500862068966|11.6900862068966|11.7300862068965|11.7700862068965|11.8100862068965|11.8500862068965|11.8900862068965|11.9300862068965|11.9700862068965|12.0100862068965|12.0500862068965|12.0900862068965|12.1300862068965|12.1700862068965|12.2100862068965|12.2500862068965|12.2900862068965|12.3300862068965|12.3700862068965|12.4100862068965|12.4500862068965|12.4900862068965|12.5300862068965|12.5700862068965|12.6100862068965|12.6500862068965|12.6900862068965|12.7300862068965|12.7700862068965|12.8100862068965|12.8500862068965|12.8900862068965|12.9300862068965|12.9700862068965|13.0100862068965|13.0500862068965|13.0900862068965|13.1300862068965|13.1700862068965|13.2100862068965|13.2500862068965|13.2900862068965|13.3300862068965|13.3700862068965|13.4100862068965|13.4500862068965|13.4900862068965|13.5300862068965|13.5700862068965|13.6100862068965|13.6500862068965,0,365,0
32,558042.2029458382,4903995.542055484,80,0,80,1,1,ClassVars.csv,0,0,0.68,0,0,0,0.01,0,0,0,0,11.6100862068966|11.6500862068966|11.6900862068966|11.7300862068965|11.7700862068965|11.8100862068965|11.8500862068965|11.8900862068965|11.9300862068965|11.9700862068965|12.0100862068965|12.0500862068965|12.0900862068965|12.1300862068965|12.1700862068965|12.2100862068965|12.2500862068965|12.2900862068965|12.3300862068965|12.3700862068965|12.4100862068965|12.4500862068965|12.4900862068965|12.5300862068965|12.5700862068965|12.6100862068965|12.6500862068965|12.6900862068965|12.7300862068965|12.7700862068965|12.8100862068965|12.8500862068965|12.8900862068965|12.9300862068965|12.9700862068965|13.0100862068965|13.0500862068965|13.0900862068965|13.1300862068965|13.1700862068965|13.2100862068965|13.2500862068965|13.2900862068965|13.3300862068965|13.3700862068965|13.4100862068965|13.4500862068965|13.4900862068965|13.5300862068965|13.5700862068965|13.6100862068965|13.6500862068965,0,365,0
33,561937.0350707846,4906013.417761456,80,0,80,1,1,ClassVars.csv,0,0,0.68,0,0,0,0.01,0,0,0,0,11.4886184210526|11.5286184210526|11.5686184210526|11.6086184210526|11.6486184210526|11.6886184210526|11.7286184210526|11.7686184210526|11.8086184210526|11.8486184210526|11.8886184210526|11.9286184210526|11.9686184210526|12.0086184210526|12.0486184210526|12.0886184210526|12.1286184210526|12.1686184210526|12.2086184210526|12.2486184210526|12.2886184210526|12.3286184210526|12.3686184210526|12.4086184210526|12.4486184210526|12.4886184210526|12.5286184210526|12.5686184210526|12.6086184210526|12.6486184210526|12.6886184210526|12.7286184210526|12.7686184210526|12.8086184210526|12.8486184210526|12.8886184210526|12.9286184210526|12.9686184210526|13.0086184210526|13.0486184210526|13.0886184210526|13.1286184210526|13.1686184210526|13.2086184210526|13.2486184210526|13.2886184210526|13.3286184210526|13.3686184210526|13.4086184210526|13.4486184210526|13.4886184210526|13.5286184210526,0,365,0
34,565498.4085252832,4907037.963963212,80,0,80,1,1,ClassVars.csv,0,0,0.68,0,0,0,0.01,0,0,0,0,10.7028901734104|10.7428901734104|10.7828901734104|10.8228901734104|10.8628901734104|10.9028901734104|10.9428901734104|10.9828901734104|11.0228901734104|11.0628901734104|11.1028901734104|11.1428901734104|11.1828901734104|11.2228901734104|11.2628901734104|11.3028901734104|11.3428901734104|11.3828901734104|11.4228901734104|11.4628901734104|11.5028901734104|11.5428901734104|11.5828901734104|11.6228901734104|11.6628901734104|11.7028901734104|11.7428901734104|11.7828901734104|11.8228901734104|11.8628901734104|11.9028901734104|11.9428901734104|11.9828901734104|12.0228901734104|12.0628901734104|12.1028901734104|12.1428901734104|12.1828901734104|12.2228901734104|12.2628901734104|12.3028901734104|12.3428901734104|12.3828901734104|12.4228901734104|12.4628901734104|12.5028901734104|12.5428901734104|12.5828901734104|12.6228901734104|12.6628901734104|12.7028901734104|12.7428901734104,0,365,0
35,566080.0977906636,4906296.033111541,80,0,80,1,1,ClassVars.csv,0,0,0.68,0,0,0,0.01,0,0,0,0,10.7028901734104|10.7428901734104|10.7828901734104|10.8228901734104|10.8628901734104|10.9028901734104|10.9428901734104|10.9828901734104|11.0228901734104|11.0628901734104|11.1028901734104|11.1428901734104|11.1828901734104|11.2228901734104|11.2628901734104|11.3028901734104|11.3428901734104|11.3828901734104|11.4228901734104|11.4628901734104|11.5028901734104|11.5428901734104|11.5828901734104|11.6228901734104|11.6628901734104|11.7028901734104|11.7428901734104|11.7828901734104|11.8228901734104|11.8628901734104|11.9028901734104|11.9428901734104|11.9828901734104|12.0228901734104|12.0628901734104|12.1028901734104|12.1428901734104|12.1828901734104|12.2228901734104|12.2628901734104|12.3028901734104|12.3428901734104|12.3828901734104|12.4228901734104|12.4628901734104|12.5028901734104|12.5428901734104|12.5828901734104|12.6228901734104|12.6628901734104|12.7028901734104|12.7428901734104,0,365,0
36,558735.0238578571,4896299.212579836,80,0,80,1,1,ClassVars.csv,0,0,0.68,0,0,0,0.01,0,0,0,0,5.10909090909091|5.14909090909091|5.18909090909091|5.22909090909091|5.26909090909091|5.30909090909091|5.34909090909091|5.38909090909091|5.42909090909091|5.46909090909091|5.50909090909091|5.54909090909091|5.58909090909091|5.62909090909091|5.66909090909091|5.70909090909091|5.74909090909091|5.78909090909091|5.82909090909091|5.86909090909091|5.90909090909091|5.94909090909091|5.98909090909091|6.02909090909091|6.06909090909091|6.10909090909091|6.14909090909091|6.18909090909091|6.22909090909091|6.26909090909091|6.30909090909091|6.34909090909091|6.38909090909091|6.42909090909091|6.46909090909091|6.50909090909091|6.54909090909091|6.58909090909091|6.62909090909091|6.66909090909091|6.70909090909091|6.74909090909091|6.78909090909091|6.82909090909091|6.86909090909091|6.90909090909091|6.94909090909091|6.98909090909091|7.02909090909091|7.06909090909091|7.10909090909091|7.14909090909091,0,365,0
37,558781.662289753,4895374.959728357,80,0,80,1,1,ClassVars.csv,0,0,0.68,0,0,0,0.01,0,0,0,0,4.85454545454545|4.89454545454545|4.93454545454545|4.97454545454545|5.01454545454545|5.05454545454545|5.09454545454545|5.13454545454545|5.17454545454545|5.21454545454545|5.25454545454545|5.29454545454545|5.33454545454545|5.37454545454545|5.41454545454545|5.45454545454546|5.49454545454546|5.53454545454546|5.57454545454546|5.61454545454546|5.65454545454546|5.69454545454546|5.73454545454546|5.77454545454546|5.81454545454546|5.85454545454546|5.89454545454546|5.93454545454546|5.97454545454546|6.01454545454546|6.05454545454546|6.09454545454546|6.13454545454546|6.17454545454546|6.21454545454546|6.25454545454546|6.29454545454546|6.33454545454546|6.37454545454546|6.41454545454546|6.45454545454546|6.49454545454546|6.53454545454546|6.57454545454546|6.61454545454546|6.65454545454546|6.69454545454546|6.73454545454546|6.77454545454546|6.81454545454546|6.85454545454546|6.89454545454546,0,365,0
38,559051.3280931921,4894450.700266115,80,0,80,1,1,ClassVars.csv,0,0,0.68,0,0,0,0.01,0,0,0,0,4.85454545454545|4.89454545454545|4.93454545454545|4.97454545454545|5.01454545454545|5.05454545454545|5.09454545454545|5.13454545454545|5.17454545454545|5.21454545454545|5.25454545454545|5.29454545454545|5.33454545454545|5.37454545454545|5.41454545454545|5.45454545454546|5.49454545454546|5.53454545454546|5.57454545454546|5.61454545454546|5.65454545454546|5.69454545454546|5.73454545454546|5.77454545454546|5.81454545454546|5.85454545454546|5.89454545454546|5.93454545454546|5.97454545454546|6.01454545454546|6.05454545454546|6.09454545454546|6.13454545454546|6.17454545454546|6.21454545454546|6.25454545454546|6.29454545454546|6.33454545454546|6.37454545454546|6.41454545454546|6.45454545454546|6.49454545454546|6.53454545454546|6.57454545454546|6.61454545454546|6.65454545454546|6.69454545454546|6.73454545454546|6.77454545454546|6.81454545454546|6.85454545454546|6.89454545454546,0,365,0
39,559104.2603749295,4893553.576540495,80,0,80,1,1,ClassVars.csv,0,0,0.68,0,0,0,0.01,0,0,0,0,4.85454545454545|4.89454545454545|4.93454545454545|4.97454545454545|5.01454545454545|5.05454545454545|5.09454545454545|5.13454545454545|5.17454545454545|5.21454545454545|5.25454545454545|5.29454545454545|5.33454545454545|5.37454545454545|5.41454545454545|5.45454545454546|5.49454545454546|5.53454545454546|5.57454545454546|5.61454545454546|5.65454545454546|5.69454545454546|5.73454545454546|5.77454545454546|5.81454545454546|5.85454545454546|5.89454545454546|5.93454545454546|5.97454545454546|6.01454545454546|6.05454545454546|6.09454545454546|6.13454545454546|6.17454545454546|6.21454545454546|6.25454545454546|6.29454545454546|6.33454545454546|6.37454545454546|6.41454545454546|6.45454545454546|6.49454545454546|6.53454545454546|6.57454545454546|6.61454545454546|6.65454545454546|6.69454545454546|6.73454545454546|6.77454545454546|6.81454545454546|6.85454545454546|6.89454545454546,0,365,0
40,558423.5202048713,4892818.733396914,80,0,80,1,1,ClassVars.csv,0,0,0.68,0,0,0,0.01,0,0,0,0,4.85454545454545|4.89454545454545|4.93454545454545|4.97454545454545|5.01454545454545|5.05454545454545|5.09454545454545|5.13454545454545|5.17454545454545|5.21454545454545|5.25454545454545|5.29454545454545|5.33454545454545|5.37454545454545|5.41454545454545|5.45454545454546|5.49454545454546|5.53454545454546|5.57454545454546|5.61454545454546|5.65454545454546|5.69454545454546|5.73454545454546|5.77454545454546|5.81454545454546|5.85454545454546|5.89454545454546|5.93454545454546|5.97454545454546|6.01454545454546|6.05454545454546|6.09454545454546|6.13454545454546|6.17454545454546|6.21454545454546|6.25454545454546|6.29454545454546|6.33454545454546|6.37454545454546|6.41454545454546|6.45454545454546|6.49454545454546|6.53454545454546|6.57454545454546|6.61454545454546|6.65454545454546|6.69454545454546|6.73454545454546|6.77454545454546|6.81454545454546|6.85454545454546|6.89454545454546,0,365,0
41,557681.9467702657,4892207.424911734,80,0,80,1,1,ClassVars.csv,0,0,0.68,0,0,0,0.01,0,0,0,0,5.65568181818182|5.69568181818182|5.73568181818182|5.77568181818182|5.81568181818182|5.85568181818182|5.89568181818182|5.93568181818182|5.97568181818182|6.01568181818182|6.05568181818182|6.09568181818182|6.13568181818182|6.17568181818182|6.21568181818182|6.25568181818182|6.29568181818182|6.33568181818182|6.37568181818182|6.41568181818182|6.45568181818182|6.49568181818182|6.53568181818182|6.57568181818182|6.61568181818182|6.65568181818182|6.69568181818182|6.73568181818182|6.77568181818182|6.81568181818182|6.85568181818182|6.89568181818182|6.93568181818182|6.97568181818182|7.01568181818182|7.05568181818182|7.09568181818182|7.13568181818182|7.17568181818182|7.21568181818182|7.25568181818182|7.29568181818182|7.33568181818182|7.37568181818182|7.41568181818182|7.45568181818182|7.49568181818182|7.53568181818182|7.57568181818182|7.61568181818182|7.65568181818182|7.69568181818182,0,365,0
42,556734.4919825464,4892428.905540448,80,0,80,1,1,ClassVars.csv,0,0,0.68,0,0,0,0.01,0,0,0,0,5.65568181818182|5.69568181818182|5.73568181818182|5.77568181818182|5.81568181818182|5.85568181818182|5.89568181818182|5.93568181818182|5.97568181818182|6.01568181818182|6.05568181818182|6.09568181818182|6.13568181818182|6.17568181818182|6.21568181818182|6.25568181818182|6.29568181818182|6.33568181818182|6.37568181818182|6.41568181818182|6.45568181818182|6.49568181818182|6.53568181818182|6.57568181818182|6.61568181818182|6.65568181818182|6.69568181818182|6.73568181818182|6.77568181818182|6.81568181818182|6.85568181818182|6.89568181818182|6.93568181818182|6.97568181818182|7.01568181818182|7.05568181818182|7.09568181818182|7.13568181818182|7.17568181818182|7.21568181818182|7.25568181818182|7.29568181818182|7.33568181818182|7.37568181818182|7.41568181818182|7.45568181818182|7.49568181818182|7.53568181818182|7.57568181818182|7.61568181818182|7.65568181818182|7.69568181818182,0,365,0
43,555916.2268094788,4892027.519290903,80,0,80,1,1,ClassVars.csv,0,0,0.68,0,0,0,0.01,0,0,0,0,5.65568181818182|5.69568181818182|5.73568181818182|5.77568181818182|5.81568181818182|5.85568181818182|5.89568181818182|5.93568181818182|5.97568181818182|6.01568181818182|6.05568181818182|6.09568181818182|6.13568181818182|6.17568181818182|6.21568181818182|6.25568181818182|6.29568181818182|6.33568181818182|6.37568181818182|6.41568181818182|6.45568181818182|6.49568181818182|6.53568181818182|6.57568181818182|6.61568181818182|6.65568181818182|6.69568181818182|6.73568181818182|6.77568181818182|6.81568181818182|6.85568181818182|6.89568181818182|6.93568181818182|6.97568181818182|7.01568181818182|7.05568181818182|7.09568181818182|7.13568181818182|7.17568181818182|7.21568181818182|7.25568181818182|7.29568181818182|7.33568181818182|7.37568181818182|7.41568181818182|7.45568181818182|7.49568181818182|7.53568181818182|7.57568181818182|7.61568181818182|7.65568181818182|7.69568181818182,0,365,0
44,555167.4195768557,4891360.678603725,80,0,80,1,1,ClassVars.csv,0,0,0.68,0,0,0,0.01,0,0,0,0,5.65568181818182|5.69568181818182|5.73568181818182|5.77568181818182|5.81568181818182|5.85568181818182|5.89568181818182|5.93568181818182|5.97568181818182|6.01568181818182|6.05568181818182|6.09568181818182|6.13568181818182|6.17568181818182|6.21568181818182|6.25568181818182|6.29568181818182|6.33568181818182|6.37568181818182|6.41568181818182|6.45568181818182|6.49568181818182|6.53568181818182|6.57568181818182|6.61568181818182|6.65568181818182|6.69568181818182|6.73568181818182|6.77568181818182|6.81568181818182|6.85568181818182|6.89568181818182|6.93568181818182|6.97568181818182|7.01568181818182|7.05568181818182|7.09568181818182|7.13568181818182|7.17568181818182|7.21568181818182|7.25568181818182|7.29568181818182|7.33568181818182|7.37568181818182|7.41568181818182|7.45568181818182|7.49568181818182|7.53568181818182|7.57568181818182|7.61568181818182|7.65568181818182|7.69568181818182,0,365,0
45,554296.4784318481,4891227.919776289,80,0,80,1,1,ClassVars.csv,0,0,0.68,0,0,0,0.01,0,0,0,0,5.65568181818182|5.69568181818182|5.73568181818182|5.77568181818182|5.81568181818182|5.85568181818182|5.89568181818182|5.93568181818182|5.97568181818182|6.01568181818182|6.05568181818182|6.09568181818182|6.13568181818182|6.17568181818182|6.21568181818182|6.25568181818182|6.29568181818182|6.33568181818182|6.37568181818182|6.41568181818182|6.45568181818182|6.49568181818182|6.53568181818182|6.57568181818182|6.61568181818182|6.65568181818182|6.69568181818182|6.73568181818182|6.77568181818182|6.81568181818182|6.85568181818182|6.89568181818182|6.93568181818182|6.97568181818182|7.01568181818182|7.05568181818182|7.09568181818182|7.13568181818182|7.17568181818182|7.21568181818182|7.25568181818182|7.29568181818182|7.33568181818182|7.37568181818182|7.41568181818182|7.45568181818182|7.49568181818182|7.53568181818182|7.57568181818182|7.61568181818182|7.65568181818182|7.69568181818182,0,365,0
46,565809.3896983522,4904670.835157822,80,0,80,1,1,ClassVars.csv,0,0,0.68,0,0,0,0.01,0,0,0,0,10.7028901734104|10.7428901734104|10.7828901734104|10.8228901734104|10.8628901734104|10.9028901734104|10.9428901734104|10.9828901734104|11.0228901734104|11.0628901734104|11.1028901734104|11.1428901734104|11.1828901734104|11.2228901734104|11.2628901734104|11.3028901734104|11.3428901734104|11.3828901734104|11.4228901734104|11.4628901734104|11.5028901734104|11.5428901734104|11.5828901734104|11.6228901734104|11.6628901734104|11.7028901734104|11.7428901734104|11.7828901734104|11.8228901734104|11.8628901734104|11.9028901734104|11.9428901734104|11.9828901734104|12.0228901734104|12.0628901734104|12.1028901734104|12.1428901734104|12.1828901734104|12.2228901734104|12.2628901734104|12.3028901734104|12.3428901734104|12.3828901734104|12.4228901734104|12.4628901734104|12.5028901734104|12.5428901734104|12.5828901734104|12.6228901734104|12.6628901734104|12.7028901734104|12.7428901734104,0,365,0
47,565151.7304789985,4904211.804245171,80,0,80,1,1,ClassVars.csv,0,0,0.68,0,0,0,0.01,0,0,0,0,10.7028901734104|10.7428901734104|10.7828901734104|10.8228901734104|10.8628901734104|10.9028901734104|10.9428901734104|10.9828901734104|11.0228901734104|11.0628901734104|11.1028901734104|11.1428901734104|11.1828901734104|11.2228901734104|11.2628901734104|11.3028901734104|11.3428901734104|11.3828901734104|11.4228901734104|11.4628901734104|11.5028901734104|11.5428901734104|11.5828901734104|11.6228901734104|11.6628901734104|11.7028901734104|11.7428901734104|11.7828901734104|11.8228901734104|11.8628901734104|11.9028901734104|11.9428901734104|11.9828901734104|12.0228901734104|12.0628901734104|12.1028901734104|12.1428901734104|12.1828901734104|12.2228901734104|12.2628901734104|12.3028901734104|12.3428901734104|12.3828901734104|12.4228901734104|12.4628901734104|12.5028901734104|12.5428901734104|12.5828901734104|12.6228901734104|12.6628901734104|12.7028901734104|12.7428901734104,0,365,0
48,564702.9172677976,4903467.359004173,80,0,80,1,1,ClassVars.csv,0,0,0.68,0,0,0,0.01,0,0,0,0,10.7028901734104|10.7428901734104|10.7828901734104|10.8228901734104|10.8628901734104|10.9028901734104|10.9428901734104|10.9828901734104|11.0228901734104|11.0628901734104|11.1028901734104|11.1428901734104|11.1828901734104|11.2228901734104|11.2628901734104|11.3028901734104|11.3428901734104|11.3828901734104|11.4228901734104|11.4628901734104|11.5028901734104|11.5428901734104|11.5828901734104|11.6228901734104|11.6628901734104|11.7028901734104|11.7428901734104|11.7828901734104|11.8228901734104|11.8628901734104|11.9028901734104|11.9428901734104|11.9828901734104|12.0228901734104|12.0628901734104|12.1028901734104|12.1428901734104|12.1828901734104|12.2228901734104|12.2628901734104|12.3028901734104|12.3428901734104|12.3828901734104|12.4228901734104|12.4628901734104|12.5028901734104|12.5428901734104|12.5828901734104|12.6228901734104|12.6628901734104|12.7028901734104|12.7428901734104,0,365,0
49,564458.9434206884,4902628.241022556,80,0,80,1,1,ClassVars.csv,0,0,0.68,0,0,0,0.01,0,0,0,0,10.7028901734104|10.7428901734104|10.7828901734104|10.8228901734104|10.8628901734104|10.9028901734104|10.9428901734104|10.9828901734104|11.0228901734104|11.0628901734104|11.1028901734104|11.1428901734104|11.1828901734104|11.2228901734104|11.2628901734104|11.3028901734104|11.3428901734104|11.3828901734104|11.4228901734104|11.4628901734104|11.5028901734104|11.5428901734104|11.5828901734104|11.6228901734104|11.6628901734104|11.7028901734104|11.7428901734104|11.7828901734104|11.8228901734104|11.8628901734104|11.9028901734104|11.9428901734104|11.9828901734104|12.0228901734104|12.0628901734104|12.1028901734104|12.1428901734104|12.1828901734104|12.2228901734104|12.2628901734104|12.3028901734104|12.3428901734104|12.3828901734104|12.4228901734104|12.4628901734104|12.5028901734104|12.5428901734104|12.5828901734104|12.6228901734104|12.6628901734104|12.7028901734104|12.7428901734104,0,365,0
50,563790.0759318614,4901934.52334185,80,0,80,1,1,ClassVars.csv,0,0,0.68,0,0,0,0.01,0,0,0,0,10.7028901734104|10.7428901734104|10.7828901734104|10.8228901734104|10.8628901734104|10.9028901734104|10.9428901734104|10.9828901734104|11.0228901734104|11.0628901734104|11.1028901734104|11.1428901734104|11.1828901734104|11.2228901734104|11.2628901734104|11.3028901734104|11.3428901734104|11.3828901734104|11.4228901734104|11.4628901734104|11.5028901734104|11.5428901734104|11.5828901734104|11.6228901734104|11.6628901734104|11.7028901734104|11.7428901734104|11.7828901734104|11.8228901734104|11.8628901734104|11.9028901734104|11.9428901734104|11.9828901734104|12.0228901734104|12.0628901734104|12.1028901734104|12.1428901734104|12.1828901734104|12.2228901734104|12.2628901734104|12.3028901734104|12.3428901734104|12.3828901734104|12.4228901734104|12.4628901734104|12.5028901734104|12.5428901734104|12.5828901734104|12.6228901734104|12.6628901734104|12.7028901734104|12.7428901734104,0,365,0
51,563042.8417509531,4901328.500467743,80,0,80,1,1,ClassVars.csv,0,0,0.68,0,0,0,0.01,0,0,0,0,11.4886184210526|11.5286184210526|11.5686184210526|11.6086184210526|11.6486184210526|11.6886184210526|11.7286184210526|11.7686184210526|11.8086184210526|11.8486184210526|11.8886184210526|11.9286184210526|11.9686184210526|12.0086184210526|12.0486184210526|12.0886184210526|12.1286184210526|12.1686184210526|12.2086184210526|12.2486184210526|12.2886184210526|12.3286184210526|12.3686184210526|12.4086184210526|12.4486184210526|12.4886184210526|12.5286184210526|12.5686184210526|12.6086184210526|12.6486184210526|12.6886184210526|12.7286184210526|12.7686184210526|12.8086184210526|12.8486184210526|12.8886184210526|12.9286184210526|12.9686184210526|13.0086184210526|13.0486184210526|13.0886184210526|13.1286184210526|13.1686184210526|13.2086184210526|13.2486184210526|13.2886184210526|13.3286184210526|13.3686184210526|13.4086184210526|13.4486184210526|13.4886184210526|13.5286184210526,0,365,0
52,562293.070874624,4900740.530225175,80,0,80,1,1,ClassVars.csv,0,0,0.68,0,0,0,0.01,0,0,0,0,11.4886184210526|11.5286184210526|11.5686184210526|11.6086184210526|11.6486184210526|11.6886184210526|11.7286184210526|11.7686184210526|11.8086184210526|11.8486184210526|11.8886184210526|11.9286184210526|11.9686184210526|12.0086184210526|12.0486184210526|12.0886184210526|12.1286184210526|12.1686184210526|12.2086184210526|12.2486184210526|12.2886184210526|12.3286184210526|12.3686184210526|12.4086184210526|12.4486184210526|12.4886184210526|12.5286184210526|12.5686184210526|12.6086184210526|12.6486184210526|12.6886184210526|12.7286184210526|12.7686184210526|12.8086184210526|12.8486184210526|12.8886184210526|12.9286184210526|12.9686184210526|13.0086184210526|13.0486184210526|13.0886184210526|13.1286184210526|13.1686184210526|13.2086184210526|13.2486184210526|13.2886184210526|13.3286184210526|13.3686184210526|13.4086184210526|13.4486184210526|13.4886184210526|13.5286184210526,0,365,0
53,561645.1598088337,4900348.31361823,80,0,80,1,1,ClassVars.csv,0,0,0.68,0,0,0,0.01,0,0,0,0,11.4886184210526|11.5286184210526|11.5686184210526|11.6086184210526|11.6486184210526|11.6886184210526|11.7286184210526|11.7686184210526|11.8086184210526|11.8486184210526|11.8886184210526|11.9286184210526|11.9686184210526|12.0086184210526|12.0486184210526|12.0886184210526|12.1286184210526|12.1686184210526|12.2086184210526|12.2486184210526|12.2886184210526|12.3286184210526|12.3686184210526|12.4086184210526|12.4486184210526|12.4886184210526|12.5286184210526|12.5686184210526|12.6086184210526|12.6486184210526|12.6886184210526|12.7286184210526|12.7686184210526|12.8086184210526|12.8486184210526|12.8886184210526|12.9286184210526|12.9686184210526|13.0086184210526|13.0486184210526|13.0886184210526|13.1286184210526|13.1686184210526|13.2086184210526|13.2486184210526|13.2886184210526|13.3286184210526|13.3686184210526|13.4086184210526|13.4486184210526|13.4886184210526|13.5286184210526,0,365,0
54,558684.4145903791,4905224.522366599,80,0,80,1,1,ClassVars.csv,0,0,0.68,0,0,0,0.01,0,0,0,0,11.6100862068966|11.6500862068966|11.6900862068966|11.7300862068965|11.7700862068965|11.8100862068965|11.8500862068965|11.8900862068965|11.9300862068965|11.9700862068965|12.0100862068965|12.0500862068965|12.0900862068965|12.1300862068965|12.1700862068965|12.2100862068965|12.2500862068965|12.2900862068965|12.3300862068965|12.3700862068965|12.4100862068965|12.4500862068965|12.4900862068965|12.5300862068965|12.5700862068965|12.6100862068965|12.6500862068965|12.6900862068965|12.7300862068965|12.7700862068965|12.8100862068965|12.8500862068965|12.8900862068965|12.9300862068965|12.9700862068965|13.0100862068965|13.0500862068965|13.0900862068965|13.1300862068965|13.1700862068965|13.2100862068965|13.2500862068965|13.2900862068965|13.3300862068965|13.3700862068965|13.4100862068965|13.4500862068965|13.4900862068965|13.5300862068965|13.5700862068965|13.6100862068965|13.6500862068965,0,365,0
55,558637.0593113187,4904426.96486112,80,0,80,1,1,ClassVars.csv,0,0,0.68,0,0,0,0.01,0,0,0,0,11.6100862068966|11.6500862068966|11.6900862068966|11.7300862068965|11.7700862068965|11.8100862068965|11.8500862068965|11.8900862068965|11.9300862068965|11.9700862068965|12.0100862068965|12.0500862068965|12.0900862068965|12.1300862068965|12.1700862068965|12.2100862068965|12.2500862068965|12.2900862068965|12.3300862068965|12.3700862068965|12.4100862068965|12.4500862068965|12.4900862068965|12.5300862068965|12.5700862068965|12.6100862068965|12.6500862068965|12.6900862068965|12.7300862068965|12.7700862068965|12.8100862068965|12.8500862068965|12.8900862068965|12.9300862068965|12.9700862068965|13.0100862068965|13.0500862068965|13.0900862068965|13.1300862068965|13.1700862068965|13.2100862068965|13.2500862068965|13.2900862068965|13.3300862068965|13.3700862068965|13.4100862068965|13.4500862068965|13.4900862068965|13.5300862068965|13.5700862068965|13.6100862068965|13.6500862068965,0,365,0
56,558666.5862909184,4903659.091282623,80,0,80,1,1,ClassVars.csv,0,0,0.68,0,0,0,0.01,0,0,0,0,11.6100862068966|11.6500862068966|11.6900862068966|11.7300862068965|11.7700862068965|11.8100862068965|11.8500862068965|11.8900862068965|11.9300862068965|11.9700862068965|12.0100862068965|12.0500862068965|12.0900862068965|12.1300862068965|12.1700862068965|12.2100862068965|12.2500862068965|12.2900862068965|12.3300862068965|12.3700862068965|12.4100862068965|12.4500862068965|12.4900862068965|12.5300862068965|12.5700862068965|12.6100862068965|12.6500862068965|12.6900862068965|12.7300862068965|12.7700862068965|12.8100862068965|12.8500862068965|12.8900862068965|12.9300862068965|12.9700862068965|13.0100862068965|13.0500862068965|13.0900862068965|13.1300862068965|13.1700862068965|13.2100862068965|13.2500862068965|13.2900862068965|13.3300862068965|13.3700862068965|13.4100862068965|13.4500862068965|13.4900862068965|13.5300862068965|13.5700862068965|13.6100862068965|13.6500862068965,0,365,0
57,559162.515739549,4902909.25584453,80,0,80,1,1,ClassVars.csv,0,0,0.68,0,0,0,0.01,0,0,0,0,11.6100862068966|11.6500862068966|11.6900862068966|11.7300862068965|11.7700862068965|11.8100862068965|11.8500862068965|11.8900862068965|11.9300862068965|11.9700862068965|12.0100862068965|12.0500862068965|12.0900862068965|12.1300862068965|12.1700862068965|12.2100862068965|12.2500862068965|12.2900862068965|12.3300862068965|12.3700862068965|12.4100862068965|12.4500862068965|12.4900862068965|12.5300862068965|12.5700862068965|12.6100862068965|12.6500862068965|12.6900862068965|12.7300862068965|12.7700862068965|12.8100862068965|12.8500862068965|12.8900862068965|12.9300862068965|12.9700862068965|13.0100862068965|13.0500862068965|13.0900862068965|13.1300862068965|13.1700862068965|13.2100862068965|13.2500862068965|13.2900862068965|13.3300862068965|13.3700862068965|13.4100862068965|13.4500862068965|13.4900862068965|13.5300862068965|13.5700862068965|13.6100862068965|13.6500862068965,0,365,0
58,559914.2426508877,4902597.340467917,80,0,80,1,1,ClassVars.csv,0,0,0.68,0,0,0,0.01,0,0,0,0,11.6100862068966|11.6500862068966|11.6900862068966|11.7300862068965|11.7700862068965|11.8100862068965|11.8500862068965|11.8900862068965|11.9300862068965|11.9700862068965|12.0100862068965|12.0500862068965|12.0900862068965|12.1300862068965|12.1700862068965|12.2100862068965|12.2500862068965|12.2900862068965|12.3300862068965|12.3700862068965|12.4100862068965|12.4500862068965|12.4900862068965|12.5300862068965|12.5700862068965|12.6100862068965|12.6500862068965|12.6900862068965|12.7300862068965|12.7700862068965|12.8100862068965|12.8500862068965|12.8900862068965|12.9300862068965|12.9700862068965|13.0100862068965|13.0500862068965|13.0900862068965|13.1300862068965|13.1700862068965|13.2100862068965|13.2500862068965|13.2900862068965|13.3300862068965|13.3700862068965|13.4100862068965|13.4500862068965|13.4900862068965|13.5300862068965|13.5700862068965|13.6100862068965|13.6500862068965,0,365,0
59,560543.2315689125,4902000.796842984,80,0,80,1,1,ClassVars.csv,0,0,0.68,0,0,0,0.01,0,0,0,0,11.6100862068966|11.6500862068966|11.6900862068966|11.7300862068965|11.7700862068965|11.8100862068965|11.8500862068965|11.8900862068965|11.9300862068965|11.9700862068965|12.0100862068965|12.0500862068965|12.0900862068965|12.1300862068965|12.1700862068965|12.2100862068965|12.2500862068965|12.2900862068965|12.3300862068965|12.3700862068965|12.4100862068965|12.4500862068965|12.4900862068965|12.5300862068965|12.5700862068965|12.6100862068965|12.6500862068965|12.6900862068965|12.7300862068965|12.7700862068965|12.8100862068965|12.8500862068965|12.8900862068965|12.9300862068965|12.9700862068965|13.0100862068965|13.0500862068965|13.0900862068965|13.1300862068965|13.1700862068965|13.2100862068965|13.2500862068965|13.2900862068965|13.3300862068965|13.3700862068965|13.4100862068965|13.4500862068965|13.4900862068965|13.5300862068965|13.5700862068965|13.6100862068965|13.6500862068965,0,365,0
60,561015.0517142453,4901279.545273875,80,0,80,1,1,ClassVars.csv,0,0,0.68,0,0,0,0.01,0,0,0,0,11.6100862068966|11.6500862068966|11.6900862068966|11.7300862068965|11.7700862068965|11.8100862068965|11.8500862068965|11.8900862068965|11.9300862068965|11.9700862068965|12.0100862068965|12.0500862068965|12.0900862068965|12.1300862068965|12.1700862068965|12.2100862068965|12.2500862068965|12.2900862068965|12.3300862068965|12.3700862068965|12.4100862068965|12.4500862068965|12.4900862068965|12.5300862068965|12.5700862068965|12.6100862068965|12.6500862068965|12.6900862068965|12.7300862068965|12.7700862068965|12.8100862068965|12.8500862068965|12.8900862068965|12.9300862068965|12.9700862068965|13.0100862068965|13.0500862068965|13.0900862068965|13.1300862068965|13.1700862068965|13.2100862068965|13.2500862068965|13.2900862068965|13.3300862068965|13.3700862068965|13.4100862068965|13.4500862068965|13.4900862068965|13.5300862068965|13.5700862068965|13.6100862068965|13.6500862068965,0,365,0
61,561032.1696763481,4900389.081851316,80,0,80,1,1,ClassVars.csv,0,0,0.68,0,0,0,0.01,0,0,0,0,11.6100862068966|11.6500862068966|11.6900862068966|11.7300862068965|11.7700862068965|11.8100862068965|11.8500862068965|11.8900862068965|11.9300862068965|11.9700862068965|12.0100862068965|12.0500862068965|12.0900862068965|12.1300862068965|12.1700862068965|12.2100862068965|12.2500862068965|12.2900862068965|12.3300862068965|12.3700862068965|12.4100862068965|12.4500862068965|12.4900862068965|12.5300862068965|12.5700862068965|12.6100862068965|12.6500862068965|12.6900862068965|12.7300862068965|12.7700862068965|12.8100862068965|12.8500862068965|12.8900862068965|12.9300862068965|12.9700862068965|13.0100862068965|13.0500862068965|13.0900862068965|13.1300862068965|13.1700862068965|13.2100862068965|13.2500862068965|13.2900862068965|13.3300862068965|13.3700862068965|13.4100862068965|13.4500862068965|13.4900862068965|13.5300862068965|13.5700862068965|13.6100862068965|13.6500862068965,0,365,0
62,569295.6018920061,4897823.993267342,80,0,80,1,1,ClassVars.csv,0,0,0.68,0,0,0,0.01,0,0,0,0,9.8|9.84|9.88|9.92|9.96|10|10.04|10.08|10.12|10.16|10.2|10.24|10.28|10.32|10.36|10.4|10.44|10.48|10.52|10.56|10.6|10.64|10.68|10.72|10.76|10.8|10.84|10.88|10.92|10.96|11|11.04|11.08|11.12|11.16|11.2|11.24|11.28|11.32|11.36|11.4|11.44|11.48|11.52|11.56|11.6|11.64|11.68|11.72|11.76|11.8|11.84,0,365,0
63,568434.8582452278,4897948.030253926,80,0,80,1,1,ClassVars.csv,0,0,0.68,0,0,0,0.01,0,0,0,0,8.84310344827586|8.88310344827586|8.92310344827586|8.96310344827586|9.00310344827586|9.04310344827586|9.08310344827586|9.12310344827586|9.16310344827586|9.20310344827585|9.24310344827585|9.28310344827585|9.32310344827585|9.36310344827585|9.40310344827585|9.44310344827585|9.48310344827585|9.52310344827585|9.56310344827585|9.60310344827585|9.64310344827584|9.68310344827584|9.72310344827584|9.76310344827584|9.80310344827584|9.84310344827584|9.88310344827584|9.92310344827584|9.96310344827584|10.0031034482758|10.0431034482758|10.0831034482758|10.1231034482758|10.1631034482758|10.2031034482758|10.2431034482758|10.2831034482758|10.3231034482758|10.3631034482758|10.4031034482758|10.4431034482758|10.4831034482758|10.5231034482758|10.5631034482758|10.6031034482758|10.6431034482758|10.6831034482758|10.7231034482758|10.7631034482758|10.8031034482758|10.8431034482758|10.8831034482758,0,365,0
64,567591.9069407261,4898185.357070829,80,0,80,1,1,ClassVars.csv,0,0,0.68,0,0,0,0.01,0,0,0,0,8.84310344827586|8.88310344827586|8.92310344827586|8.96310344827586|9.00310344827586|9.04310344827586|9.08310344827586|9.12310344827586|9.16310344827586|9.20310344827585|9.24310344827585|9.28310344827585|9.32310344827585|9.36310344827585|9.40310344827585|9.44310344827585|9.48310344827585|9.52310344827585|9.56310344827585|9.60310344827585|9.64310344827584|9.68310344827584|9.72310344827584|9.76310344827584|9.80310344827584|9.84310344827584|9.88310344827584|9.92310344827584|9.96310344827584|10.0031034482758|10.0431034482758|10.0831034482758|10.1231034482758|10.1631034482758|10.2031034482758|10.2431034482758|10.2831034482758|10.3231034482758|10.3631034482758|10.4031034482758|10.4431034482758|10.4831034482758|10.5231034482758|10.5631034482758|10.6031034482758|10.6431034482758|10.6831034482758|10.7231034482758|10.7631034482758|10.8031034482758|10.8431034482758|10.8831034482758,0,365,0
65,566811.1036866779,4897738.255554721,80,0,80,1,1,ClassVars.csv,0,0,0.68,0,0,0,0.01,0,0,0,0,8.84310344827586|8.88310344827586|8.92310344827586|8.96310344827586|9.00310344827586|9.04310344827586|9.08310344827586|9.12310344827586|9.16310344827586|9.20310344827585|9.24310344827585|9.28310344827585|9.32310344827585|9.36310344827585|9.40310344827585|9.44310344827585|9.48310344827585|9.52310344827585|9.56310344827585|9.60310344827585|9.64310344827584|9.68310344827584|9.72310344827584|9.76310344827584|9.80310344827584|9.84310344827584|9.88310344827584|9.92310344827584|9.96310344827584|10.0031034482758|10.0431034482758|10.0831034482758|10.1231034482758|10.1631034482758|10.2031034482758|10.2431034482758|10.2831034482758|10.3231034482758|10.3631034482758|10.4031034482758|10.4431034482758|10.4831034482758|10.5231034482758|10.5631034482758|10.6031034482758|10.6431034482758|10.6831034482758|10.7231034482758|10.7631034482758|10.8031034482758|10.8431034482758|10.8831034482758,0,365,0
66,566076.5957905357,4897593.90641212,80,0,80,1,1,ClassVars.csv,0,0,0.68,0,0,0,0.01,0,0,0,0,8.84310344827586|8.88310344827586|8.92310344827586|8.96310344827586|9.00310344827586|9.04310344827586|9.08310344827586|9.12310344827586|9.16310344827586|9.20310344827585|9.24310344827585|9.28310344827585|9.32310344827585|9.36310344827585|9.40310344827585|9.44310344827585|9.48310344827585|9.52310344827585|9.56310344827585|9.60310344827585|9.64310344827584|9.68310344827584|9.72310344827584|9.76310344827584|9.80310344827584|9.84310344827584|9.88310344827584|9.92310344827584|9.96310344827584|10.0031034482758|10.0431034482758|10.0831034482758|10.1231034482758|10.1631034482758|10.2031034482758|10.2431034482758|10.2831034482758|10.3231034482758|10.3631034482758|10.4031034482758|10.4431034482758|10.4831034482758|10.5231034482758|10.5631034482758|10.6031034482758|10.6431034482758|10.6831034482758|10.7231034482758|10.7631034482758|10.8031034482758|10.8431034482758|10.8831034482758,0,365,0
67,565238.9228783777,4897863.312841028,80,0,80,1,1,ClassVars.csv,0,0,0.68,0,0,0,0.01,0,0,0,0,8.84310344827586|8.88310344827586|8.92310344827586|8.96310344827586|9.00310344827586|9.04310344827586|9.08310344827586|9.12310344827586|9.16310344827586|9.20310344827585|9.24310344827585|9.28310344827585|9.32310344827585|9.36310344827585|9.40310344827585|9.44310344827585|9.48310344827585|9.52310344827585|9.56310344827585|9.60310344827585|9.64310344827584|9.68310344827584|9.72310344827584|9.76310344827584|9.80310344827584|9.84310344827584|9.88310344827584|9.92310344827584|9.96310344827584|10.0031034482758|10.0431034482758|10.0831034482758|10.1231034482758|10.1631034482758|10.2031034482758|10.2431034482758|10.2831034482758|10.3231034482758|10.3631034482758|10.4031034482758|10.4431034482758|10.4831034482758|10.5231034482758|10.5631034482758|10.6031034482758|10.6431034482758|10.6831034482758|10.7231034482758|10.7631034482758|10.8031034482758|10.8431034482758|10.8831034482758,0,365,0
68,564392.731931978,4898054.342467397,80,0,80,1,1,ClassVars.csv,0,0,0.68,0,0,0,0.01,0,0,0,0,11.2508670520231|11.2908670520231|11.3308670520231|11.3708670520231|11.4108670520231|11.4508670520231|11.4908670520231|11.5308670520231|11.5708670520231|11.6108670520231|11.6508670520231|11.6908670520231|11.7308670520231|11.7708670520231|11.8108670520231|11.8508670520231|11.8908670520231|11.9308670520231|11.9708670520231|12.0108670520231|12.0508670520231|12.0908670520231|12.1308670520231|12.1708670520231|12.2108670520231|12.2508670520231|12.2908670520231|12.3308670520231|12.3708670520231|12.4108670520231|12.4508670520231|12.4908670520231|12.5308670520231|12.5708670520231|12.6108670520231|12.6508670520231|12.6908670520231|12.7308670520231|12.7708670520231|12.8108670520231|12.8508670520231|12.8908670520231|12.9308670520231|12.9708670520231|13.0108670520231|13.0508670520231|13.0908670520231|13.1308670520231|13.1708670520231|13.2108670520231|13.2508670520231|13.2908670520231,0,365,0
69,563567.1533562278,4898061.022741571,80,0,80,1,1,ClassVars.csv,0,0,0.68,0,0,0,0.01,0,0,0,0,11.2508670520231|11.2908670520231|11.3308670520231|11.3708670520231|11.4108670520231|11.4508670520231|11.4908670520231|11.5308670520231|11.5708670520231|11.6108670520231|11.6508670520231|11.6908670520231|11.7308670520231|11.7708670520231|11.8108670520231|11.8508670520231|11.8908670520231|11.9308670520231|11.9708670520231|12.0108670520231|12.0508670520231|12.0908670520231|12.1308670520231|12.1708670520231|12.2108670520231|12.2508670520231|12.2908670520231|12.3308670520231|12.3708670520231|12.4108670520231|12.4508670520231|12.4908670520231|12.5308670520231|12.5708670520231|12.6108670520231|12.6508670520231|12.6908670520231|12.7308670520231|12.7708670520231|12.8108670520231|12.8508670520231|12.8908670520231|12.9308670520231|12.9708670520231|13.0108670520231|13.0508670520231|13.0908670520231|13.1308670520231|13.1708670520231|13.2108670520231|13.2508670520231|13.2908670520231,0,365,0
70,562732.987463398,4897947.149799815,80,0,80,1,1,ClassVars.csv,0,0,0.68,0,0,0,0.01,0,0,0,0,11.2508670520231|11.2908670520231|11.3308670520231|11.3708670520231|11.4108670520231|11.4508670520231|11.4908670520231|11.5308670520231|11.5708670520231|11.6108670520231|11.6508670520231|11.6908670520231|11.7308670520231|11.7708670520231|11.8108670520231|11.8508670520231|11.8908670520231|11.9308670520231|11.9708670520231|12.0108670520231|12.0508670520231|12.0908670520231|12.1308670520231|12.1708670520231|12.2108670520231|12.2508670520231|12.2908670520231|12.3308670520231|12.3708670520231|12.4108670520231|12.4508670520231|12.4908670520231|12.5308670520231|12.5708670520231|12.6108670520231|12.6508670520231|12.6908670520231|12.7308670520231|12.7708670520231|12.8108670520231|12.8508670520231|12.8908670520231|12.9308670520231|12.9708670520231|13.0108670520231|13.0508670520231|13.0908670520231|13.1308670520231|13.1708670520231|13.2108670520231|13.2508670520231|13.2908670520231,0,365,0
71,562000.6275275887,4897551.266931972,80,0,80,1,1,ClassVars.csv,0,0,0.68,0,0,0,0.01,0,0,0,0,11.2508670520231|11.2908670520231|11.3308670520231|11.3708670520231|11.4108670520231|11.4508670520231|11.4908670520231|11.5308670520231|11.5708670520231|11.6108670520231|11.6508670520231|11.6908670520231|11.7308670520231|11.7708670520231|11.8108670520231|11.8508670520231|11.8908670520231|11.9308670520231|11.9708670520231|12.0108670520231|12.0508670520231|12.0908670520231|12.1308670520231|12.1708670520231|12.2108670520231|12.2508670520231|12.2908670520231|12.3308670520231|12.3708670520231|12.4108670520231|12.4508670520231|12.4908670520231|12.5308670520231|12.5708670520231|12.6108670520231|12.6508670520231|12.6908670520231|12.7308670520231|12.7708670520231|12.8108670520231|12.8508670520231|12.8908670520231|12.9308670520231|12.9708670520231|13.0108670520231|13.0508670520231|13.0908670520231|13.1308670520231|13.1708670520231|13.2108670520231|13.2508670520231|13.2908670520231,0,365,0
72,561380.2909601913,4897565.491470465,80,0,80,1,1,ClassVars.csv,0,0,0.68,0,0,0,0.01,0,0,0,0,15.8|15.84|15.88|15.92|15.96|16|16.04|16.08|16.12|16.16|16.2|16.24|16.28|16.32|16.36|16.4|16.44|16.48|16.52|16.56|16.6|16.64|16.68|16.72|16.76|16.8|16.84|16.88|16.92|16.96|17|17.04|17.08|17.12|17.16|17.2|17.24|17.28|17.32|17.36|17.4|17.44|17.48|17.52|17.56|17.6|17.64|17.68|17.72|17.76|17.8|17.84,0,365,0
73,560759.0487293736,4896987.800287671,80,0,80,1,1,ClassVars.csv,0,0,0.68,0,0,0,0.01,0,0,0,0,15.8|15.84|15.88|15.92|15.96|16|16.04|16.08|16.12|16.16|16.2|16.24|16.28|16.32|16.36|16.4|16.44|16.48|16.52|16.56|16.6|16.64|16.68|16.72|16.76|16.8|16.84|16.88|16.92|16.96|17|17.04|17.08|17.12|17.16|17.2|17.24|17.28|17.32|17.36|17.4|17.44|17.48|17.52|17.56|17.6|17.64|17.68|17.72|17.76|17.8|17.84,0,365,0
74,560253.3201963388,4896335.195065461,80,0,80,1,1,ClassVars.csv,0,0,0.68,0,0,0,0.01,0,0,0,0,4.85454545454545|4.89454545454545|4.93454545454545|4.97454545454545|5.01454545454545|5.05454545454545|5.09454545454545|5.13454545454545|5.17454545454545|5.21454545454545|5.25454545454545|5.29454545454545|5.33454545454545|5.37454545454545|5.41454545454545|5.45454545454546|5.49454545454546|5.53454545454546|5.57454545454546|5.61454545454546|5.65454545454546|5.69454545454546|5.73454545454546|5.77454545454546|5.81454545454546|5.85454545454546|5.89454545454546|5.93454545454546|5.97454545454546|6.01454545454546|6.05454545454546|6.09454545454546|6.13454545454546|6.17454545454546|6.21454545454546|6.25454545454546|6.29454545454546|6.33454545454546|6.37454545454546|6.41454545454546|6.45454545454546|6.49454545454546|6.53454545454546|6.57454545454546|6.61454545454546|6.65454545454546|6.69454545454546|6.73454545454546|6.77454545454546|6.81454545454546|6.85454545454546|6.89454545454546,0,365,0
75,559691.3693173635,4895914.706166453,80,0,80,1,1,ClassVars.csv,0,0,0.68,0,0,0,0.01,0,0,0,0,4.85454545454545|4.89454545454545|4.93454545454545|4.97454545454545|5.01454545454545|5.05454545454545|5.09454545454545|5.13454545454545|5.17454545454545|5.21454545454545|5.25454545454545|5.29454545454545|5.33454545454545|5.37454545454545|5.41454545454545|5.45454545454546|5.49454545454546|5.53454545454546|5.57454545454546|5.61454545454546|5.65454545454546|5.69454545454546|5.73454545454546|5.77454545454546|5.81454545454546|5.85454545454546|5.89454545454546|5.93454545454546|5.97454545454546|6.01454545454546|6.05454545454546|6.09454545454546|6.13454545454546|6.17454545454546|6.21454545454546|6.25454545454546|6.29454545454546|6.33454545454546|6.37454545454546|6.41454545454546|6.45454545454546|6.49454545454546|6.53454545454546|6.57454545454546|6.61454545454546|6.65454545454546|6.69454545454546|6.73454545454546|6.77454545454546|6.81454545454546|6.85454545454546|6.89454545454546,0,365,0
76,559145.8118030237,4895250.921389026,80,0,80,1,1,ClassVars.csv,0,0,0.68,0,0,0,0.01,0,0,0,0,4.85454545454545|4.89454545454545|4.93454545454545|4.97454545454545|5.01454545454545|5.05454545454545|5.09454545454545|5.13454545454545|5.17454545454545|5.21454545454545|5.25454545454545|5.29454545454545|5.33454545454545|5.37454545454545|5.41454545454545|5.45454545454546|5.49454545454546|5.53454545454546|5.57454545454546|5.61454545454546|5.65454545454546|5.69454545454546|5.73454545454546|5.77454545454546|5.81454545454546|5.85454545454546|5.89454545454546|5.93454545454546|5.97454545454546|6.01454545454546|6.05454545454546|6.09454545454546|6.13454545454546|6.17454545454546|6.21454545454546|6.25454545454546|6.29454545454546|6.33454545454546|6.37454545454546|6.41454545454546|6.45454545454546|6.49454545454546|6.53454545454546|6.57454545454546|6.61454545454546|6.65454545454546|6.69454545454546|6.73454545454546|6.77454545454546|6.81454545454546|6.85454545454546|6.89454545454546,0,365,0
77,568507.1552444776,4895729.843487248,80,0,80,1,1,ClassVars.csv,0,0,0.68,0,0,0,0.01,0,0,0,0,9.8|9.84|9.88|9.92|9.96|10|10.04|10.08|10.12|10.16|10.2|10.24|10.28|10.32|10.36|10.4|10.44|10.48|10.52|10.56|10.6|10.64|10.68|10.72|10.76|10.8|10.84|10.88|10.92|10.96|11|11.04|11.08|11.12|11.16|11.2|11.24|11.28|11.32|11.36|11.4|11.44|11.48|11.52|11.56|11.6|11.64|11.68|11.72|11.76|11.8|11.84,0,365,0
78,567615.8502540119,4895687.875982677,80,0,80,1,1,ClassVars.csv,0,0,0.68,0,0,0,0.01,0,0,0,0,8.84310344827586|8.88310344827586|8.92310344827586|8.96310344827586|9.00310344827586|9.04310344827586|9.08310344827586|9.12310344827586|9.16310344827586|9.20310344827585|9.24310344827585|9.28310344827585|9.32310344827585|9.36310344827585|9.40310344827585|9.44310344827585|9.48310344827585|9.52310344827585|9.56310344827585|9.60310344827585|9.64310344827584|9.68310344827584|9.72310344827584|9.76310344827584|9.80310344827584|9.84310344827584|9.88310344827584|9.92310344827584|9.96310344827584|10.0031034482758|10.0431034482758|10.0831034482758|10.1231034482758|10.1631034482758|10.2031034482758|10.2431034482758|10.2831034482758|10.3231034482758|10.3631034482758|10.4031034482758|10.4431034482758|10.4831034482758|10.5231034482758|10.5631034482758|10.6031034482758|10.6431034482758|10.6831034482758|10.7231034482758|10.7631034482758|10.8031034482758|10.8431034482758|10.8831034482758,0,365,0
79,566804.2202408871,4896157.772069182,80,0,80,1,1,ClassVars.csv,0,0,0.68,0,0,0,0.01,0,0,0,0,8.84310344827586|8.88310344827586|8.92310344827586|8.96310344827586|9.00310344827586|9.04310344827586|9.08310344827586|9.12310344827586|9.16310344827586|9.20310344827585|9.24310344827585|9.28310344827585|9.32310344827585|9.36310344827585|9.40310344827585|9.44310344827585|9.48310344827585|9.52310344827585|9.56310344827585|9.60310344827585|9.64310344827584|9.68310344827584|9.72310344827584|9.76310344827584|9.80310344827584|9.84310344827584|9.88310344827584|9.92310344827584|9.96310344827584|10.0031034482758|10.0431034482758|10.0831034482758|10.1231034482758|10.1631034482758|10.2031034482758|10.2431034482758|10.2831034482758|10.3231034482758|10.3631034482758|10.4031034482758|10.4431034482758|10.4831034482758|10.5231034482758|10.5631034482758|10.6031034482758|10.6431034482758|10.6831034482758|10.7231034482758|10.7631034482758|10.8031034482758|10.8431034482758|10.8831034482758,0,365,0
80,566500.3170083733,4897005.05482796,80,0,80,1,1,ClassVars.csv,0,0,0.68,0,0,0,0.01,0,0,0,0,8.84310344827586|8.88310344827586|8.92310344827586|8.96310344827586|9.00310344827586|9.04310344827586|9.08310344827586|9.12310344827586|9.16310344827586|9.20310344827585|9.24310344827585|9.28310344827585|9.32310344827585|9.36310344827585|9.40310344827585|9.44310344827585|9.48310344827585|9.52310344827585|9.56310344827585|9.60310344827585|9.64310344827584|9.68310344827584|9.72310344827584|9.76310344827584|9.80310344827584|9.84310344827584|9.88310344827584|9.92310344827584|9.96310344827584|10.0031034482758|10.0431034482758|10.0831034482758|10.1231034482758|10.1631034482758|10.2031034482758|10.2431034482758|10.2831034482758|10.3231034482758|10.3631034482758|10.4031034482758|10.4431034482758|10.4831034482758|10.5231034482758|10.5631034482758|10.6031034482758|10.6431034482758|10.6831034482758|10.7231034482758|10.7631034482758|10.8031034482758|10.8431034482758|10.8831034482758,0,365,0
81,567390.1739965802,4907648.898319432,80,0,80,1,1,ClassVars.csv,0,0,0.68,0,0,0,0.01,0,0,0,0,10.7028901734104|10.7428901734104|10.7828901734104|10.8228901734104|10.8628901734104|10.9028901734104|10.9428901734104|10.9828901734104|11.0228901734104|11.0628901734104|11.1028901734104|11.1428901734104|11.1828901734104|11.2228901734104|11.2628901734104|11.3028901734104|11.3428901734104|11.3828901734104|11.4228901734104|11.4628901734104|11.5028901734104|11.5428901734104|11.5828901734104|11.6228901734104|11.6628901734104|11.7028901734104|11.7428901734104|11.7828901734104|11.8228901734104|11.8628901734104|11.9028901734104|11.9428901734104|11.9828901734104|12.0228901734104|12.0628901734104|12.1028901734104|12.1428901734104|12.1828901734104|12.2228901734104|12.2628901734104|12.3028901734104|12.3428901734104|12.3828901734104|12.4228901734104|12.4628901734104|12.5028901734104|12.5428901734104|12.5828901734104|12.6228901734104|12.6628901734104|12.7028901734104|12.7428901734104,0,365,0
82,566886.091298344,4906903.260733748,80,0,80,1,1,ClassVars.csv,0,0,0.68,0,0,0,0.01,0,0,0,0,10.7028901734104|10.7428901734104|10.7828901734104|10.8228901734104|10.8628901734104|10.9028901734104|10.9428901734104|10.9828901734104|11.0228901734104|11.0628901734104|11.1028901734104|11.1428901734104|11.1828901734104|11.2228901734104|11.2628901734104|11.3028901734104|11.3428901734104|11.3828901734104|11.4228901734104|11.4628901734104|11.5028901734104|11.5428901734104|11.5828901734104|11.6228901734104|11.6628901734104|11.7028901734104|11.7428901734104|11.7828901734104|11.8228901734104|11.8628901734104|11.9028901734104|11.9428901734104|11.9828901734104|12.0228901734104|12.0628901734104|12.1028901734104|12.1428901734104|12.1828901734104|12.2228901734104|12.2628901734104|12.3028901734104|12.3428901734104|12.3828901734104|12.4228901734104|12.4628901734104|12.5028901734104|12.5428901734104|12.5828901734104|12.6228901734104|12.6628901734104|12.7028901734104|12.7428901734104,0,365,0
83,566419.8191701303,4906143.28051098,80,0,80,1,1,ClassVars.csv,0,0,0.68,0,0,0,0.01,0,0,0,0,10.7028901734104|10.7428901734104|10.7828901734104|10.8228901734104|10.8628901734104|10.9028901734104|10.9428901734104|10.9828901734104|11.0228901734104|11.0628901734104|11.1028901734104|11.1428901734104|11.1828901734104|11.2228901734104|11.2628901734104|11.3028901734104|11.3428901734104|11.3828901734104|11.4228901734104|11.4628901734104|11.5028901734104|11.5428901734104|11.5828901734104|11.6228901734104|11.6628901734104|11.7028901734104|11.7428901734104|11.7828901734104|11.8228901734104|11.8628901734104|11.9028901734104|11.9428901734104|11.9828901734104|12.0228901734104|12.0628901734104|12.1028901734104|12.1428901734104|12.1828901734104|12.2228901734104|12.2628901734104|12.3028901734104|12.3428901734104|12.3828901734104|12.4228901734104|12.4628901734104|12.5028901734104|12.5428901734104|12.5828901734104|12.6228901734104|12.6628901734104|12.7028901734104|12.7428901734104,0,365,0
84,566172.0237786295,4905313.36301849,80,0,80,1,1,ClassVars.csv,0,0,0.68,0,0,0,0.01,0,0,0,0,10.7028901734104|10.7428901734104|10.7828901734104|10.8228901734104|10.8628901734104|10.9028901734104|10.9428901734104|10.9828901734104|11.0228901734104|11.0628901734104|11.1028901734104|11.1428901734104|11.1828901734104|11.2228901734104|11.2628901734104|11.3028901734104|11.3428901734104|11.3828901734104|11.4228901734104|11.4628901734104|11.5028901734104|11.5428901734104|11.5828901734104|11.6228901734104|11.6628901734104|11.7028901734104|11.7428901734104|11.7828901734104|11.8228901734104|11.8628901734104|11.9028901734104|11.9428901734104|11.9828901734104|12.0228901734104|12.0628901734104|12.1028901734104|12.1428901734104|12.1828901734104|12.2228901734104|12.2628901734104|12.3028901734104|12.3428901734104|12.3828901734104|12.4228901734104|12.4628901734104|12.5028901734104|12.5428901734104|12.5828901734104|12.6228901734104|12.6628901734104|12.7028901734104|12.7428901734104,0,365,0
85,567319.8880223783,4901480.176601957,80,0,80,1,1,ClassVars.csv,0,0,0.68,0,0,0,0.01,0,0,0,0,10.7028901734104|10.7428901734104|10.7828901734104|10.8228901734104|10.8628901734104|10.9028901734104|10.9428901734104|10.9828901734104|11.0228901734104|11.0628901734104|11.1028901734104|11.1428901734104|11.1828901734104|11.2228901734104|11.2628901734104|11.3028901734104|11.3428901734104|11.3828901734104|11.4228901734104|11.4628901734104|11.5028901734104|11.5428901734104|11.5828901734104|11.6228901734104|11.6628901734104|11.7028901734104|11.7428901734104|11.7828901734104|11.8228901734104|11.8628901734104|11.9028901734104|11.9428901734104|11.9828901734104|12.0228901734104|12.0628901734104|12.1028901734104|12.1428901734104|12.1828901734104|12.2228901734104|12.2628901734104|12.3028901734104|12.3428901734104|12.3828901734104|12.4228901734104|12.4628901734104|12.5028901734104|12.5428901734104|12.5828901734104|12.6228901734104|12.6628901734104|12.7028901734104|12.7428901734104,0,365,0
86,566608.4827385686,4901015.497134597,80,0,80,1,1,ClassVars.csv,0,0,0.68,0,0,0,0.01,0,0,0,0,10.7028901734104|10.7428901734104|10.7828901734104|10.8228901734104|10.8628901734104|10.9028901734104|10.9428901734104|10.9828901734104|11.0228901734104|11.0628901734104|11.1028901734104|11.1428901734104|11.1828901734104|11.2228901734104|11.2628901734104|11.3028901734104|11.3428901734104|11.3828901734104|11.4228901734104|11.4628901734104|11.5028901734104|11.5428901734104|11.5828901734104|11.6228901734104|11.6628901734104|11.7028901734104|11.7428901734104|11.7828901734104|11.8228901734104|11.8628901734104|11.9028901734104|11.9428901734104|11.9828901734104|12.0228901734104|12.0628901734104|12.1028901734104|12.1428901734104|12.1828901734104|12.2228901734104|12.2628901734104|12.3028901734104|12.3428901734104|12.3828901734104|12.4228901734104|12.4628901734104|12.5028901734104|12.5428901734104|12.5828901734104|12.6228901734104|12.6628901734104|12.7028901734104|12.7428901734104,0,365,0
87,566112.8727904237,4900361.377431909,80,0,80,1,1,ClassVars.csv,0,0,0.68,0,0,0,0.01,0,0,0,0,10.7028901734104|10.7428901734104|10.7828901734104|10.8228901734104|10.8628901734104|10.9028901734104|10.9428901734104|10.9828901734104|11.0228901734104|11.0628901734104|11.1028901734104|11.1428901734104|11.1828901734104|11.2228901734104|11.2628901734104|11.3028901734104|11.3428901734104|11.3828901734104|11.4228901734104|11.4628901734104|11.5028901734104|11.5428901734104|11.5828901734104|11.6228901734104|11.6628901734104|11.7028901734104|11.7428901734104|11.7828901734104|11.8228901734104|11.8628901734104|11.9028901734104|11.9428901734104|11.9828901734104|12.0228901734104|12.0628901734104|12.1028901734104|12.1428901734104|12.1828901734104|12.2228901734104|12.2628901734104|12.3028901734104|12.3428901734104|12.3828901734104|12.4228901734104|12.4628901734104|12.5028901734104|12.5428901734104|12.5828901734104|12.6228901734104|12.6628901734104|12.7028901734104|12.7428901734104,0,365,0
88,565491.5366349367,4899832.74593313,80,0,80,1,1,ClassVars.csv,0,0,0.68,0,0,0,0.01,0,0,0,0,10.7028901734104|10.7428901734104|10.7828901734104|10.8228901734104|10.8628901734104|10.9028901734104|10.9428901734104|10.9828901734104|11.0228901734104|11.0628901734104|11.1028901734104|11.1428901734104|11.1828901734104|11.2228901734104|11.2628901734104|11.3028901734104|11.3428901734104|11.3828901734104|11.4228901734104|11.4628901734104|11.5028901734104|11.5428901734104|11.5828901734104|11.6228901734104|11.6628901734104|11.7028901734104|11.7428901734104|11.7828901734104|11.8228901734104|11.8628901734104|11.9028901734104|11.9428901734104|11.9828901734104|12.0228901734104|12.0628901734104|12.1028901734104|12.1428901734104|12.1828901734104|12.2228901734104|12.2628901734104|12.3028901734104|12.3428901734104|12.3828901734104|12.4228901734104|12.4628901734104|12.5028901734104|12.5428901734104|12.5828901734104|12.6228901734104|12.6628901734104|12.7028901734104|12.7428901734104,0,365,0
89,556917.7398517854,4895934.412026284,80,0,80,1,1,ClassVars.csv,0,0,0.68,0,0,0,0.01,0,0,0,0,5.10909090909091|5.14909090909091|5.18909090909091|5.22909090909091|5.26909090909091|5.30909090909091|5.34909090909091|5.38909090909091|5.42909090909091|5.46909090909091|5.50909090909091|5.54909090909091|5.58909090909091|5.62909090909091|5.66909090909091|5.70909090909091|5.74909090909091|5.78909090909091|5.82909090909091|5.86909090909091|5.90909090909091|5.94909090909091|5.98909090909091|6.02909090909091|6.06909090909091|6.10909090909091|6.14909090909091|6.18909090909091|6.22909090909091|6.26909090909091|6.30909090909091|6.34909090909091|6.38909090909091|6.42909090909091|6.46909090909091|6.50909090909091|6.54909090909091|6.58909090909091|6.62909090909091|6.66909090909091|6.70909090909091|6.74909090909091|6.78909090909091|6.82909090909091|6.86909090909091|6.90909090909091|6.94909090909091|6.98909090909091|7.02909090909091|7.06909090909091|7.10909090909091|7.14909090909091,0,365,0
90,557652.2061078113,4895544.043693818,80,0,80,1,1,ClassVars.csv,0,0,0.68,0,0,0,0.01,0,0,0,0,5.10909090909091|5.14909090909091|5.18909090909091|5.22909090909091|5.26909090909091|5.30909090909091|5.34909090909091|5.38909090909091|5.42909090909091|5.46909090909091|5.50909090909091|5.54909090909091|5.58909090909091|5.62909090909091|5.66909090909091|5.70909090909091|5.74909090909091|5.78909090909091|5.82909090909091|5.86909090909091|5.90909090909091|5.94909090909091|5.98909090909091|6.02909090909091|6.06909090909091|6.10909090909091|6.14909090909091|6.18909090909091|6.22909090909091|6.26909090909091|6.30909090909091|6.34909090909091|6.38909090909091|6.42909090909091|6.46909090909091|6.50909090909091|6.54909090909091|6.58909090909091|6.62909090909091|6.66909090909091|6.70909090909091|6.74909090909091|6.78909090909091|6.82909090909091|6.86909090909091|6.90909090909091|6.94909090909091|6.98909090909091|7.02909090909091|7.06909090909091|7.10909090909091|7.14909090909091,0,365,0
91,558464.777955382,4895357.2347141355,80,0,80,1,1,ClassVars.csv,0,0,0.68,0,0,0,0.01,0,0,0,0,4.85454545454545|4.89454545454545|4.93454545454545|4.97454545454545|5.01454545454545|5.05454545454545|5.09454545454545|5.13454545454545|5.17454545454545|5.21454545454545|5.25454545454545|5.29454545454545|5.33454545454545|5.37454545454545|5.41454545454545|5.45454545454546|5.49454545454546|5.53454545454546|5.57454545454546|5.61454545454546|5.65454545454546|5.69454545454546|5.73454545454546|5.77454545454546|5.81454545454546|5.85454545454546|5.89454545454546|5.93454545454546|5.97454545454546|6.01454545454546|6.05454545454546|6.09454545454546|6.13454545454546|6.17454545454546|6.21454545454546|6.25454545454546|6.29454545454546|6.33454545454546|6.37454545454546|6.41454545454546|6.45454545454546|6.49454545454546|6.53454545454546|6.57454545454546|6.61454545454546|6.65454545454546|6.69454545454546|6.73454545454546|6.77454545454546|6.81454545454546|6.85454545454546|6.89454545454546,0,365,0
92,555077.1005639903,4896091.766599538,80,0,80,1,1,ClassVars.csv,0,0,0.68,0,0,0,0.01,0,0,0,0,5.65568181818182|5.69568181818182|5.73568181818182|5.77568181818182|5.81568181818182|5.85568181818182|5.89568181818182|5.93568181818182|5.97568181818182|6.01568181818182|6.05568181818182|6.09568181818182|6.13568181818182|6.17568181818182|6.21568181818182|6.25568181818182|6.29568181818182|6.33568181818182|6.37568181818182|6.41568181818182|6.45568181818182|6.49568181818182|6.53568181818182|6.57568181818182|6.61568181818182|6.65568181818182|6.69568181818182|6.73568181818182|6.77568181818182|6.81568181818182|6.85568181818182|6.89568181818182|6.93568181818182|6.97568181818182|7.01568181818182|7.05568181818182|7.09568181818182|7.13568181818182|7.17568181818182|7.21568181818182|7.25568181818182|7.29568181818182|7.33568181818182|7.37568181818182|7.41568181818182|7.45568181818182|7.49568181818182|7.53568181818182|7.57568181818182|7.61568181818182|7.65568181818182|7.69568181818182,0,365,0
93,555647.2472081577,4895440.605783973,80,0,80,1,1,ClassVars.csv,0,0,0.68,0,0,0,0.01,0,0,0,0,5.65568181818182|5.69568181818182|5.73568181818182|5.77568181818182|5.81568181818182|5.85568181818182|5.89568181818182|5.93568181818182|5.97568181818182|6.01568181818182|6.05568181818182|6.09568181818182|6.13568181818182|6.17568181818182|6.21568181818182|6.25568181818182|6.29568181818182|6.33568181818182|6.37568181818182|6.41568181818182|6.45568181818182|6.49568181818182|6.53568181818182|6.57568181818182|6.61568181818182|6.65568181818182|6.69568181818182|6.73568181818182|6.77568181818182|6.81568181818182|6.85568181818182|6.89568181818182|6.93568181818182|6.97568181818182|7.01568181818182|7.05568181818182|7.09568181818182|7.13568181818182|7.17568181818182|7.21568181818182|7.25568181818182|7.29568181818182|7.33568181818182|7.37568181818182|7.41568181818182|7.45568181818182|7.49568181818182|7.53568181818182|7.57568181818182|7.61568181818182|7.65568181818182|7.69568181818182,0,365,0
94,555850.1078627722,4894531.337714626,80,0,80,1,1,ClassVars.csv,0,0,0.68,0,0,0,0.01,0,0,0,0,5.65568181818182|5.69568181818182|5.73568181818182|5.77568181818182|5.81568181818182|5.85568181818182|5.89568181818182|5.93568181818182|5.97568181818182|6.01568181818182|6.05568181818182|6.09568181818182|6.13568181818182|6.17568181818182|6.21568181818182|6.25568181818182|6.29568181818182|6.33568181818182|6.37568181818182|6.41568181818182|6.45568181818182|6.49568181818182|6.53568181818182|6.57568181818182|6.61568181818182|6.65568181818182|6.69568181818182|6.73568181818182|6.77568181818182|6.81568181818182|6.85568181818182|6.89568181818182|6.93568181818182|6.97568181818182|7.01568181818182|7.05568181818182|7.09568181818182|7.13568181818182|7.17568181818182|7.21568181818182|7.25568181818182|7.29568181818182|7.33568181818182|7.37568181818182|7.41568181818182|7.45568181818182|7.49568181818182|7.53568181818182|7.57568181818182|7.61568181818182|7.65568181818182|7.69568181818182,0,365,0
95,555592.4049844886,4893621.310772801,80,0,80,1,1,ClassVars.csv,0,0,0.68,0,0,0,0.01,0,0,0,0,5.65568181818182|5.69568181818182|5.73568181818182|5.77568181818182|5.81568181818182|5.85568181818182|5.89568181818182|5.93568181818182|5.97568181818182|6.01568181818182|6.05568181818182|6.09568181818182|6.13568181818182|6.17568181818182|6.21568181818182|6.25568181818182|6.29568181818182|6.33568181818182|6.37568181818182|6.41568181818182|6.45568181818182|6.49568181818182|6.53568181818182|6.57568181818182|6.61568181818182|6.65568181818182|6.69568181818182|6.73568181818182|6.77568181818182|6.81568181818182|6.85568181818182|6.89568181818182|6.93568181818182|6.97568181818182|7.01568181818182|7.05568181818182|7.09568181818182|7.13568181818182|7.17568181818182|7.21568181818182|7.25568181818182|7.29568181818182|7.33568181818182|7.37568181818182|7.41568181818182|7.45568181818182|7.49568181818182|7.53568181818182|7.57568181818182|7.61568181818182|7.65568181818182|7.69568181818182,0,365,0
96,555020.2676968748,4892913.254925521,80,0,80,1,1,ClassVars.csv,0,0,0.68,0,0,0,0.01,0,0,0,0,5.65568181818182|5.69568181818182|5.73568181818182|5.77568181818182|5.81568181818182|5.85568181818182|5.89568181818182|5.93568181818182|5.97568181818182|6.01568181818182|6.05568181818182|6.09568181818182|6.13568181818182|6.17568181818182|6.21568181818182|6.25568181818182|6.29568181818182|6.33568181818182|6.37568181818182|6.41568181818182|6.45568181818182|6.49568181818182|6.53568181818182|6.57568181818182|6.61568181818182|6.65568181818182|6.69568181818182|6.73568181818182|6.77568181818182|6.81568181818182|6.85568181818182|6.89568181818182|6.93568181818182|6.97568181818182|7.01568181818182|7.05568181818182|7.09568181818182|7.13568181818182|7.17568181818182|7.21568181818182|7.25568181818182|7.29568181818182|7.33568181818182|7.37568181818182|7.41568181818182|7.45568181818182|7.49568181818182|7.53568181818182|7.57568181818182|7.61568181818182|7.65568181818182|7.69568181818182,0,365,0
97,552810.8657365973,4895106.5849091,80,0,80,1,1,ClassVars.csv,0,0,0.68,0,0,0,0.01,0,0,0,0,5.65568181818182|5.69568181818182|5.73568181818182|5.77568181818182|5.81568181818182|5.85568181818182|5.89568181818182|5.93568181818182|5.97568181818182|6.01568181818182|6.05568181818182|6.09568181818182|6.13568181818182|6.17568181818182|6.21568181818182|6.25568181818182|6.29568181818182|6.33568181818182|6.37568181818182|6.41568181818182|6.45568181818182|6.49568181818182|6.53568181818182|6.57568181818182|6.61568181818182|6.65568181818182|6.69568181818182|6.73568181818182|6.77568181818182|6.81568181818182|6.85568181818182|6.89568181818182|6.93568181818182|6.97568181818182|7.01568181818182|7.05568181818182|7.09568181818182|7.13568181818182|7.17568181818182|7.21568181818182|7.25568181818182|7.29568181818182|7.33568181818182|7.37568181818182|7.41568181818182|7.45568181818182|7.49568181818182|7.53568181818182|7.57568181818182|7.61568181818182|7.65568181818182|7.69568181818182,0,365,0
98,553434.1579419317,4894604.615025235,80,0,80,1,1,ClassVars.csv,0,0,0.68,0,0,0,0.01,0,0,0,0,5.65568181818182|5.69568181818182|5.73568181818182|5.77568181818182|5.81568181818182|5.85568181818182|5.89568181818182|5.93568181818182|5.97568181818182|6.01568181818182|6.05568181818182|6.09568181818182|6.13568181818182|6.17568181818182|6.21568181818182|6.25568181818182|6.29568181818182|6.33568181818182|6.37568181818182|6.41568181818182|6.45568181818182|6.49568181818182|6.53568181818182|6.57568181818182|6.61568181818182|6.65568181818182|6.69568181818182|6.73568181818182|6.77568181818182|6.81568181818182|6.85568181818182|6.89568181818182|6.93568181818182|6.97568181818182|7.01568181818182|7.05568181818182|7.09568181818182|7.13568181818182|7.17568181818182|7.21568181818182|7.25568181818182|7.29568181818182|7.33568181818182|7.37568181818182|7.41568181818182|7.45568181818182|7.49568181818182|7.53568181818182|7.57568181818182|7.61568181818182|7.65568181818182|7.69568181818182,0,365,0
99,553669.5973078893,4893792.014835417,80,0,80,1,1,ClassVars.csv,0,0,0.68,0,0,0,0.01,0,0,0,0,5.65568181818182|5.69568181818182|5.73568181818182|5.77568181818182|5.81568181818182|5.85568181818182|5.89568181818182|5.93568181818182|5.97568181818182|6.01568181818182|6.05568181818182|6.09568181818182|6.13568181818182|6.17568181818182|6.21568181818182|6.25568181818182|6.29568181818182|6.33568181818182|6.37568181818182|6.41568181818182|6.45568181818182|6.49568181818182|6.53568181818182|6.57568181818182|6.61568181818182|6.65568181818182|6.69568181818182|6.73568181818182|6.77568181818182|6.81568181818182|6.85568181818182|6.89568181818182|6.93568181818182|6.97568181818182|7.01568181818182|7.05568181818182|7.09568181818182|7.13568181818182|7.17568181818182|7.21568181818182|7.25568181818182|7.29568181818182|7.33568181818182|7.37568181818182|7.41568181818182|7.45568181818182|7.49568181818182|7.53568181818182|7.57568181818182|7.61568181818182|7.65568181818182|7.69568181818182,0,365,0
100,553405.2921508612,4893019.189491269,80,0,80,1,1,ClassVars.csv,0,0,0.68,0,0,0,0.01,0,0,0,0,5.65568181818182|5.69568181818182|5.73568181818182|5.77568181818182|5.81568181818182|5.85568181818182|5.89568181818182|5.93568181818182|5.97568181818182|6.01568181818182|6.05568181818182|6.09568181818182|6.13568181818182|6.17568181818182|6.21568181818182|6.25568181818182|6.29568181818182|6.33568181818182|6.37568181818182|6.41568181818182|6.45568181818182|6.49568181818182|6.53568181818182|6.57568181818182|6.61568181818182|6.65568181818182|6.69568181818182|6.73568181818182|6.77568181818182|6.81568181818182|6.85568181818182|6.89568181818182|6.93568181818182|6.97568181818182|7.01568181818182|7.05568181818182|7.09568181818182|7.13568181818182|7.17568181818182|7.21568181818182|7.25568181818182|7.29568181818182|7.33568181818182|7.37568181818182|7.41568181818182|7.45568181818182|7.49568181818182|7.53568181818182|7.57568181818182|7.61568181818182|7.65568181818182|7.69568181818182,0,365,0
101,553411.9246771763,4892172.372866692,80,0,80,1,1,ClassVars.csv,0,0,0.68,0,0,0,0.01,0,0,0,0,5.65568181818182|5.69568181818182|5.73568181818182|5.77568181818182|5.81568181818182|5.85568181818182|5.89568181818182|5.93568181818182|5.97568181818182|6.01568181818182|6.05568181818182|6.09568181818182|6.13568181818182|6.17568181818182|6.21568181818182|6.25568181818182|6.29568181818182|6.33568181818182|6.37568181818182|6.41568181818182|6.45568181818182|6.49568181818182|6.53568181818182|6.57568181818182|6.61568181818182|6.65568181818182|6.69568181818182|6.73568181818182|6.77568181818182|6.81568181818182|6.85568181818182|6.89568181818182|6.93568181818182|6.97568181818182|7.01568181818182|7.05568181818182|7.09568181818182|7.13568181818182|7.17568181818182|7.21568181818182|7.25568181818182|7.29568181818182|7.33568181818182|7.37568181818182|7.41568181818182|7.45568181818182|7.49568181818182|7.53568181818182|7.57568181818182|7.61568181818182|7.65568181818182|7.69568181818182,0,365,0
102,561221.2171354808,4906196.481583991,80,0,80,1,1,ClassVars.csv,0,0,0.68,0,0,0,0.01,0,0,0,0,11.6100862068966|11.6500862068966|11.6900862068966|11.7300862068965|11.7700862068965|11.8100862068965|11.8500862068965|11.8900862068965|11.9300862068965|11.9700862068965|12.0100862068965|12.0500862068965|12.0900862068965|12.1300862068965|12.1700862068965|12.2100862068965|12.2500862068965|12.2900862068965|12.3300862068965|12.3700862068965|12.4100862068965|12.4500862068965|12.4900862068965|12.5300862068965|12.5700862068965|12.6100862068965|12.6500862068965|12.6900862068965|12.7300862068965|12.7700862068965|12.8100862068965|12.8500862068965|12.8900862068965|12.9300862068965|12.9700862068965|13.0100862068965|13.0500862068965|13.0900862068965|13.1300862068965|13.1700862068965|13.2100862068965|13.2500862068965|13.2900862068965|13.3300862068965|13.3700862068965|13.4100862068965|13.4500862068965|13.4900862068965|13.5300862068965|13.5700862068965|13.6100862068965|13.6500862068965,0,365,0
103,561911.025677487,4905611.787402509,80,0,80,1,1,ClassVars.csv,0,0,0.68,0,0,0,0.01,0,0,0,0,11.4886184210526|11.5286184210526|11.5686184210526|11.6086184210526|11.6486184210526|11.6886184210526|11.7286184210526|11.7686184210526|11.8086184210526|11.8486184210526|11.8886184210526|11.9286184210526|11.9686184210526|12.0086184210526|12.0486184210526|12.0886184210526|12.1286184210526|12.1686184210526|12.2086184210526|12.2486184210526|12.2886184210526|12.3286184210526|12.3686184210526|12.4086184210526|12.4486184210526|12.4886184210526|12.5286184210526|12.5686184210526|12.6086184210526|12.6486184210526|12.6886184210526|12.7286184210526|12.7686184210526|12.8086184210526|12.8486184210526|12.8886184210526|12.9286184210526|12.9686184210526|13.0086184210526|13.0486184210526|13.0886184210526|13.1286184210526|13.1686184210526|13.2086184210526|13.2486184210526|13.2886184210526|13.3286184210526|13.3686184210526|13.4086184210526|13.4486184210526|13.4886184210526|13.5286184210526,0,365,0
104,561935.1726170781,4904694.481702851,80,0,80,1,1,ClassVars.csv,0,0,0.68,0,0,0,0.01,0,0,0,0,11.4886184210526|11.5286184210526|11.5686184210526|11.6086184210526|11.6486184210526|11.6886184210526|11.7286184210526|11.7686184210526|11.8086184210526|11.8486184210526|11.8886184210526|11.9286184210526|11.9686184210526|12.0086184210526|12.0486184210526|12.0886184210526|12.1286184210526|12.1686184210526|12.2086184210526|12.2486184210526|12.2886184210526|12.3286184210526|12.3686184210526|12.4086184210526|12.4486184210526|12.4886184210526|12.5286184210526|12.5686184210526|12.6086184210526|12.6486184210526|12.6886184210526|12.7286184210526|12.7686184210526|12.8086184210526|12.8486184210526|12.8886184210526|12.9286184210526|12.9686184210526|13.0086184210526|13.0486184210526|13.0886184210526|13.1286184210526|13.1686184210526|13.2086184210526|13.2486184210526|13.2886184210526|13.3286184210526|13.3686184210526|13.4086184210526|13.4486184210526|13.4886184210526|13.5286184210526,0,365,0
105,562304.6490753782,4903907.107996522,80,0,80,1,1,ClassVars.csv,0,0,0.68,0,0,0,0.01,0,0,0,0,11.4886184210526|11.5286184210526|11.5686184210526|11.6086184210526|11.6486184210526|11.6886184210526|11.7286184210526|11.7686184210526|11.8086184210526|11.8486184210526|11.8886184210526|11.9286184210526|11.9686184210526|12.0086184210526|12.0486184210526|12.0886184210526|12.1286184210526|12.1686184210526|12.2086184210526|12.2486184210526|12.2886184210526|12.3286184210526|12.3686184210526|12.4086184210526|12.4486184210526|12.4886184210526|12.5286184210526|12.5686184210526|12.6086184210526|12.6486184210526|12.6886184210526|12.7286184210526|12.7686184210526|12.8086184210526|12.8486184210526|12.8886184210526|12.9286184210526|12.9686184210526|13.0086184210526|13.0486184210526|13.0886184210526|13.1286184210526|13.1686184210526|13.2086184210526|13.2486184210526|13.2886184210526|13.3286184210526|13.3686184210526|13.4086184210526|13.4486184210526|13.4886184210526|13.5286184210526,0,365,0
106,562767.0793090115,4903086.985695578,80,0,80,1,1,ClassVars.csv,0,0,0.68,0,0,0,0.01,0,0,0,0,11.4886184210526|11.5286184210526|11.5686184210526|11.6086184210526|11.6486184210526|11.6886184210526|11.7286184210526|11.7686184210526|11.8086184210526|11.8486184210526|11.8886184210526|11.9286184210526|11.9686184210526|12.0086184210526|12.0486184210526|12.0886184210526|12.1286184210526|12.1686184210526|12.2086184210526|12.2486184210526|12.2886184210526|12.3286184210526|12.3686184210526|12.4086184210526|12.4486184210526|12.4886184210526|12.5286184210526|12.5686184210526|12.6086184210526|12.6486184210526|12.6886184210526|12.7286184210526|12.7686184210526|12.8086184210526|12.8486184210526|12.8886184210526|12.9286184210526|12.9686184210526|13.0086184210526|13.0486184210526|13.0886184210526|13.1286184210526|13.1686184210526|13.2086184210526|13.2486184210526|13.2886184210526|13.3286184210526|13.3686184210526|13.4086184210526|13.4486184210526|13.4886184210526|13.5286184210526,0,365,0
107,562787.8216723766,4902248.996270396,80,0,80,1,1,ClassVars.csv,0,0,0.68,0,0,0,0.01,0,0,0,0,11.4886184210526|11.5286184210526|11.5686184210526|11.6086184210526|11.6486184210526|11.6886184210526|11.7286184210526|11.7686184210526|11.8086184210526|11.8486184210526|11.8886184210526|11.9286184210526|11.9686184210526|12.0086184210526|12.0486184210526|12.0886184210526|12.1286184210526|12.1686184210526|12.2086184210526|12.2486184210526|12.2886184210526|12.3286184210526|12.3686184210526|12.4086184210526|12.4486184210526|12.4886184210526|12.5286184210526|12.5686184210526|12.6086184210526|12.6486184210526|12.6886184210526|12.7286184210526|12.7686184210526|12.8086184210526|12.8486184210526|12.8886184210526|12.9286184210526|12.9686184210526|13.0086184210526|13.0486184210526|13.0886184210526|13.1286184210526|13.1686184210526|13.2086184210526|13.2486184210526|13.2886184210526|13.3286184210526|13.3686184210526|13.4086184210526|13.4486184210526|13.4886184210526|13.5286184210526,0,365,0
108,562559.33070643,4901456.857549315,80,0,80,1,1,ClassVars.csv,0,0,0.68,0,0,0,0.01,0,0,0,0,11.4886184210526|11.5286184210526|11.5686184210526|11.6086184210526|11.6486184210526|11.6886184210526|11.7286184210526|11.7686184210526|11.8086184210526|11.8486184210526|11.8886184210526|11.9286184210526|11.9686184210526|12.0086184210526|12.0486184210526|12.0886184210526|12.1286184210526|12.1686184210526|12.2086184210526|12.2486184210526|12.2886184210526|12.3286184210526|12.3686184210526|12.4086184210526|12.4486184210526|12.4886184210526|12.5286184210526|12.5686184210526|12.6086184210526|12.6486184210526|12.6886184210526|12.7286184210526|12.7686184210526|12.8086184210526|12.8486184210526|12.8886184210526|12.9286184210526|12.9686184210526|13.0086184210526|13.0486184210526|13.0886184210526|13.1286184210526|13.1686184210526|13.2086184210526|13.2486184210526|13.2886184210526|13.3286184210526|13.3686184210526|13.4086184210526|13.4486184210526|13.4886184210526|13.5286184210526,0,365,0
109,556906.437051335,4893703.978248872,80,0,80,1,1,ClassVars.csv,0,0,0.68,0,0,0,0.01,0,0,0,0,5.65568181818182|5.69568181818182|5.73568181818182|5.77568181818182|5.81568181818182|5.85568181818182|5.89568181818182|5.93568181818182|5.97568181818182|6.01568181818182|6.05568181818182|6.09568181818182|6.13568181818182|6.17568181818182|6.21568181818182|6.25568181818182|6.29568181818182|6.33568181818182|6.37568181818182|6.41568181818182|6.45568181818182|6.49568181818182|6.53568181818182|6.57568181818182|6.61568181818182|6.65568181818182|6.69568181818182|6.73568181818182|6.77568181818182|6.81568181818182|6.85568181818182|6.89568181818182|6.93568181818182|6.97568181818182|7.01568181818182|7.05568181818182|7.09568181818182|7.13568181818182|7.17568181818182|7.21568181818182|7.25568181818182|7.29568181818182|7.33568181818182|7.37568181818182|7.41568181818182|7.45568181818182|7.49568181818182|7.53568181818182|7.57568181818182|7.61568181818182|7.65568181818182|7.69568181818182,0,365,0
110,557162.4432866424,4892804.600404462,80,0,80,1,1,ClassVars.csv,0,0,0.68,0,0,0,0.01,0,0,0,0,5.65568181818182|5.69568181818182|5.73568181818182|5.77568181818182|5.81568181818182|5.85568181818182|5.89568181818182|5.93568181818182|5.97568181818182|6.01568181818182|6.05568181818182|6.09568181818182|6.13568181818182|6.17568181818182|6.21568181818182|6.25568181818182|6.29568181818182|6.33568181818182|6.37568181818182|6.41568181818182|6.45568181818182|6.49568181818182|6.53568181818182|6.57568181818182|6.61568181818182|6.65568181818182|6.69568181818182|6.73568181818182|6.77568181818182|6.81568181818182|6.85568181818182|6.89568181818182|6.93568181818182|6.97568181818182|7.01568181818182|7.05568181818182|7.09568181818182|7.13568181818182|7.17568181818182|7.21568181818182|7.25568181818182|7.29568181818182|7.33568181818182|7.37568181818182|7.41568181818182|7.45568181818182|7.49568181818182|7.53568181818182|7.57568181818182|7.61568181818182|7.65568181818182|7.69568181818182,0,365,0
111,564243.1076798199,4905135.952592219,80,0,80,1,1,ClassVars.csv,0,0,0.68,0,0,0,0.01,0,0,0,0,10.7028901734104|10.7428901734104|10.7828901734104|10.8228901734104|10.8628901734104|10.9028901734104|10.9428901734104|10.9828901734104|11.0228901734104|11.0628901734104|11.1028901734104|11.1428901734104|11.1828901734104|11.2228901734104|11.2628901734104|11.3028901734104|11.3428901734104|11.3828901734104|11.4228901734104|11.4628901734104|11.5028901734104|11.5428901734104|11.5828901734104|11.6228901734104|11.6628901734104|11.7028901734104|11.7428901734104|11.7828901734104|11.8228901734104|11.8628901734104|11.9028901734104|11.9428901734104|11.9828901734104|12.0228901734104|12.0628901734104|12.1028901734104|12.1428901734104|12.1828901734104|12.2228901734104|12.2628901734104|12.3028901734104|12.3428901734104|12.3828901734104|12.4228901734104|12.4628901734104|12.5028901734104|12.5428901734104|12.5828901734104|12.6228901734104|12.6628901734104|12.7028901734104|12.7428901734104,0,365,0
112,563800.9790005179,4904421.195179633,80,0,80,1,1,ClassVars.csv,0,0,0.68,0,0,0,0.01,0,0,0,0,10.7028901734104|10.7428901734104|10.7828901734104|10.8228901734104|10.8628901734104|10.9028901734104|10.9428901734104|10.9828901734104|11.0228901734104|11.0628901734104|11.1028901734104|11.1428901734104|11.1828901734104|11.2228901734104|11.2628901734104|11.3028901734104|11.3428901734104|11.3828901734104|11.4228901734104|11.4628901734104|11.5028901734104|11.5428901734104|11.5828901734104|11.6228901734104|11.6628901734104|11.7028901734104|11.7428901734104|11.7828901734104|11.8228901734104|11.8628901734104|11.9028901734104|11.9428901734104|11.9828901734104|12.0228901734104|12.0628901734104|12.1028901734104|12.1428901734104|12.1828901734104|12.2228901734104|12.2628901734104|12.3028901734104|12.3428901734104|12.3828901734104|12.4228901734104|12.4628901734104|12.5028901734104|12.5428901734104|12.5828901734104|12.6228901734104|12.6628901734104|12.7028901734104|12.7428901734104,0,365,0
113,563006.6469512777,4903890.165367873,80,0,80,1,1,ClassVars.csv,0,0,0.68,0,0,0,0.01,0,0,0,0,11.4886184210526|11.5286184210526|11.5686184210526|11.6086184210526|11.6486184210526|11.6886184210526|11.7286184210526|11.7686184210526|11.8086184210526|11.8486184210526|11.8886184210526|11.9286184210526|11.9686184210526|12.0086184210526|12.0486184210526|12.0886184210526|12.1286184210526|12.1686184210526|12.2086184210526|12.2486184210526|12.2886184210526|12.3286184210526|12.3686184210526|12.4086184210526|12.4486184210526|12.4886184210526|12.5286184210526|12.5686184210526|12.6086184210526|12.6486184210526|12.6886184210526|12.7286184210526|12.7686184210526|12.8086184210526|12.8486184210526|12.8886184210526|12.9286184210526|12.9686184210526|13.0086184210526|13.0486184210526|13.0886184210526|13.1286184210526|13.1686184210526|13.2086184210526|13.2486184210526|13.2886184210526|13.3286184210526|13.3686184210526|13.4086184210526|13.4486184210526|13.4886184210526|13.5286184210526,0,365,0
114,555015.9083825054,4899947.875885119,80,0,80,1,1,ClassVars.csv,0,0,0.68,0,0,0,0.01,0,0,0,0,5.10909090909091|5.14909090909091|5.18909090909091|5.22909090909091|5.26909090909091|5.30909090909091|5.34909090909091|5.38909090909091|5.42909090909091|5.46909090909091|5.50909090909091|5.54909090909091|5.58909090909091|5.62909090909091|5.66909090909091|5.70909090909091|5.74909090909091|5.78909090909091|5.82909090909091|5.86909090909091|5.90909090909091|5.94909090909091|5.98909090909091|6.02909090909091|6.06909090909091|6.10909090909091|6.14909090909091|6.18909090909091|6.22909090909091|6.26909090909091|6.30909090909091|6.34909090909091|6.38909090909091|6.42909090909091|6.46909090909091|6.50909090909091|6.54909090909091|6.58909090909091|6.62909090909091|6.66909090909091|6.70909090909091|6.74909090909091|6.78909090909091|6.82909090909091|6.86909090909091|6.90909090909091|6.94909090909091|6.98909090909091|7.02909090909091|7.06909090909091|7.10909090909091|7.14909090909091,0,365,0
115,555647.9919616808,4899364.369721722,80,0,80,1,1,ClassVars.csv,0,0,0.68,0,0,0,0.01,0,0,0,0,5.10909090909091|5.14909090909091|5.18909090909091|5.22909090909091|5.26909090909091|5.30909090909091|5.34909090909091|5.38909090909091|5.42909090909091|5.46909090909091|5.50909090909091|5.54909090909091|5.58909090909091|5.62909090909091|5.66909090909091|5.70909090909091|5.74909090909091|5.78909090909091|5.82909090909091|5.86909090909091|5.90909090909091|5.94909090909091|5.98909090909091|6.02909090909091|6.06909090909091|6.10909090909091|6.14909090909091|6.18909090909091|6.22909090909091|6.26909090909091|6.30909090909091|6.34909090909091|6.38909090909091|6.42909090909091|6.46909090909091|6.50909090909091|6.54909090909091|6.58909090909091|6.62909090909091|6.66909090909091|6.70909090909091|6.74909090909091|6.78909090909091|6.82909090909091|6.86909090909091|6.90909090909091|6.94909090909091|6.98909090909091|7.02909090909091|7.06909090909091|7.10909090909091|7.14909090909091,0,365,0
116,556431.1613949055,4898802.937563683,80,0,80,1,1,ClassVars.csv,0,0,0.68,0,0,0,0.01,0,0,0,0,5.10909090909091|5.14909090909091|5.18909090909091|5.22909090909091|5.26909090909091|5.30909090909091|5.34909090909091|5.38909090909091|5.42909090909091|5.46909090909091|5.50909090909091|5.54909090909091|5.58909090909091|5.62909090909091|5.66909090909091|5.70909090909091|5.74909090909091|5.78909090909091|5.82909090909091|5.86909090909091|5.90909090909091|5.94909090909091|5.98909090909091|6.02909090909091|6.06909090909091|6.10909090909091|6.14909090909091|6.18909090909091|6.22909090909091|6.26909090909091|6.30909090909091|6.34909090909091|6.38909090909091|6.42909090909091|6.46909090909091|6.50909090909091|6.54909090909091|6.58909090909091|6.62909090909091|6.66909090909091|6.70909090909091|6.74909090909091|6.78909090909091|6.82909090909091|6.86909090909091|6.90909090909091|6.94909090909091|6.98909090909091|7.02909090909091|7.06909090909091|7.10909090909091|7.14909090909091,0,365,0
117,557217.0662835325,4898239.467720481,80,0,80,1,1,ClassVars.csv,0,0,0.68,0,0,0,0.01,0,0,0,0,5.10909090909091|5.14909090909091|5.18909090909091|5.22909090909091|5.26909090909091|5.30909090909091|5.34909090909091|5.38909090909091|5.42909090909091|5.46909090909091|5.50909090909091|5.54909090909091|5.58909090909091|5.62909090909091|5.66909090909091|5.70909090909091|5.74909090909091|5.78909090909091|5.82909090909091|5.86909090909091|5.90909090909091|5.94909090909091|5.98909090909091|6.02909090909091|6.06909090909091|6.10909090909091|6.14909090909091|6.18909090909091|6.22909090909091|6.26909090909091|6.30909090909091|6.34909090909091|6.38909090909091|6.42909090909091|6.46909090909091|6.50909090909091|6.54909090909091|6.58909090909091|6.62909090909091|6.66909090909091|6.70909090909091|6.74909090909091|6.78909090909091|6.82909090909091|6.86909090909091|6.90909090909091|6.94909090909091|6.98909090909091|7.02909090909091|7.06909090909091|7.10909090909091|7.14909090909091,0,365,0
118,558011.3764142322,4897799.587786859,80,0,80,1,1,ClassVars.csv,0,0,0.68,0,0,0,0.01,0,0,0,0,5.10909090909091|5.14909090909091|5.18909090909091|5.22909090909091|5.26909090909091|5.30909090909091|5.34909090909091|5.38909090909091|5.42909090909091|5.46909090909091|5.50909090909091|5.54909090909091|5.58909090909091|5.62909090909091|5.66909090909091|5.70909090909091|5.74909090909091|5.78909090909091|5.82909090909091|5.86909090909091|5.90909090909091|5.94909090909091|5.98909090909091|6.02909090909091|6.06909090909091|6.10909090909091|6.14909090909091|6.18909090909091|6.22909090909091|6.26909090909091|6.30909090909091|6.34909090909091|6.38909090909091|6.42909090909091|6.46909090909091|6.50909090909091|6.54909090909091|6.58909090909091|6.62909090909091|6.66909090909091|6.70909090909091|6.74909090909091|6.78909090909091|6.82909090909091|6.86909090909091|6.90909090909091|6.94909090909091|6.98909090909091|7.02909090909091|7.06909090909091|7.10909090909091|7.14909090909091,0,365,0
119,558370.1854809008,4896976.652123998,80,0,80,1,1,ClassVars.csv,0,0,0.68,0,0,0,0.01,0,0,0,0,5.10909090909091|5.14909090909091|5.18909090909091|5.22909090909091|5.26909090909091|5.30909090909091|5.34909090909091|5.38909090909091|5.42909090909091|5.46909090909091|5.50909090909091|5.54909090909091|5.58909090909091|5.62909090909091|5.66909090909091|5.70909090909091|5.74909090909091|5.78909090909091|5.82909090909091|5.86909090909091|5.90909090909091|5.94909090909091|5.98909090909091|6.02909090909091|6.06909090909091|6.10909090909091|6.14909090909091|6.18909090909091|6.22909090909091|6.26909090909091|6.30909090909091|6.34909090909091|6.38909090909091|6.42909090909091|6.46909090909091|6.50909090909091|6.54909090909091|6.58909090909091|6.62909090909091|6.66909090909091|6.70909090909091|6.74909090909091|6.78909090909091|6.82909090909091|6.86909090909091|6.90909090909091|6.94909090909091|6.98909090909091|7.02909090909091|7.06909090909091|7.10909090909091|7.14909090909091,0,365,0
120,563582.969587541,4906488.441036364,80,0,80,1,1,ClassVars.csv,0,0,0.68,0,0,0,0.01,0,0,0,0,10.7028901734104|10.7428901734104|10.7828901734104|10.8228901734104|10.8628901734104|10.9028901734104|10.9428901734104|10.9828901734104|11.0228901734104|11.0628901734104|11.1028901734104|11.1428901734104|11.1828901734104|11.2228901734104|11.2628901734104|11.3028901734104|11.3428901734104|11.3828901734104|11.4228901734104|11.4628901734104|11.5028901734104|11.5428901734104|11.5828901734104|11.6228901734104|11.6628901734104|11.7028901734104|11.7428901734104|11.7828901734104|11.8228901734104|11.8628901734104|11.9028901734104|11.9428901734104|11.9828901734104|12.0228901734104|12.0628901734104|12.1028901734104|12.1428901734104|12.1828901734104|12.2228901734104|12.2628901734104|12.3028901734104|12.3428901734104|12.3828901734104|12.4228901734104|12.4628901734104|12.5028901734104|12.5428901734104|12.5828901734104|12.6228901734104|12.6628901734104|12.7028901734104|12.7428901734104,0,365,0
121,562853.0811876152,4906034.025323216,80,0,80,1,1,ClassVars.csv,0,0,0.68,0,0,0,0.01,0,0,0,0,11.4886184210526|11.5286184210526|11.5686184210526|11.6086184210526|11.6486184210526|11.6886184210526|11.7286184210526|11.7686184210526|11.8086184210526|11.8486184210526|11.8886184210526|11.9286184210526|11.9686184210526|12.0086184210526|12.0486184210526|12.0886184210526|12.1286184210526|12.1686184210526|12.2086184210526|12.2486184210526|12.2886184210526|12.3286184210526|12.3686184210526|12.4086184210526|12.4486184210526|12.4886184210526|12.5286184210526|12.5686184210526|12.6086184210526|12.6486184210526|12.6886184210526|12.7286184210526|12.7686184210526|12.8086184210526|12.8486184210526|12.8886184210526|12.9286184210526|12.9686184210526|13.0086184210526|13.0486184210526|13.0886184210526|13.1286184210526|13.1686184210526|13.2086184210526|13.2486184210526|13.2886184210526|13.3286184210526|13.3686184210526|13.4086184210526|13.4486184210526|13.4886184210526|13.5286184210526,0,365,0
122,562303.7710212499,4905517.630332929,80,0,80,1,1,ClassVars.csv,0,0,0.68,0,0,0,0.01,0,0,0,0,11.4886184210526|11.5286184210526|11.5686184210526|11.6086184210526|11.6486184210526|11.6886184210526|11.7286184210526|11.7686184210526|11.8086184210526|11.8486184210526|11.8886184210526|11.9286184210526|11.9686184210526|12.0086184210526|12.0486184210526|12.0886184210526|12.1286184210526|12.1686184210526|12.2086184210526|12.2486184210526|12.2886184210526|12.3286184210526|12.3686184210526|12.4086184210526|12.4486184210526|12.4886184210526|12.5286184210526|12.5686184210526|12.6086184210526|12.6486184210526|12.6886184210526|12.7286184210526|12.7686184210526|12.8086184210526|12.8486184210526|12.8886184210526|12.9286184210526|12.9686184210526|13.0086184210526|13.0486184210526|13.0886184210526|13.1286184210526|13.1686184210526|13.2086184210526|13.2486184210526|13.2886184210526|13.3286184210526|13.3686184210526|13.4086184210526|13.4486184210526|13.4886184210526|13.5286184210526,0,365,0
123,567881.274871045,4905385.467791189,80,0,80,1,1,ClassVars.csv,0,0,0.68,0,0,0,0.01,0,0,0,0,10.7028901734104|10.7428901734104|10.7828901734104|10.8228901734104|10.8628901734104|10.9028901734104|10.9428901734104|10.9828901734104|11.0228901734104|11.0628901734104|11.1028901734104|11.1428901734104|11.1828901734104|11.2228901734104|11.2628901734104|11.3028901734104|11.3428901734104|11.3828901734104|11.4228901734104|11.4628901734104|11.5028901734104|11.5428901734104|11.5828901734104|11.6228901734104|11.6628901734104|11.7028901734104|11.7428901734104|11.7828901734104|11.8228901734104|11.8628901734104|11.9028901734104|11.9428901734104|11.9828901734104|12.0228901734104|12.0628901734104|12.1028901734104|12.1428901734104|12.1828901734104|12.2228901734104|12.2628901734104|12.3028901734104|12.3428901734104|12.3828901734104|12.4228901734104|12.4628901734104|12.5028901734104|12.5428901734104|12.5828901734104|12.6228901734104|12.6628901734104|12.7028901734104|12.7428901734104,0,365,0
124,567207.8155141652,4905063.073222047,80,0,80,1,1,ClassVars.csv,0,0,0.68,0,0,0,0.01,0,0,0,0,10.7028901734104|10.7428901734104|10.7828901734104|10.8228901734104|10.8628901734104|10.9028901734104|10.9428901734104|10.9828901734104|11.0228901734104|11.0628901734104|11.1028901734104|11.1428901734104|11.1828901734104|11.2228901734104|11.2628901734104|11.3028901734104|11.3428901734104|11.3828901734104|11.4228901734104|11.4628901734104|11.5028901734104|11.5428901734104|11.5828901734104|11.6228901734104|11.6628901734104|11.7028901734104|11.7428901734104|11.7828901734104|11.8228901734104|11.8628901734104|11.9028901734104|11.9428901734104|11.9828901734104|12.0228901734104|12.0628901734104|12.1028901734104|12.1428901734104|12.1828901734104|12.2228901734104|12.2628901734104|12.3028901734104|12.3428901734104|12.3828901734104|12.4228901734104|12.4628901734104|12.5028901734104|12.5428901734104|12.5828901734104|12.6228901734104|12.6628901734104|12.7028901734104|12.7428901734104,0,365,0
125,566488.2549964904,4905057.740465977,80,0,80,1,1,ClassVars.csv,0,0,0.68,0,0,0,0.01,0,0,0,0,10.7028901734104|10.7428901734104|10.7828901734104|10.8228901734104|10.8628901734104|10.9028901734104|10.9428901734104|10.9828901734104|11.0228901734104|11.0628901734104|11.1028901734104|11.1428901734104|11.1828901734104|11.2228901734104|11.2628901734104|11.3028901734104|11.3428901734104|11.3828901734104|11.4228901734104|11.4628901734104|11.5028901734104|11.5428901734104|11.5828901734104|11.6228901734104|11.6628901734104|11.7028901734104|11.7428901734104|11.7828901734104|11.8228901734104|11.8628901734104|11.9028901734104|11.9428901734104|11.9828901734104|12.0228901734104|12.0628901734104|12.1028901734104|12.1428901734104|12.1828901734104|12.2228901734104|12.2628901734104|12.3028901734104|12.3428901734104|12.3828901734104|12.4228901734104|12.4628901734104|12.5028901734104|12.5428901734104|12.5828901734104|12.6228901734104|12.6628901734104|12.7028901734104|12.7428901734104,0,365,0
