0,1137.56432881541,34005.631636239,23594.564900572,24526.7914099079,25459.0179120713,24441.9136386179,23433.9148142169,21450.6679230753,20499.1408612888,19547.6136519379,18596.086385058,17644.5592186908,10761.416398321,9770.81578267797,8780.21519815302,29911.3815175253,28813.745488774,27716.1094987495,26618.4735051146,25520.8374141375,26424.2237306799,27684.327418621,11768.9585101175,11135.0881715,2957.16825516667,22808.809613231,21748.593011226,20688.3760187695,19628.1591066269,29204.6126030818,28241.0681992636,30193.409855649,32971.3399821418,31916.3619044787,16661.2770535976,15646.2399511774,15515.6732952225,16530.7103834102,17545.7475021931,18560.7846311193,19575.8217588098,20590.8588409438,21605.8959485305,22620.9330984016,29654.4885090108,28624.080903668,27593.6732633557,26563.2657001595,25532.8580547364,24502.450462063,23472.0429758877,22441.6354706169,29447.1457945476,28444.3838413704,27441.6220017078,26438.8599855754,25436.09809846,24433.3361027418,23430.57435409,22427.8124378478,1052.27073100434,2019.24786393636,2986.22489560378,3953.20185707731,4920.17890806711,5887.15594694249,6854.13305751487,7821.109978713,8788.08704064727,9755.06420347169,10722.0413092551,11689.0183588449,12655.9954034364,13622.9724858395,14589.9494881384,8039.04644281221,7028.73469566555,6018.42288976516,5008.11106722262,33844.347110143,32794.4456923065,31744.5443364416,30694.6429840787,14464.9523193283,13548.3135833751,12631.674799346,11715.0359947796,17780.8875708816,16868.8395224772,15956.7913375264,29674.3534954204,28667.7081304285,27661.0628600972,26654.4174970869,25647.7720703731,27849.511482007,26936.1485572716,26022.7855525278,25109.4224842468,24196.059469532,30789.8416056939,29718.7286735037,28647.6157153531,27576.5027379887,26505.3898321481,25434.2766454721,24363.163682136,20592.3906382715,19599.6089889845,30004.990372001,28977.0839655499,27949.1775002593,22882.5710248646,21810.8947568234,20739.2185906939,19667.5423552752,18595.8661173896,17524.1898790778,31802.5245154184,30788.6975283245,29774.8705014886,32269.7531716855,31429.7288369007,30589.7045312331
1137.56432881541,0,35143.1959650544,24732.1292293874,25664.3557387233,26596.5822408867,25579.4779674333,24571.4791430323,22588.2322518907,21636.7051901042,20685.1779807533,19733.6507138734,18782.1235475062,11898.9807271364,10908.3801114934,9917.77952696842,31048.9458463407,29951.3098175894,28853.6738275649,27756.03783393,26658.4017429529,27561.7880594953,28821.8917474364,12906.5228389329,12272.6525003154,4094.73258398208,23946.3739420464,22886.1573400414,21825.9403475849,20765.7234354423,30342.1769318972,29378.632528079,31330.9741844644,34108.9043109572,33053.9262332941,17798.841382413,16783.8042799928,16653.2376240379,17668.2747122256,18683.3118310085,19698.3489599347,20713.3860876252,21728.4231697592,22743.460277346,23758.497427217,30792.0528378262,29761.6452324834,28731.2375921711,27700.830028975,26670.4223835518,25640.0147908784,24609.6073047031,23579.1997994323,30584.710123363,29581.9481701858,28579.1863305232,27576.4243143908,26573.6624272754,25570.9004315572,24568.1386829054,23565.3767666632,2189.83505981975,3156.81219275177,4123.78922441918,5090.76618589271,6057.74323688251,7024.72027575789,7991.69738633028,8958.67430752841,9925.65136946267,10892.6285322871,11859.6056380705,12826.5826876603,13793.5597322518,14760.5368146549,15727.5138169538,9176.61077162761,8166.29902448095,7155.98721858056,6145.67539603803,34981.9114389584,33932.0100211219,32882.108665257,31832.2073128942,15602.5166481437,14685.8779121905,13769.2391281615,12852.600323595,18918.451899697,18006.4038512926,17094.3556663418,30811.9178242358,29805.2724592439,28798.6271889126,27791.9818259023,26785.3363991885,28987.0758108224,28073.712886087,27160.3498813432,26246.9868130622,25333.6237983474,31927.4059345093,30856.2930023191,29785.1800441685,28714.0670668041,27642.9541609635,26571.8409742875,25500.7280109514,21729.9549670869,20737.1733178,31142.5547008164,30114.6482943653,29086.7418290747,24020.13535368,22948.4590856388,21876.7829195093,20805.1066840906,19733.430446205,18661.7542078932,32940.0888442339,31926.2618571399,30912.434830304,33407.3175005009,32567.2931657161,31727.2688600485
34005.6316362389,35143.1959650544,0,27453.3204753047,28385.5469846406,29317.7734868041,28300.6692133506,27292.6703889496,12554.9637131636,13506.4907749501,14458.0179843011,15409.545251181,16361.0724175482,28197.2182745298,27206.6176588869,26216.0170743619,33770.1370922581,32672.5010635067,31574.8650734822,30477.2290798473,29379.5929888702,30282.9793054127,31543.0829933537,23110.2939514651,24368.8848676802,31860.3845145437,22837.7377727715,21777.5211707665,20717.3041783101,19657.0872661675,19357.3810500456,18393.8366462274,16543.8272251885,1034.29165409713,2089.26973176019,17344.3545826413,18359.3916850615,19374.4288699552,20389.465958143,21404.5030769259,22419.5402058521,23434.5773335425,24449.6144156766,25464.6515232633,26479.6886731343,4351.14312722816,5381.5507325709,6411.95837288325,7442.36593607939,8472.77358150254,9503.18117417595,10533.5886603512,11563.996165622,19599.9142415113,18597.1522883341,17594.3904486715,16591.6284325391,15588.8665454237,14586.1045497055,13583.3428010537,12580.5808848115,32953.3609052346,31986.3837723026,31019.4067406352,30052.4297791616,29085.4527281718,28118.4756892965,27151.4985787241,26184.5216575259,25217.5445955917,24250.5674327673,23283.5903269839,22316.613277394,21349.6362328025,20382.6591503994,19415.6821481005,33038.7678218405,32028.4560746939,31018.1442687935,30007.832446251,5072.23286847597,4022.33145063945,2972.43009477452,3310.98865216019,31900.7541955371,30984.115459584,30067.4766755549,29150.8378709885,20784.9846991878,19872.9366507833,18960.8884658326,33533.1090701532,32526.4637051612,31519.81843483,30513.1730718196,29506.5276451058,31708.2670567397,30794.9041320044,29881.5411272605,28968.1780589796,28054.8150442648,17140.2589752334,16069.1460430432,14998.0330848926,13926.9201075282,12855.8072016876,11784.6940150116,10713.5810516755,24451.1462130042,23458.3645637173,16355.4077415405,15327.5013350894,14299.5948697988,22911.4991844052,21839.8229163639,20768.1467502345,19696.4705148157,18624.7942769301,17553.1180386183,18152.941884958,17139.114897864,16125.2878710281,5936.00022369052,5095.97588890575,4255.9515832381
23594.564900572,24732.1292293874,27453.3204753047,0,932.226509335907,1864.45301149936,1779.5752677771,771.576443376079,14898.3567621411,13946.8297003546,12995.3024910036,12043.7752241238,11092.2480577565,17786.1515388629,16795.5509232199,15804.9503386949,6316.81661695339,5219.180588202,4121.54459817751,3023.90860454262,1926.27251356551,3761.88535983913,5021.98904778019,12699.2272157981,13957.8181320132,21449.3177788767,16256.4984522967,15196.2818502917,14136.0648578353,13075.8479456927,22652.3014421476,21688.7570383294,23641.0986947148,26419.0288212076,25364.0507435445,10108.9658926634,9093.92879024316,8078.89160534946,7063.85451716173,6048.81739837882,5033.78026945266,4018.74314176217,3003.70605962811,1988.6689520414,973.631802170378,23102.1773480765,22071.7697427338,21041.3621024214,20010.9545392253,18980.5468938022,17950.1393011287,16919.7318149535,15889.3243096827,22894.8346336134,21892.0726804362,20889.3108407735,19886.5488246412,18883.7869375258,17881.0249418076,16878.2631931558,15875.5012769135,22542.2941695676,21575.3170366356,20608.3400049682,19641.3630434946,18674.3859925048,17707.4089536295,16740.4318430571,15773.4549218589,14806.4778599247,13839.5006971003,12872.5235913169,11905.546541727,10938.5694971355,9971.59241473244,9004.61541243353,22627.7010861735,21617.3893390269,20607.0775331265,19596.765710584,27292.0359492088,26242.1345313723,25192.2331755073,24142.3318231445,21489.6874598702,20573.048723917,19656.4099398879,18739.7711353215,11228.5764099474,10316.5283615429,9404.48017659217,7012.01512457965,6005.36975958768,4998.7244892564,3992.07912624608,2985.43369953227,5187.17311116618,4273.81018643082,3360.44718168699,2447.084113406,1533.72109869121,24237.5304447596,23166.4175125695,22095.3045544189,21024.1915770545,19953.0786712139,18881.9654845378,17810.8525212018,5980.51920983,4987.73756054307,23452.6792110668,22424.7728046156,21396.8663393251,16330.2598639304,15258.5835958891,14186.9074297597,13115.231194341,12043.5549564553,10971.8787181435,25250.2133544842,24236.3863673903,23222.5593405543,25717.4420107512,24877.4176759665,24037.3933702988
24526.7914099079,25664.3557387233,28385.5469846406,932.226509335907,0,932.226502163457,2711.80177711301,1703.80295271199,15830.583271477,14879.0562096905,13927.5290003396,12976.0017334597,12024.4745670924,18718.3780481988,17727.7774325558,16737.1768480308,5384.59010761748,4286.9540788661,3189.3180888416,2091.68209520671,994.046004229608,4694.11186917504,5954.21555711609,13631.453725134,14890.0446413491,22381.5442882126,17188.7249616327,16128.5083596276,15068.2913671712,14008.0744550286,23584.5279514835,22620.9835476653,24573.3252040507,27351.2553305435,26296.2772528804,11041.1924019993,10026.1552995791,9011.11811468537,7996.08102649764,6981.04390771473,5966.00677878857,4950.96965109808,3935.93256896402,2920.89546137731,1905.85831150628,24034.4038574125,23003.9962520697,21973.5886117574,20943.1810485612,19912.7734031381,18882.3658104647,17851.9583242894,16821.5508190186,23827.0611429493,22824.2991897721,21821.5373501095,20818.7753339771,19816.0134468617,18813.2514511435,17810.4897024917,16807.7277862494,23474.5206789035,22507.5435459715,21540.5665143041,20573.5895528305,19606.6125018407,18639.6354629654,17672.658352393,16705.6814311949,15738.7043692606,14771.7272064362,13804.7501006528,12837.7730510629,11870.7960064715,10903.8189240683,9936.84192176944,23559.9275955095,22549.6158483628,21539.3040424624,20528.9922199199,28224.2624585447,27174.3610407082,26124.4596848432,25074.5583324804,22421.9139692061,21505.2752332529,20588.6364492238,19671.9976446574,12160.8029192833,11248.7548708789,10336.7066859281,7944.24163391556,6937.59626892359,5930.95099859231,4924.30563558198,3917.66020886818,6119.39962050209,5206.03669576673,4292.67369102289,3379.3106227419,2465.94760802712,25169.7569540955,24098.6440219054,23027.5310637548,21956.4180863904,20885.3051805498,19814.1919938737,18743.0790305377,6912.7457191659,5919.96406987897,24384.9057204027,23356.9993139515,22329.092848661,17262.4863732663,16190.810105225,15119.1339390956,14047.4577036769,12975.7814657913,11904.1052274794,26182.4398638201,25168.6128767262,24154.7858498902,26649.6685200872,25809.6441853024,24969.6198796347
25459.0179120713,26596.5822408867,29317.7734868041,1864.45301149936,932.226502163457,0,3644.02827927646,2636.02945487544,16762.8097736404,15811.2827118539,14859.755502503,13908.2282356231,12956.7010692559,19650.6045503622,18660.0039347192,17669.4033501943,5426.36073275376,4328.72470400237,3231.08871397788,2133.45272034299,1035.81662936589,5626.3383713385,6886.44205927955,14563.6802272975,15822.2711435125,23313.7707903761,18120.9514637961,17060.7348617911,16000.5178693346,14940.3009571921,24516.754453647,23553.2100498288,25505.5517062141,28283.4818327069,27228.5037550439,11973.4189041628,10958.3818017425,9943.34461684883,8928.30752866109,7913.27040987818,6898.23328095202,5883.19615326153,4868.15907112748,3853.12196354077,2838.08481366974,24966.6303595759,23936.2227542332,22905.8151139208,21875.4075507247,20844.9999053015,19814.5923126281,18784.1848264529,17753.777321182,24759.2876451127,23756.5256919356,22753.7638522729,21751.0018361405,20748.2399490251,19745.477953307,18742.7162046552,17739.9542884129,24406.747181067,23439.770048135,22472.7930164675,21505.816054994,20538.8390040042,19571.8619651288,18604.8848545564,17637.9079333583,16670.930871424,15703.9537085996,14736.9766028163,13769.9995532264,12803.0225086349,11836.0454262318,10869.0684239329,24492.1540976729,23481.8423505263,22471.5305446259,21461.2187220833,29156.4889607081,28106.5875428716,27056.6861870067,26006.7848346439,23354.1404713695,22437.5017354163,21520.8629513873,20604.2241468209,13093.0294214467,12180.9813730423,11268.9331880915,8876.46813607901,7869.82277108704,6863.17750075577,5856.53213774544,4849.88671103164,7051.62612266555,6138.26319793019,5224.90019318635,4311.53712490536,3398.17411019058,26101.983456259,25030.8705240688,23959.7575659183,22888.6445885538,21817.5316827133,20746.4184960372,19675.3055327012,7844.97222132936,6852.19057204243,25317.1322225661,24289.225816115,23261.3193508245,18194.7128754297,17123.0366073885,16051.3604412591,14979.6842058403,13908.0079679547,12836.3317296429,27114.6663659836,26100.8393788896,25087.0123520537,27581.8950222506,26741.8706874658,25901.8463817982
24441.9136386179,25579.4779674333,28300.6692133506,1779.5752677771,2711.80177711301,3644.02827927646,0,1007.99882440102,15745.705500187,14794.1784384005,13842.6512290496,12891.1239621697,11939.5967958025,18633.5002769088,17642.8996612658,16652.2990767409,8096.39188473049,6998.7558559791,5901.1198659546,4803.48387231972,3705.84778134261,3387.38143769235,4647.4851256334,13546.5759538441,14805.1668700591,22296.6665169227,17103.8471903427,16043.6305883377,14983.4135958812,13923.1966837386,23499.6501801935,22536.1057763753,24488.4474327607,27266.3775592535,26211.3994815904,10956.3146307093,9941.27752828909,8926.2403433954,7911.20325520766,6896.16613642475,5881.12900749859,4866.0918798081,3851.05479767404,2836.01769008734,1820.98054021631,23949.5260861225,22919.1184807797,21888.7108404674,20858.3032772713,19827.8956318481,18797.4880391747,17767.0805529994,16736.6730477286,23742.1833716593,22739.4214184821,21736.6595788195,20733.8975626871,19731.1356755717,18728.3736798535,17725.6119312017,16722.8500149595,23389.6429076135,22422.6657746815,21455.6887430141,20488.7117815406,19521.7347305508,18554.7576916754,17587.780581103,16620.8036599049,15653.8265979706,14686.8494351462,13719.8723293628,12752.8952797729,11785.9182351815,10818.9411527784,9851.96415047947,23475.0498242195,22464.7380770728,21454.4262711724,20444.1144486299,28139.3846872547,27089.4832694182,26039.5819135533,24989.6805611904,22337.0361979161,21420.3974619629,20503.7586779339,19587.1198733675,12075.9251479933,11163.8770995889,10251.8289146381,5232.43985680255,4225.79449181058,3219.14922147931,2212.50385846898,1205.85843175518,4812.6691890194,3899.30626428404,2985.9432595402,2072.58019125922,1159.21717654443,25084.8791828056,24013.7662506154,22942.6532924648,21871.5403151004,20800.4274092598,19729.3142225838,18658.2012592477,6827.86794787593,5835.086298589,24300.0279491127,23272.1215426616,22244.215077371,17177.6086019763,16105.932333935,15034.2561678056,13962.5799323869,12890.9036945013,11819.2274561895,26097.5620925301,25083.7351054362,24069.9080786003,26564.7907487972,25724.7664140124,24884.7421083448
23433.9148142169,24571.4791430323,27292.6703889496,771.576443376079,1703.80295271199,2636.02945487544,1007.99882440102,0,14737.706675786,13786.1796139995,12834.6524046486,11883.1251377687,10931.5979714014,17625.5014525078,16634.9008368648,15644.3002523398,7088.39306032947,5990.75703157808,4893.12104155359,3795.4850479187,2697.84895694159,2990.30891646305,4250.41260440411,12538.577129443,13797.1680456581,21288.6676925216,16095.8483659417,15035.6317639366,13975.4147714802,12915.1978593376,22491.6513557925,21528.1069519743,23480.4486083597,26258.3787348525,25203.4006571894,9948.3158063083,8933.27870388807,7918.24151899438,6903.20443080664,5888.16731202373,4873.13018309757,3858.09305540708,2843.05597327302,1828.01886568632,812.98171581529,22941.5272617214,21911.1196563787,20880.7120160664,19850.3044528702,18819.8968074471,17789.4892147737,16759.0817285984,15728.6742233276,22734.1845472583,21731.4225940811,20728.6607544185,19725.8987382861,18723.1368511707,17720.3748554525,16717.6131068007,15714.8511905584,22381.6440832125,21414.6669502805,20447.6899186131,19480.7129571395,18513.7359061497,17546.7588672744,16579.781756702,15612.8048355039,14645.8277735696,13678.8506107452,12711.8735049618,11744.8964553719,10777.9194107805,9810.94232837735,8843.96532607844,22467.0509998185,21456.7392526718,20446.4274467714,19436.1156242289,27131.3858628537,26081.4844450172,25031.5830891522,23981.6817367894,21329.0373735151,20412.3986375619,19495.7598535329,18579.1210489664,11067.9263235923,10155.8782751879,9243.83009023708,6240.43868120357,5233.7933162116,4227.14804588033,3220.50268287,2213.8572561562,4415.5966677901,3502.23374305475,2588.87073831091,1675.50767002992,762.144655315134,24076.8803584045,23005.7674262144,21934.6544680638,20863.5414906994,19792.4285848588,18721.3153981827,17650.2024348467,5819.86912347491,4827.08747418798,23292.0291247117,22264.1227182605,21236.21625297,16169.6097775753,15097.933509534,14026.2573434046,12954.5811079859,11882.9048701003,10811.2286317884,25089.5632681291,24075.7362810352,23061.9092541992,25556.7919243962,24716.7675896114,23876.7432839437
21450.6679230753,22588.2322518907,12554.9637131636,14898.3567621411,15830.583271477,16762.8097736404,15745.705500187,14737.706675786,0,951.527061786476,1903.05427113742,2854.58153801731,3806.10870438453,15642.2545613662,14651.6539457232,13661.0533611983,21215.1733790944,20117.5373503431,19019.9013603186,17922.2653666837,16824.6292757066,17728.015592249,18988.1192801901,10555.3302383015,11813.9211545165,19305.4208013801,10282.7740596079,9222.55745760288,8162.34046514641,7102.12355300385,7753.94468000655,6790.40027618834,8742.74193257374,11520.6720590665,10465.6939814035,4789.39086947767,5804.4279718979,6819.4651567916,7834.50224497933,8849.53936376224,9864.5764926884,10879.6136203789,11894.650702513,12909.6878100997,13924.7249599707,8203.82058593548,7173.41298059275,6143.00534028039,5112.59777708425,4082.1901316611,3051.78253898769,2021.37505281244,990.967547541607,7996.4778714723,6993.71591829513,5990.95407863249,4988.19206250012,3985.43017538471,2982.66817966653,1979.90643101473,977.144514772456,20398.397192071,19431.4200591389,18464.4430274715,17497.466065998,16530.4890150082,15563.5119761328,14596.5348655604,13629.5579443623,12662.580882428,11695.6037196036,10728.6266138202,9761.64956423034,8794.67251963889,7827.69543723578,6860.71843493687,20483.8041086769,19473.4923615302,18463.1805556298,17452.8687330873,12393.6791870677,11343.7777692312,10293.8764133663,9243.97506100346,19345.7904823735,18429.1517464203,17512.5129623913,16595.8741578249,8230.02098602414,7317.9729376197,6405.92475266893,20978.1453569895,19971.4999919976,18964.8547216663,17958.209358656,16951.5639319422,19153.3033435761,18239.9404188407,17326.5774140969,16413.2143458159,15499.8513311011,9339.17368261857,8268.06075042844,7196.94779227785,6125.83481491342,5054.72190907284,3983.60872239676,2912.49575906073,11896.1824998406,10903.4008505537,8554.32244892571,7526.41604247458,6498.50957718404,10356.5354712415,9284.85920320026,8213.18303707083,7141.5068016521,6069.83056376648,4998.15432545467,10351.8565923432,9338.02960524921,8324.20257841328,10819.0852486102,9979.06091382542,9139.03660815777
20499.1408612888,21636.7051901042,13506.4907749501,13946.8297003546,14879.0562096905,15811.282711854,14794.1784384005,13786.1796139995,951.527061786476,0,951.527209350939,1903.05447623083,2854.58164259805,14690.7274995797,13700.1268839367,12709.5262994118,20263.646317308,19166.0102885566,18068.3742985321,16970.7383048972,15873.1022139201,16776.4885304626,18036.5922184036,9603.80317651499,10862.39409273,18353.8937395936,9331.24699782141,8271.0303958164,7210.81340335994,6150.59649121737,8705.47174179302,7741.92733797482,9694.26899436021,12472.199120853,11417.2210431899,3837.8638076912,4852.90091011143,5867.93809500512,6882.97518319286,7898.01230197577,8913.04943090193,9928.08655859242,10943.1236407265,11958.1607483132,12973.1978981842,9155.34764772196,8124.94004237922,7094.53240206687,6064.12483887073,5033.71719344757,4003.30960077417,2972.90211459891,1942.49460932808,8948.00493325877,7945.24298008161,6942.48114041896,5939.7191242866,4936.95723717119,3934.195241453,2931.43349280121,1928.67157655893,19446.8701302845,18479.8929973525,17512.915965685,16545.9390042115,15578.9619532217,14611.9849143463,13645.0078037739,12678.0308825758,11711.0538206415,10744.0766578171,9777.09955203376,8810.12250244387,7843.14545785241,6876.1683754493,5909.19137315039,19532.2770468904,18521.9652997438,17511.6534938434,16501.3416713008,13345.2062488542,12295.3048310177,11245.4034751528,10195.5021227899,18394.263420587,17477.6246846338,16560.9859006048,15644.3470960384,7278.49392423766,6366.44587583323,5454.39769088245,20026.6182952031,19019.9729302111,18013.3276598798,17006.6822968695,16000.0368701557,18201.7762817896,17288.4133570543,16375.0503523104,15461.6872840294,14548.3242693146,10290.700744405,9219.58781221491,8148.47485406432,7077.36187669989,6006.24897085931,4935.13578418324,3864.02282084721,10944.6554380541,9951.87378876718,9505.84951071218,8477.94310426106,7450.03663897051,9405.00840945505,8333.33214141378,7261.65597528436,6189.97973986562,5118.30350198001,4046.62726366819,11303.3836541296,10289.5566670357,9275.72964019976,11770.6123103967,10930.5879756119,10090.5636699442
19547.6136519379,20685.1779807533,14458.0179843011,12995.3024910036,13927.5290003396,14859.755502503,13842.6512290496,12834.6524046486,1903.05427113741,951.527209350939,0,951.527266879892,1903.05443324711,13739.2002902288,12748.5996745858,11757.9990900608,19312.119107957,18214.4830792056,17116.8470891812,16019.2110955463,14921.5750045692,15824.9613211116,17085.0650090527,8652.27596716405,9910.8668833791,17402.3665302427,8379.71978847047,7319.50318646546,6259.286194009,5199.06928186643,9656.99895114396,8693.45454732576,10645.7962037112,13423.7263302039,12368.7482525409,2886.33659834026,3901.37370076049,4916.41088565418,5931.44797384192,6946.48509262483,7961.52222155099,8976.55934924148,9991.59643137554,11006.6335389622,12021.6706888333,10106.8748570729,9076.46725173016,8046.05961141781,7015.65204822167,5985.24440279851,4954.83681012511,3924.42932394985,2894.02181867902,9899.53214260971,8896.77018943255,7894.0083497699,6891.24633363754,5888.48444652213,4885.72245080394,3882.96070215215,2880.19878590987,18495.3429209335,17528.3657880015,16561.3887563341,15594.4117948606,14627.4347438708,13660.4577049954,12693.480594423,11726.5036732249,10759.5266112906,9792.54944846618,8825.57234268282,7858.59529309293,6891.61824850147,5924.64116609836,4957.66416379945,18580.7498375395,17570.4380903928,16560.1262844924,15549.8144619499,14296.7334582051,13246.8320403686,12196.9306845037,11147.0293321409,17442.7362112361,16526.0974752829,15609.4586912539,14692.8198866875,6326.96671488672,5414.91866648229,4502.87048153151,19075.0910858521,18068.4457208602,17061.8004505289,16055.1550875186,15048.5096608048,17250.2490724387,16336.8861477033,15423.5231429595,14510.1600746785,13596.7970599637,11242.227953756,10171.1150215659,9100.00206341526,8028.88908605083,6957.77618021025,5886.66299353418,4815.55003019815,9993.12822870318,9000.34657941624,10457.3767200631,9429.470313612,8401.56384832145,8453.48120010411,7381.80493206284,6310.12876593342,5238.45253051468,4166.77629262907,3095.10005431725,12254.9108634806,11241.0838763866,10227.2568495507,12722.1395197476,11882.1151849628,11042.0908792952
18596.086385058,19733.6507138734,15409.545251181,12043.7752241238,12976.0017334597,13908.2282356231,12891.1239621697,11883.1251377687,2854.58153801731,1903.05447623083,951.527266879892,0,951.527166367222,12787.6730233489,11797.0724077059,10806.4718231809,18360.5918410771,17262.9558123258,16165.3198223013,15067.6838286664,13970.0477376893,14873.4340542317,16133.5377421728,7700.74870028415,8959.33961649921,16450.8392633628,7428.19252159058,6367.97591958557,5307.75892712911,4247.54201498654,10608.5262180239,9644.98181420565,11597.323470591,14375.2535970838,13320.2755194208,1934.80933146037,2949.8464338806,3964.88361877429,4979.92070696202,5994.95782574494,7009.9949546711,8025.03208236159,9040.06916449564,10055.1062720824,11070.1434219534,11058.4021239528,10027.9945186101,8997.5868782977,7967.17931510156,6936.7716696784,5906.364077005,4875.95659082975,3845.54908555891,10851.0594094896,9848.29745631244,8845.5356166498,7842.77360051743,6840.01171340202,5837.24971768384,4834.48796903204,3831.72605278976,17543.8156540536,16576.8385211216,15609.8614894542,14642.8845279807,13675.9074769909,12708.9304381155,11741.9533275431,10774.976406345,9807.99934441071,8841.02218158629,7874.04507580293,6907.06802621304,5940.09098162158,4973.11389921847,4006.13689691956,17629.2225706596,16618.9108235129,15608.5990176125,14598.28719507,15248.260725085,14198.3593072485,13148.4579513836,12098.5565990208,16491.2089443562,15574.570208403,14657.931424374,13741.2926198076,5375.43944800683,4463.3913996024,3551.34321465162,18123.5638189722,17116.9184539803,16110.273183649,15103.6278206387,14096.9823939249,16298.7218055588,15385.3588808234,14471.9958760796,13558.6328077986,12645.2697930838,12193.7552206359,11122.6422884457,10051.5293302952,8980.41635293072,7909.30344709014,6838.19026041407,5767.07729707804,9041.60096182328,8048.81931253635,11408.903986943,10380.9975804919,9353.09111520134,7501.95393322422,6430.27766518295,5358.60149905353,4286.92526363479,3215.24902574918,2143.57278743736,13206.4381303605,12192.6111432665,11178.7841164306,13673.6667866275,12833.6424518427,11993.6181461751
17644.5592186908,18782.1235475062,16361.0724175482,11092.2480577565,12024.4745670924,12956.7010692559,11939.5967958025,10931.5979714014,3806.10870438453,2854.58164259805,1903.05443324711,951.527166367222,0,11836.1458569817,10845.5452413387,9854.94465681372,17409.0646747099,16311.4286459585,15213.792655934,14116.1566622992,13018.520571322,13921.9068878645,15182.0105758056,6749.22153391693,8007.81245013199,15499.3120969955,6476.66535522336,5416.44875321835,4356.23176076188,3296.01484861932,11560.0533843911,10596.5089805729,12548.8506369583,15326.780763451,14271.802685788,983.282165093144,1998.31926751337,3013.35645240707,4028.3935405948,5043.43065937771,6058.46778830387,7073.50491599436,8088.54199812842,9103.57910571513,10118.6162555862,12009.92929032,10979.5216849773,9949.11404466492,8918.70648146878,7888.29883604563,6857.89124337222,5827.48375719697,4797.07625192614,11802.5865758568,10799.8246226797,9797.06278301702,8794.30076688465,7791.53887976924,6788.77688405106,5786.01513539926,4783.25321915698,16592.2884876864,15625.3113547544,14658.334323087,13691.3573616134,12724.3803106236,11757.4032717483,10790.4261611759,9823.44923997775,8856.47217804349,7889.49501521907,6922.5179094357,5955.54085984581,4988.56381525436,4021.58673285125,3054.60973055234,16677.6954042923,15667.3836571457,14657.0718512453,13646.7600287028,16199.7878914522,15149.8864736157,14099.9851177508,13050.083765388,15539.681777989,14623.0430420358,13706.4042580067,12789.7654534403,4423.91228163961,3511.86423323517,2599.8160482844,17172.036652605,16165.391287613,15158.7460172818,14152.1006542714,13145.4552275576,15347.1946391916,14433.8317144562,13520.4687097124,12607.1056414314,11693.7426267166,13145.2823870031,12074.169454813,11003.0564966624,9931.94351929795,8860.83061345737,7789.71742678129,6718.60446344526,8090.07379545606,7097.29214616913,12360.4311533102,11332.5247468591,10304.6182815686,6550.426766857,5478.75049881573,4407.0743326863,3335.39809726757,2263.72185938195,1192.04562107014,14157.9652967277,13144.1383096337,12130.3112827978,14625.1939529947,13785.1696182099,12945.1453125423
10761.416398321,11898.9807271364,28197.2182745298,17786.1515388629,18718.3780481988,19650.6045503622,18633.5002769088,17625.5014525078,15642.2545613662,14690.7274995797,13739.2002902288,12787.6730233489,11836.1458569817,0,990.600615642985,1981.20120016793,24102.9681558162,23005.3321270648,21907.6961370404,20810.0601434055,19712.4240524284,20615.8103689708,21875.9140569119,5960.54514840841,5326.67480979087,8616.16927662573,17000.3962515219,15940.1796495169,14879.9626570604,13819.7457449178,23396.1992413727,22432.6548375545,24384.9964939399,27162.9266204327,26107.9485427696,10852.8636918885,9837.82658946828,9707.25993351338,10722.2970217011,11737.334140484,12752.3712694102,13767.4083971007,14782.4454792347,15797.4825868214,16812.5197366925,23846.0751473017,22815.6675419589,21785.2599016466,20754.8523384504,19724.4446930273,18694.0371003539,17663.6296141786,16633.2221089078,23638.7324328385,22635.9704796613,21633.2086399987,20630.4466238663,19627.6847367509,18624.9227410327,17622.1609923809,16619.3990761386,9709.14566731661,8742.16853438459,7775.19150271717,6808.21454124364,5841.23749025384,4874.26045137846,3907.28334080608,2940.30641960795,2979.67367893817,3946.65084176259,4913.62794754595,5880.60499713584,6847.5820417273,7814.55912413041,8781.53612642932,9794.55258392255,8784.2408367759,7773.9290308755,6763.61720833297,28035.9337484339,26986.0323305974,25936.1309747325,24886.2296223696,3703.53592100731,2786.89718505411,1870.2584010251,953.619596458682,11972.4742091725,11060.4261607681,10148.3779758173,23865.9401337113,22859.2947687194,21852.6494983881,20846.0041353778,19839.358708664,22041.0981202979,21127.7351955625,20214.3721908187,19301.0091225377,18387.6461078229,24981.4282439847,23910.3153117946,22839.202353644,21768.0893762796,20696.976470439,19625.863283763,18554.7503204269,14783.9772765624,13791.1956272754,24196.5770102919,23168.6706038408,22140.7641385502,17074.1576631555,16002.4813951142,14930.8052289848,13859.1289935661,12787.4527556805,11715.7765173686,25994.1111537093,24980.2841666154,23966.4571397795,26461.3398099764,25621.3154751916,24781.291169524
9770.81578267797,10908.3801114934,27206.6176588868,16795.5509232199,17727.7774325558,18660.0039347192,17642.8996612658,16634.9008368648,14651.6539457232,13700.1268839367,12748.5996745858,11797.0724077059,10845.5452413387,990.600615642985,0,990.60058452495,23112.3675401733,22014.7315114219,20917.0955213974,19819.4595277625,18721.8234367854,19625.2097533278,20885.3134412689,4969.94453276543,4336.07419414788,7625.56866098275,16009.7956358789,14949.5790338739,13889.3620414174,12829.1451292748,22405.5986257297,21442.0542219115,23394.3958782969,26172.3260047897,25117.3479271266,9862.26307624553,8847.2259738253,8716.6593178704,9731.69640605814,10746.733524841,11761.7706537672,12776.8077814577,13791.8448635918,14806.8819711785,15821.9191210495,22855.4745316587,21825.0669263159,20794.6592860036,19764.2517228075,18733.8440773843,17703.4364847109,16673.0289985356,15642.6214932648,22648.1318171955,21645.3698640183,20642.6080243557,19639.8460082233,18637.0841211079,17634.3221253897,16631.5603767379,15628.7984604957,8718.54505167363,7751.5679187416,6784.59088707419,5817.61392560066,4850.63687461086,3883.65983573548,2916.68272516309,1949.70580396497,1989.07306329518,2956.0502261196,3923.02733190297,4890.00438149286,5856.98142608431,6823.95850848742,7790.93551078633,8803.95196827957,7793.64022113291,6783.32841523252,5773.01659268999,27045.3331327909,25995.4317149544,24945.5303590895,23895.6290067266,4694.13653665029,3777.49780069709,2860.85901666808,1944.22021210167,10981.8735935295,10069.8255451251,9157.77736017431,22875.3395180683,21868.6941530764,20862.0488827451,19855.4035197348,18848.758093021,21050.4975046549,20137.1345799195,19223.7715751757,18310.4085068947,17397.0454921799,23990.8276283418,22919.7146961516,21848.601738001,20777.4887606366,19706.375854796,18635.26266812,17564.1497047839,13793.3766609194,12800.5950116325,23205.9763946489,22178.0699881978,21150.1635229072,16083.5570475125,15011.8807794713,13940.2046133418,12868.5283779231,11796.8521400375,10725.1759017257,25003.5105380664,23989.6835509724,22975.8565241365,25470.7391943334,24630.7148595486,23790.690553881
8780.21519815302,9917.77952696843,26216.0170743619,15804.9503386949,16737.1768480308,17669.4033501943,16652.2990767409,15644.3002523398,13661.0533611983,12709.5262994118,11757.9990900608,10806.4718231809,9854.94465681372,1981.20120016793,990.600584524949,0,22121.7669556483,21024.1309268969,19926.4949368724,18828.8589432375,17731.2228522604,18634.6091688029,19894.7128567439,3979.34394824048,3345.47360962293,6634.9680764578,15019.1950513539,13958.9784493489,12898.7614568925,11838.5445447499,21414.9980412048,20451.4536373866,22403.795293772,25181.7254202648,24126.7473426017,8871.66249172058,7856.62538930035,7726.05873334545,8741.09582153319,9756.1329403161,10771.1700692423,11786.2071969327,12801.2442790668,13816.2813866535,14831.3185365245,21864.8739471337,20834.466341791,19804.0587014786,18773.6511382825,17743.2434928594,16712.8359001859,15682.4284140107,14652.0209087399,21657.5312326706,20654.7692794934,19652.0074398307,18649.2454236984,17646.483536583,16643.7215408648,15640.959792213,14638.1978759707,7727.94446714868,6760.96733421666,5793.99030254924,4827.01334107571,3860.03629008591,2893.05925121053,1926.08214063814,959.105219440016,998.472478770234,1965.44964159465,2932.42674737802,3899.40379696791,4866.38084155937,5833.35792396248,6800.33492626139,7813.35138375462,6803.03963660796,5792.72783070757,4782.41600816504,26054.732548266,25004.8311304295,23954.9297745645,22905.0284222017,5684.73712117524,4768.09838522204,3851.45960119303,2934.82079662662,9991.27300900457,9079.22496060014,8167.17677564936,21884.7389335434,20878.0935685514,19871.4482982202,18864.8029352098,17858.157508496,20059.8969201299,19146.5339953946,18233.1709906507,17319.8079223698,16406.444907655,23000.2270438168,21929.1141116267,20858.0011534761,19786.8881761117,18715.7752702711,17644.662083595,16573.549120259,12802.7760763944,11809.9944271075,22215.375810124,21187.4694036728,20159.5629383823,15092.9564629876,14021.2801949463,12949.6040288169,11877.9277933982,10806.2515555125,9734.57531720072,24012.9099535414,22999.0829664475,21985.2559396115,24480.1386098084,23640.1142750237,22800.089969356
29911.3815175253,31048.9458463408,33770.1370922581,6316.81661695339,5384.59010761748,5426.36073275376,8096.39188473049,7088.39306032947,21215.1733790945,20263.646317308,19312.119107957,18360.5918410771,17409.0646747099,24102.9681558162,23112.3675401733,22121.7669556483,0,1097.63602875139,2195.27201877588,3292.90801241077,4390.54410338788,10078.7019767925,11338.8056647336,19016.0438327515,20274.6347489666,27766.1343958301,22573.3150692501,21513.0984672451,20452.8814747887,19392.6645626461,28969.118059101,28005.5736552828,29957.9153116682,32735.845438161,31680.8673604979,16425.7825096168,15410.7454071965,14395.7082223029,13380.6711341151,12365.6340153322,11350.5968864061,10335.5597587156,9320.5226765815,8305.48556899479,7290.44841912377,29418.9939650299,28388.5863596872,27358.1787193749,26327.7711561787,25297.3635107556,24266.9559180822,23236.5484319069,22206.1409266361,29211.6512505668,28208.8892973896,27206.127457727,26203.3654415946,25200.6035544792,24197.841558761,23195.0798101092,22192.3178938669,28859.110786521,27892.133653589,26925.1566219216,25958.179660448,24991.2026094582,24024.2255705829,23057.2484600105,22090.2715388123,21123.2944768781,20156.3173140537,19189.3402082703,18222.3631586804,17255.3861140889,16288.4090316858,15321.4320293869,28944.5177031269,27934.2059559803,26923.8941500799,25913.5823275374,33608.8525661622,32558.9511483257,31509.0497924607,30459.1484400979,27806.5040768235,26889.8653408704,25973.2265568413,25056.5877522749,17545.3930269008,16633.3449784963,15721.2967935456,13328.831741533,12322.1863765411,11315.5411062098,10308.8957431995,9302.25031648566,11503.9897281196,10590.6268033842,9677.26379864038,8763.90073035939,7850.5377156446,30554.347061713,29483.2341295229,28412.1211713723,27341.0081940079,26269.8952881673,25198.7821014912,24127.6691381552,12297.3358267834,11304.5541774965,29769.4958280202,28741.589421569,27713.6829562785,22647.0764808838,21575.4002128425,20503.7240467131,19432.0478112944,18360.3715734087,17288.6953350969,31567.0299714376,30553.2029843437,29539.3759575077,32034.2586277046,31194.2342929199,30354.2099872522
28813.745488774,29951.3098175894,32672.5010635067,5219.180588202,4286.9540788661,4328.72470400237,6998.7558559791,5990.75703157808,20117.5373503431,19166.0102885566,18214.4830792056,17262.9558123258,16311.4286459585,23005.3321270648,22014.7315114219,21024.1309268969,1097.63602875139,0,1097.6359900245,2195.27198365939,3292.90807463649,8981.06594804114,10241.1696359822,17918.4078040001,19176.9987202152,26668.4983670787,21475.6790404988,20415.4624384937,19355.2454460373,18295.0285338947,27871.4820303496,26907.9376265314,28860.2792829168,31638.2094094096,30583.2313317465,15328.1464808654,14313.1093784452,13298.0721935515,12283.0351053637,11267.9979865808,10252.9608576547,9237.92372996417,8222.88664783011,7207.8495402434,6192.81239037238,28321.3579362785,27290.9503309358,26260.5426906235,25230.1351274273,24199.7274820042,23169.3198893308,22138.9124031555,21108.5048978847,28114.0152218154,27111.2532686382,26108.4914289756,25105.7294128432,24102.9675257278,23100.2055300096,22097.4437813578,21094.6818651155,27761.4747577696,26794.4976248376,25827.5205931702,24860.5436316966,23893.5665807068,22926.5895418315,21959.6124312591,20992.635510061,20025.6584481267,19058.6812853023,18091.7041795189,17124.727129929,16157.7500853376,15190.7730029344,14223.7960006355,27846.8816743756,26836.5699272289,25826.2581213285,24815.946298786,32511.2165374108,31461.3151195743,30411.4137637093,29361.5124113465,26708.8680480722,25792.229312119,24875.5905280899,23958.9517235235,16447.7569981494,15535.7089497449,14623.6607647942,12231.1957127817,11224.5503477897,10217.9050774584,9211.25971444808,8204.61428773428,10406.3536993682,9492.99077463283,8579.62776988899,7666.264701608,6752.90168689321,29456.7110329616,28385.5981007715,27314.4851426209,26243.3721652565,25172.2592594159,24101.1460727398,23030.0331094038,11199.699798032,10206.9181487451,28671.8597992688,27643.9533928176,26616.0469275271,21549.4404521324,20477.7641840911,19406.0880179617,18334.411782543,17262.7355446573,16191.0593063455,30469.3939426862,29455.5669555923,28441.7399287563,30936.6225989533,30096.5982641685,29256.5739585008
27716.1094987495,28853.6738275649,31574.8650734822,4121.54459817751,3189.3180888416,3231.08871397788,5901.11986595461,4893.12104155359,19019.9013603186,18068.3742985321,17116.8470891812,16165.3198223013,15213.792655934,21907.6961370404,20917.0955213974,19926.4949368724,2195.27201877588,1097.6359900245,0,1097.63599363489,2195.27208461199,7883.42995801664,9143.53364595769,16820.7718139756,18079.3627301907,25570.8623770542,20378.0430504743,19317.8264484692,18257.6094560128,17197.3925438702,26773.8460403251,25810.3016365069,27762.6432928923,30540.5734193851,29485.595341722,14230.5104908409,13215.4733884207,12200.436203527,11185.3991153392,10170.3619965563,9155.32486763017,8140.28773993967,7125.25065780562,6110.21355021891,5095.17640034788,27223.7219462541,26193.3143409113,25162.906700599,24132.4991374028,23102.0914919797,22071.6838993063,21041.276413131,20010.8689078602,27016.3792317909,26013.6172786137,25010.8554389511,24008.0934228187,23005.3315357033,22002.5695399851,20999.8077913333,19997.045875091,26663.8387677451,25696.8616348131,24729.8846031457,23762.9076416721,22795.9305906823,21828.953551807,20861.9764412346,19894.9995200365,18928.0224581022,17961.0452952778,16994.0681894944,16027.0911399045,15060.1140953131,14093.1370129099,13126.160010611,26749.2456843511,25738.9339372044,24728.622131304,23718.3103087615,31413.5805473863,30363.6791295498,29313.7777736848,28263.876421322,25611.2320580477,24694.5933220945,23777.9545380654,22861.315733499,15350.1210081249,14438.0729597204,13526.0247747697,11133.5597227572,10126.9143577652,9120.26908743391,8113.62372442358,7106.97829770978,9308.71770934369,8395.35478460833,7481.99177986449,6568.62871158351,5655.26569686872,28359.0750429371,27287.962110747,26216.8491525964,25145.736175232,24074.6232693914,23003.5100827153,21932.3971193793,10102.0638080075,9109.28215872057,27574.2238092443,26546.3174027931,25518.4109375026,20451.8044621079,19380.1281940666,18308.4520279372,17236.7757925185,16165.0995546328,15093.423316321,29371.7579526617,28357.9309655678,27344.1039387318,29838.9866089288,28998.962274144,28158.9379684763
26618.4735051146,27756.03783393,30477.2290798473,3023.90860454262,2091.68209520671,2133.45272034299,4803.48387231972,3795.4850479187,17922.2653666837,16970.7383048972,16019.2110955463,15067.6838286664,14116.1566622991,20810.0601434055,19819.4595277625,18828.8589432375,3292.90801241077,2195.27198365939,1097.63599363489,0,1097.6360909771,6785.79396438175,8045.8976523228,15723.1358203407,16981.7267365558,24473.2263834194,19280.4070568394,18220.1904548344,17159.9734623779,16099.7565502353,25676.2100466902,24712.665642872,26665.0072992574,29442.9374257502,28387.9593480871,13132.874497206,12117.8373947858,11102.8002098921,10087.7631217043,9072.72600292143,8057.68887399527,7042.65174630478,6027.61466417073,5012.57755658402,3997.54040671299,26126.0859526192,25095.6783472764,24065.2707069641,23034.8631437679,22004.4554983448,20974.0479056714,19943.6404194961,18913.2329142253,25918.743238156,24915.9812849788,23913.2194453162,22910.4574291838,21907.6955420684,20904.9335463502,19902.1717976984,18899.4098814561,25566.2027741102,24599.2256411782,23632.2486095108,22665.2716480373,21698.2945970475,20731.3175581721,19764.3404475997,18797.3635264016,17830.3864644673,16863.4093016429,15896.4321958595,14929.4551462696,13962.4781016782,12995.5010192751,12028.5240169761,25651.6096907162,24641.2979435695,23630.9861376691,22620.6743151266,30315.9445537514,29266.0431359149,28216.14178005,27166.2404276871,24513.5960644128,23596.9573284596,22680.3185444306,21763.6797398641,14252.48501449,13340.4369660856,12428.3887811348,10035.9237291223,9029.2783641303,8022.63309379902,7015.98773078869,6009.34230407489,8211.0817157088,7297.71879097344,6384.3557862296,5470.99271794862,4557.62970323383,27261.4390493022,26190.3261171121,25119.2131589615,24048.1001815971,22976.9872757565,21905.8740890804,20834.7611257444,9004.42781437262,8011.64616508568,26476.5878156094,25448.6814091583,24420.7749438677,19354.168468473,18282.4922004317,17210.8160343023,16139.1397988836,15067.463560998,13995.7873226861,28274.1219590268,27260.2949719329,26246.4679450969,28741.3506152939,27901.3262805091,27061.3019748414
25520.8374141375,26658.4017429529,29379.5929888702,1926.27251356551,994.046004229607,1035.81662936589,3705.84778134261,2697.84895694159,16824.6292757066,15873.1022139201,14921.5750045692,13970.0477376893,13018.520571322,19712.4240524284,18721.8234367854,17731.2228522604,4390.54410338788,3292.90807463649,2195.27208461199,1097.6360909771,0,5688.15787340465,6948.2615613457,14625.4997293636,15884.0906455787,23375.5902924423,18182.7709658623,17122.5543638573,16062.3373714008,15002.1204592582,24578.5739557131,23615.0295518949,25567.3712082803,28345.3013347731,27290.32325711,12035.2384062289,11020.2013038087,10005.164118915,8990.12703072724,7975.08991194433,6960.05278301818,5945.01565532768,4929.97857319363,3914.94146560692,2899.90431573589,25028.4498616421,23998.0422562993,22967.634615987,21937.2270527908,20906.8194073677,19876.4118146943,18846.004328519,17815.5968232482,24821.1071471789,23818.3451940017,22815.5833543391,21812.8213382067,20810.0594510913,19807.2974553731,18804.5357067213,17801.773790479,24468.5666831331,23501.5895502011,22534.6125185337,21567.6355570602,20600.6585060704,19633.681467195,18666.7043566226,17699.7274354245,16732.7503734902,15765.7732106658,14798.7961048824,13831.8190552925,12864.8420107011,11897.864928298,10930.887925999,24553.9735997391,23543.6618525924,22533.350046692,21523.0382241495,29218.3084627743,28168.4070449378,27118.5056890728,26068.60433671,23415.9599734357,22499.3212374825,21582.6824534535,20666.043648887,13154.8489235129,12242.8008751085,11330.7526901577,8938.28763814516,7931.6422731532,6924.99700282192,5918.35163981159,4911.70621309779,7113.4456247317,6200.08269999634,5286.7196952525,4373.35662697151,3459.99361225673,26163.8029583251,25092.690026135,24021.5770679844,22950.46409062,21879.3511847794,20808.2379981033,19737.1250347673,7906.79172339551,6914.01007410858,25378.9517246323,24351.0453181811,23323.1388528906,18256.5323774959,17184.8561094546,16113.1799433252,15041.5037079065,13969.8274700209,12898.151231709,27176.4858680497,26162.6588809558,25148.8318541198,27643.7145243168,26803.690189532,25963.6658838643
26424.2237306799,27561.7880594953,30282.9793054127,3761.88535983913,4694.11186917504,5626.3383713385,3387.38143769235,2990.30891646305,17728.015592249,16776.4885304625,15824.9613211116,14873.4340542317,13921.9068878645,20615.8103689708,19625.2097533278,18634.6091688029,10078.7019767925,8981.06594804113,7883.42995801664,6785.79396438175,5688.15787340465,0,2199.51040662971,15528.8860459061,16787.4769621211,24278.9766089847,19086.1572824047,18025.9406803997,16965.7236879432,15905.5067758007,25481.9602722556,24518.4158684374,26470.7575248227,29248.6876513155,28193.7095736525,12938.6247227714,11923.5876203511,10908.5504354574,9893.51334726969,8878.47622848678,7863.43909956062,6848.40197187013,5833.36488973608,4818.32778214937,3803.29063227834,25931.8361781845,24901.4285728418,23871.0209325294,22840.6133693333,21810.2057239101,20779.7981312367,19749.3906450615,18718.9831397906,25724.4934637213,24721.7315105442,23718.9696708815,22716.2076547491,21713.4457676337,20710.6837719156,19707.9220232638,18705.1601070215,25371.9529996756,24404.9758667436,23437.9988350761,22471.0218736026,21504.0448226128,20537.0677837374,19570.090673165,18603.1137519669,17636.1366900326,16669.1595272082,15702.1824214249,14735.205371835,13768.2283272435,12801.2512448404,11834.2742425415,25457.3599162815,24447.0481691349,23436.7363632345,22426.4245406919,30121.6947793167,29071.7933614802,28021.8920056153,26971.9906532525,24319.3462899781,23402.7075540249,22486.0687699959,21569.4299654295,14058.2352400553,13146.1871916509,12234.1390067001,8619.8212944949,7613.17592950293,6606.53065917166,5599.88529616133,4593.23986944753,2364.69447001571,1451.33154528035,537.968540536511,1314.80124643313,2228.16426114792,27067.1892748676,25996.0763426774,24924.9633845269,23853.8504071624,22782.7375013219,21711.6243146458,20640.5113513098,8810.17803993796,7817.39639065103,26282.3380411747,25254.4316347236,24226.5251694331,19159.9186940384,18088.2424259971,17016.5662598677,15944.8900244489,14873.2137865633,13801.5375482515,28079.8721845922,27066.0451974982,26052.2181706623,28547.1008408592,27707.0765060744,26867.0522004068
27684.327418621,28821.8917474364,31543.0829933537,5021.98904778019,5954.21555711609,6886.44205927955,4647.4851256334,4250.41260440411,18988.1192801901,18036.5922184036,17085.0650090527,16133.5377421728,15182.0105758055,21875.9140569119,20885.3134412689,19894.7128567439,11338.8056647336,10241.1696359822,9143.53364595769,8045.8976523228,6948.2615613457,2199.51040662971,0,16788.9897338471,18047.5806500622,25539.0802969258,20346.2609703458,19286.0443683408,18225.8273758843,17165.6104637417,26742.0639601966,25778.5195563784,27730.8612127638,30508.7913392566,29453.8132615935,14198.7284107124,13183.6913082922,12168.6541233985,11153.6170352107,10138.5799164278,9123.54278750168,8108.50565981119,7093.46857767713,6078.43147009042,5063.3943202194,27191.9398661256,26161.5322607828,25131.1246204705,24100.7170572743,23070.3094118512,22039.9018191778,21009.4943330025,19979.0868277317,26984.5971516624,25981.8351984852,24979.0733588226,23976.3113426902,22973.5494555748,21970.7874598566,20968.0257112048,19965.2637949625,26632.0566876166,25665.0795546846,24698.1025230172,23731.1255615437,22764.1485105539,21797.1714716785,20830.1943611061,19863.217439908,18896.2403779737,17929.2632151493,16962.2861093659,15995.309059776,15028.3320151846,14061.3549327815,13094.3779304825,26717.4636042226,25707.1518570759,24696.8400511755,23686.528228633,31381.7984672578,30331.8970494213,29281.9956935564,28232.0943411935,25579.4499779192,24662.811241966,23746.172457937,22829.5336533705,15318.3389279964,14406.290879592,13494.2426946412,9879.92498243595,8873.27961744399,7866.63434711271,6859.98898410238,5853.34355738858,728.447018946206,748.178861349361,1661.5418660932,2574.90493437419,3488.26794908897,28327.2929628086,27256.1800306185,26185.0670724679,25113.9540951035,24042.8411892629,22971.7280025869,21900.6150392508,10070.281727879,9077.50007859208,27542.4417291158,26514.5353226647,25486.6288573741,20420.0223819794,19348.3461139381,18276.6699478087,17204.99371239,16133.3174745044,15061.6412361925,29339.9758725332,28326.1488854393,27312.3218586034,29807.2045288003,28967.1801940155,28127.1558883479
11768.9585101175,12906.5228389329,23110.2939514651,12699.2272157981,13631.453725134,14563.6802272975,13546.5759538441,12538.577129443,10555.3302383015,9603.80317651499,8652.27596716405,7700.74870028416,6749.22153391694,5960.54514840842,4969.94453276543,3979.34394824048,19016.0438327515,17918.4078040001,16820.7718139756,15723.1358203407,14625.4997293636,15528.8860459061,16788.9897338472,0,2132.21174155875,9623.7113884223,11913.4719284571,10853.2553264521,9793.03833399568,8732.82142185311,18309.274918308,17345.7305144898,19298.0721708752,22076.002297368,21021.0242197049,5765.93936882379,4750.90226640356,4620.33561044866,5635.3726986364,6650.40981741931,7665.44694634547,8680.48407403596,9695.52115617002,10710.5582637567,11725.5954136278,18759.1508242369,17728.7432188942,16698.3355785819,15667.9280153857,14637.5203699626,13607.1127772892,12576.7052911139,11546.2977858431,18551.8081097738,17549.0461565966,16546.284316934,15543.5223008016,14540.7604136862,13537.998417968,12535.2366693162,11532.4747530739,10716.6877791132,9749.71064618115,8782.73361451373,7815.7566530402,6848.7796020504,5881.80256317502,4914.82545260264,3947.84853140451,2980.87146947025,2013.89430664582,1046.91720086246,793.68067407112,1760.65771866258,2727.63480106569,3694.6118033646,10802.0946957191,9791.78294857245,8781.47114267206,7771.15932012953,22949.0094253692,21899.1080075327,20849.2066516677,19799.3052993049,9664.08106941572,8747.44233346252,7830.80354943351,6914.1647448671,6885.54988610778,5973.50183770335,5061.45365275258,18779.0158106466,17772.3704456546,16765.7251753234,15759.079812313,14752.4343855992,16954.1737972331,16040.8108724978,15127.447867754,14214.084799473,13300.7217847582,19894.50392092,18823.3909887299,17752.2780305793,16681.1650532149,15610.0521473743,14538.9389606982,13467.8259973622,9697.05295349766,8704.27130421073,19109.6526872272,18081.746280776,17053.8398154855,11987.2333400908,10915.5570720495,9843.8809059201,8772.20467050136,7700.52843261575,6628.85219430393,20907.1868306446,19893.3598435507,18879.5328167147,21374.4154869116,20534.3911521269,19694.3668464592
11135.0881715,12272.6525003154,24368.8848676802,13957.8181320132,14890.0446413491,15822.2711435126,14805.1668700591,13797.1680456581,11813.9211545165,10862.39409273,9910.86688337911,8959.33961649922,8007.812450132,5326.67480979087,4336.07419414788,3345.47360962293,20274.6347489666,19176.9987202152,18079.3627301907,16981.7267365558,15884.0906455787,16787.4769621212,18047.5806500622,2132.21174155875,0,8989.84104980475,13172.0628446722,12111.8462426672,11051.6292502107,9991.41233806817,19567.8658345231,18604.3214307049,20556.6630870902,23334.593213583,22279.61513592,7024.53028503885,6009.49318261862,5878.92652666372,6893.96361485146,7909.00073363437,8924.03786256053,9939.07499025102,10954.1120723851,11969.1491799718,12984.1863298428,20017.741740452,18987.3341351093,17956.9264947969,16926.5189316008,15896.1112861776,14865.7036935042,13835.296207329,12804.8887020581,19810.3990259888,18807.6370728117,17804.875233149,16802.1132170166,15799.3513299012,14796.5893341831,13793.8275855313,12791.065669289,10082.8174404956,9115.8403075636,8148.86327589619,7181.88631442266,6214.90926343286,5247.93222455748,4280.95511398509,3313.97819278696,2347.0011308527,1380.02396802828,1085.29454069629,2052.27159028618,3019.24863487764,3986.22571728075,4953.20271957966,10168.2243571016,9157.91260995491,8147.60080405452,7137.28898151199,24207.6003415842,23157.6989237477,22107.7975678828,21057.89621552,9030.21073079818,8113.57199484498,7196.93321081596,6280.29440624955,8144.14080232284,7232.09275391841,6320.04456896763,20037.6067268617,19030.9613618697,18024.3160915384,17017.6707285281,16011.0253018143,18212.7647134482,17299.4017887129,16386.038783969,15472.675715688,14559.3127009732,21153.0948371351,20081.9819049449,19010.8689467944,17939.7559694299,16868.6430635894,15797.5298769133,14726.4169135773,10955.6438697127,9962.86222042578,20368.2436034422,19340.3371969911,18312.4307317006,13245.8242563058,12174.1479882646,11102.4718221352,10030.7955867164,8959.11934883081,7887.44311051899,22165.7777468597,21151.9507597657,20138.1237329298,22633.0064031267,21792.9820683419,20952.9577626743
2957.16825516667,4094.73258398208,31860.3845145437,21449.3177788767,22381.5442882126,23313.7707903761,22296.6665169227,21288.6676925216,19305.4208013801,18353.8937395936,17402.3665302427,16450.8392633628,15499.3120969955,8616.16927662574,7625.56866098275,6634.9680764578,27766.1343958301,26668.4983670787,25570.8623770542,24473.2263834193,23375.5902924422,24278.9766089847,25539.0802969258,9623.71138842229,8989.84104980475,0,20663.5624915358,19603.3458895308,18543.1288970743,17482.9119849317,27059.3654813866,26095.8210775684,28048.1627339538,30826.0928604466,29771.1147827835,14516.0299319024,13500.9928294822,13370.4261735273,14385.463261715,15400.5003804979,16415.5375094241,17430.5746371146,18445.6117192486,19460.6488268353,20475.6859767064,27509.2413873156,26478.8337819728,25448.4261416605,24418.0185784643,23387.6109330412,22357.2033403678,21326.7958541925,20296.3883489217,27301.8986728524,26299.1367196752,25296.3748800126,24293.6128638802,23290.8509767648,22288.0889810466,21285.3272323948,20282.5653161525,1904.89752416233,937.920391230309,840.97777390856,1807.95473538209,2774.93178637189,3741.90882524727,4708.88593581966,5675.86285701779,6642.83991895205,7609.81708177647,8576.79418755984,9543.77123714973,10510.7482817412,11477.7253641443,12444.7023664432,5893.79932111699,4883.48757397033,3873.17576806994,2862.86394552741,31699.0999884478,30649.1985706113,29599.2972147463,28549.3958623835,12319.705197633,11403.0664616798,10486.4276776508,9569.78887308442,15635.6404491864,14723.592400782,13811.5442158312,27529.1063737252,26522.4610087332,25515.815738402,24509.1703753916,23502.5249486778,25704.2643603118,24790.9014355764,23877.5384308326,22964.1753625516,22050.8123478368,28644.5944839986,27573.4815518085,26502.3685936579,25431.2556162935,24360.1427104529,23289.0295237768,22217.9165604408,18447.1435165763,17454.3618672893,27859.7432503058,26831.8368438547,25803.9303785641,20737.3239031694,19665.6476351281,18593.9714689987,17522.29523358,16450.6189956944,15378.9427573825,29657.2773937232,28643.4504066293,27629.6233797933,30124.5060499903,29284.4817152055,28444.4574095378
22808.809613231,23946.3739420464,22837.7377727715,16256.4984522967,17188.7249616327,18120.9514637961,17103.8471903427,16095.8483659417,10282.7740596079,9331.24699782141,8379.71978847047,7428.19252159058,6476.66535522336,17000.3962515219,16009.7956358789,15019.1950513539,22573.3150692501,21475.6790404987,20378.0430504742,19280.4070568394,18182.7709658623,19086.1572824047,20346.2609703458,11913.4719284571,13172.0628446722,20663.5624915358,0,1060.21660200501,2120.43359446147,3180.65050660404,18036.7187396144,17073.1743357962,19025.5159921816,21803.4461186744,20748.4680410113,6147.53255963336,7162.56966205359,8177.60684694728,9192.64393513502,10207.6810539179,11222.7181828441,12237.7553105346,13252.7923926686,14267.8295002553,15282.8666501264,18486.5946455434,17456.1870402006,16425.7793998883,15395.3718366921,14364.964191269,13334.5565985956,12304.1491124203,11273.7416071495,18279.2519310802,17276.489977903,16273.7281382404,15270.966122108,14268.2042349926,13265.4422392744,12262.6804906226,11259.9185743803,21756.5388822266,20789.5617492946,19822.5847176272,18855.6077561537,17888.6307051639,16921.6536662885,15954.6765557161,14987.699634518,14020.7225725837,13053.7454097593,12086.7683039759,11119.791254386,10152.8142097946,9185.83712739146,8218.86012509255,21841.9457988326,20831.6340516859,19821.3222457855,18811.010423243,22676.4532466756,21626.5518288391,20576.6504729742,19526.7491206113,20703.9321725292,19787.293436576,18870.654652547,17954.0158479806,9588.16267617982,8676.11462777539,7764.06644282462,22336.2870471452,21329.6416821533,20322.996411822,19316.3510488117,18309.7056220979,20511.4450337318,19598.0821089964,18684.7191042526,17771.3560359716,16857.9930212568,19621.9477422265,18550.8348100363,17479.7218518857,16408.6088745213,15337.4959686807,14266.3827820046,13195.2698186686,13254.3241899963,12261.5425407093,18837.0965085336,17809.1901020825,16781.2836367919,7495.27939685155,6423.60312881028,5351.92696268086,4280.25072726212,4212.9434958414,5284.61973415322,20634.630651951,19620.8036648571,18606.9766380212,21101.8593082181,20261.8349734333,19421.8106677656
21748.593011226,22886.1573400414,21777.5211707665,15196.2818502917,16128.5083596277,17060.7348617911,16043.6305883377,15035.6317639367,9222.55745760288,8271.0303958164,7319.50318646547,6367.97591958557,5416.44875321835,15940.1796495169,14949.5790338739,13958.9784493489,21513.0984672451,20415.4624384937,19317.8264484692,18220.1904548344,17122.5543638573,18025.9406803997,19286.0443683408,10853.2553264521,12111.8462426672,19603.3458895308,1060.21660200501,0,1060.21699245647,2120.43390459903,16976.5021376094,16012.9577337912,17965.2993901766,20743.2295166694,19688.2514390063,5087.31595762836,6102.35306004859,7117.39024494228,8132.42733313001,9147.46445191292,10162.5015808391,11177.5387085296,12192.5757906636,13207.6128982503,14222.6500481214,17426.3780435384,16395.9704381956,15365.5627978833,14335.1552346871,13304.747589264,12274.3399965906,11243.9325104153,10213.5250051445,17219.0353290752,16216.273375898,15213.5115362354,14210.749520103,13207.9876329876,12205.2256372694,11202.4638886176,10199.7019723753,20696.3222802216,19729.3451472896,18762.3681156222,17795.3911541487,16828.4141031589,15861.4370642835,14894.4599537111,13927.483032513,12960.5059705787,11993.5288077543,11026.5517019709,10059.574652381,9092.59760778957,8125.62052538646,7158.64352308755,20781.7291968276,19771.4174496809,18761.1056437805,17750.793821238,21616.2366446706,20566.3352268341,19516.4338709692,18466.5325186063,19643.7155705242,18727.076834571,17810.438050542,16893.7992459756,8527.94607417482,7615.89802577038,6703.84984081961,21276.0704451402,20269.4250801483,19262.779809817,18256.1344468067,17249.4890200929,19451.2284317268,18537.8655069914,17624.5025022476,16711.1394339666,15797.7764192518,18561.7311402215,17490.6182080313,16419.5052498807,15348.3922725163,14277.2793666757,13206.1661799996,12135.0532166636,12194.1075879913,11201.3259387043,17776.8799065286,16748.9735000775,15721.0670347869,6435.06279484655,5363.38652680528,4291.71036067585,3220.03412525712,3152.7268938364,4224.40313214822,19574.414049946,18560.5870628521,17546.7600360162,20041.6427062131,19201.6183714283,18361.5940657606
20688.3760187695,21825.9403475849,20717.3041783101,14136.0648578353,15068.2913671712,16000.5178693346,14983.4135958812,13975.4147714802,8162.34046514641,7210.81340335994,6259.286194009,5307.75892712911,4356.23176076189,14879.9626570604,13889.3620414174,12898.7614568925,20452.8814747887,19355.2454460373,18257.6094560128,17159.9734623779,16062.3373714008,16965.7236879432,18225.8273758843,9793.03833399568,11051.6292502107,18543.1288970743,2120.43359446147,1060.21699245647,0,1060.21691214257,15916.285145153,14952.7407413348,16905.0823977202,19683.0125242129,18628.0344465499,4027.09896517189,5042.13606759212,6057.17325248581,7072.21034067355,8087.24745945646,9102.28458838262,10117.3217160731,11132.3587982072,12147.3959057939,13162.4330556649,16366.1610510819,15335.7534457392,14305.3458054268,13274.9382422307,12244.5305968075,11214.1230041341,10183.7155179589,9153.30801268802,16158.8183366187,15156.0563834416,14153.2945437789,13150.5325276465,12147.7706405311,11145.0086448129,10142.2468961611,9139.48497991887,19636.1052877652,18669.1281548331,17702.1511231657,16735.1741616922,15768.1971107024,14801.220071827,13834.2429612546,12867.2660400565,11900.2889781222,10933.3118152978,9966.33470951445,8999.35765992456,8032.3806153331,7065.40353292999,6098.42653063108,19721.5122043711,18711.2004572244,17700.8886513241,16690.5768287815,20556.0196522141,19506.1182343776,18456.2168785127,17406.3155261499,18583.4985780677,17666.8598421145,16750.2210580855,15833.5822535191,7467.72908171835,6555.68103331392,5643.63284836314,20215.8534526838,19209.2080876918,18202.5628173605,17195.9174543502,16189.2720276364,18391.0114392703,17477.6485145349,16564.2855097911,15650.9224415101,14737.5594267953,17501.514147765,16430.4012155749,15359.2882574243,14288.1752800598,13217.0623742193,12145.9491875432,11074.8362242071,11133.8905955348,10141.1089462479,16716.6629140721,15688.756507621,14660.8500423305,5374.84580239008,4303.16953434881,3231.49336821939,2159.81713280065,2092.50990137993,3164.18613969175,18514.1970574896,17500.3700703956,16486.5430435597,18981.4257137566,18141.4013789718,17301.3770733042
19628.1591066269,20765.7234354423,19657.0872661675,13075.8479456927,14008.0744550286,14940.3009571921,13923.1966837386,12915.1978593376,7102.12355300385,6150.59649121737,5199.06928186643,4247.54201498654,3296.01484861932,13819.7457449178,12829.1451292748,11838.5445447499,19392.6645626461,18295.0285338947,17197.3925438702,16099.7565502353,15002.1204592582,15905.5067758007,17165.6104637417,8732.82142185311,9991.41233806817,17482.9119849317,3180.65050660404,2120.43390459903,1060.21691214257,0,14856.0682330104,13892.5238291922,15844.8654855776,18622.7956120704,17567.8175344073,2966.88205302932,3981.91915544955,4996.95634034324,6011.99342853098,7027.03054731389,8042.06767624005,9057.10480393054,10072.1418860646,11087.1789936513,12102.2161435223,15305.9441389393,14275.5365335966,13245.1288932842,12214.7213300881,11184.3136846649,10153.9060919915,9123.49860581628,8093.09110054545,15098.6014244761,14095.839471299,13093.0776316363,12090.315615504,11087.5537283886,10084.7917326704,9082.02998401857,8079.2680677763,18575.8883756226,17608.9112426906,16641.9342110232,15674.9572495496,14707.9801985598,13741.0031596844,12774.0260491121,11807.0491279139,10840.0720659797,9873.09490315524,8906.11779737188,7939.14074778199,6972.16370319053,6005.18662078742,5038.20961848851,18661.2952922285,17650.9835450819,16640.6717391815,15630.359916639,19495.8027400716,18445.901322235,17395.9999663701,16346.0986140073,17523.2816659251,16606.6429299719,15690.0041459429,14773.3653413765,6407.51216957578,5495.46412117135,4583.41593622058,19155.6365405412,18148.9911755492,17142.3459052179,16135.7005422076,15129.0551154938,17330.7945271277,16417.4316023924,15504.0685976485,14590.7055293675,13677.3425146528,16441.2972356224,15370.1843034323,14299.0713452817,13227.9583679173,12156.8454620767,11085.7322754006,10014.6193120646,10073.6736833922,9080.8920341053,15656.4460019296,14628.5395954784,13600.6331301879,4314.62889024752,3242.95262220624,2171.27645607682,1099.60022065808,1032.29298923736,2103.96922754918,17453.980145347,16440.1531582531,15426.3261314171,17921.208801614,17081.1844668293,16241.1601611616
29204.6126030818,30342.1769318972,19357.3810500456,22652.3014421476,23584.5279514835,24516.754453647,23499.6501801935,22491.6513557925,7753.94468000654,8705.47174179302,9656.99895114396,10608.5262180238,11560.0533843911,23396.1992413727,22405.5986257297,21414.9980412048,28969.118059101,27871.4820303496,26773.8460403251,25676.2100466902,24578.5739557131,25481.9602722556,26742.0639601966,18309.274918308,19567.8658345231,27059.3654813866,18036.7187396144,16976.5021376094,15916.285145153,14856.0682330104,0,963.544403818201,15545.1592694557,18323.0893959484,17268.1113182854,12543.3355494842,13558.3726519044,14573.4098367981,15588.4469249859,16603.4840437688,17618.5211726949,18633.5583003854,19648.5953825195,20663.6324901062,21678.6696399772,15006.2379228174,13975.8303174747,12945.4226771623,11915.0151139662,10884.607468543,9854.19987586961,8823.79238969435,7793.38488442352,3133.16643939477,2130.40448621761,1762.99060137406,2765.75261750642,3768.51450462183,4771.27650034002,5774.03824899182,6776.80016523409,28152.3418720775,27185.3647391455,26218.3877074781,25251.4107460045,24284.4336950147,23317.4566561393,22350.479545567,21383.5026243688,20416.5255624346,19449.5483996101,18482.5712938268,17515.5942442369,16548.6171996454,15581.6401172423,14614.6631149434,28237.7487886834,27227.4370415368,26217.1252356364,25206.8134130939,19196.0965239496,18146.1951061131,17096.2937502482,16046.3923978854,27099.73516238,26183.0964264268,25266.4576423978,24349.8188378314,15983.9656660307,15071.9176176262,14159.8694326755,28732.0900369961,27725.4446720041,26718.7994016728,25712.1540386625,24705.5086119487,26907.2480235826,25993.8850988473,25080.5220941034,24167.1590258224,23253.7960111077,16141.5910195005,15070.4780873104,13999.3651291598,12928.2521517953,11857.1392459548,10786.0260592787,9714.91309594265,19650.1271798471,18657.3455305602,15356.7397858076,14328.8333793565,13300.926914066,18110.4801512481,17038.8038832068,15967.1277170774,14895.4514816586,13823.775243773,12752.0990054612,17154.2739292251,16140.4469421311,15126.6199152952,17621.5025854921,16781.4782507073,15941.4539450397
28241.0681992636,29378.632528079,18393.8366462274,21688.7570383294,22620.9835476653,23553.2100498288,22536.1057763753,21528.1069519743,6790.40027618834,7741.92733797482,8693.45454732576,9644.98181420565,10596.5089805729,22432.6548375545,21442.0542219115,20451.4536373866,28005.5736552828,26907.9376265314,25810.3016365069,24712.665642872,23615.0295518949,24518.4158684374,25778.5195563784,17345.7305144898,18604.3214307049,26095.8210775684,17073.1743357962,16012.9577337912,14952.7407413348,13892.5238291922,963.544403818201,0,14581.6148656375,17359.5449921302,16304.5669144672,11579.791145666,12594.8282480862,13609.8654329799,14624.9025211677,15639.9396399506,16654.9767688767,17670.0138965672,18685.0509787013,19700.088086288,20715.125236159,14042.6935189992,13012.2859136565,11981.8782733441,10951.470710148,9921.06306472482,8890.65547205141,7860.24798587615,6829.84048060532,2169.62203557657,1166.86008239941,799.446197555858,1802.20821368822,2804.97010080363,3807.73209652182,4810.49384517362,5813.25576141589,27188.7974682593,26221.8203353273,25254.8433036599,24287.8663421863,23320.8892911965,22353.9122523211,21386.9351417488,20419.9582205506,19452.9811586164,18486.0039957919,17519.0268900086,16552.0498404187,15585.0727958272,14618.0957134241,13651.1187111252,27274.2043848652,26263.8926377186,25253.5808318182,24243.2690092756,18232.5521201314,17182.6507022949,16132.74934643,15082.8479940672,26136.1907585618,25219.5520226086,24302.9132385796,23386.2744340132,15020.4212622125,14108.373213808,13196.3250288573,27768.5456331779,26761.9002681859,25755.2549978546,24748.6096348443,23741.9642081305,25943.7036197644,25030.3406950291,24116.9776902852,23203.6146220042,22290.2516072895,15178.0466156823,14106.9336834922,13035.8207253416,11964.7077479771,10893.5948421366,9822.48165546048,8751.36869212445,18686.5827760289,17693.801126742,14393.1953819894,13365.2889755383,12337.3825102478,17146.9357474299,16075.2594793886,15003.5833132592,13931.9070778404,12860.2308399548,11788.554601643,16190.7295254069,15176.9025383129,14163.075511477,16657.9581816739,15817.9338468891,14977.9095412215
30193.409855649,31330.9741844644,16543.8272251885,23641.0986947148,24573.3252040507,25505.5517062142,24488.4474327607,23480.4486083597,8742.74193257374,9694.26899436021,10645.7962037111,11597.323470591,12548.8506369583,24384.9964939399,23394.3958782969,22403.795293772,29957.9153116682,28860.2792829168,27762.6432928923,26665.0072992574,25567.3712082803,26470.7575248228,27730.8612127638,19298.0721708752,20556.6630870903,28048.1627339538,19025.5159921816,17965.2993901766,16905.0823977201,15844.8654855776,15545.1592694557,14581.6148656375,0,15509.5355710914,14454.5574934283,13532.1328020514,14547.1699044716,15562.2070893653,16577.2441775531,17592.281296336,18607.3184252621,19622.3555529526,20637.3926350867,21652.4297426734,22667.4668925444,12192.6840979604,11162.2764926176,10131.8688523053,9101.46128910914,8071.05364368599,7040.64605101258,6721.3668797613,7751.77438503213,15787.6924609214,14784.9305077442,13782.1686680816,12779.4066519492,11776.6447648338,10773.8827691156,9771.12102046383,8768.35910422156,29141.1391246447,28174.1619917127,27207.1849600452,26240.2079985717,25273.2309475819,24306.2539087065,23339.2767981341,22372.299876936,21405.3228150018,20438.3456521773,19471.368546394,18504.3914968041,17537.4144522126,16570.4373698095,15603.4603675106,29226.5460412506,28216.234294104,27205.9224882036,26195.610665661,16382.5426990926,15332.6412812561,14282.7399253912,13232.8385730283,28088.5324149472,27171.893678994,26255.254894965,25338.6160903986,16972.7629185979,16060.7148701934,15148.6666852427,29720.8872895633,28714.2419245713,27707.59665424,26700.9512912297,25694.3058645159,27896.0452761498,26982.6823514145,26069.3193466706,25155.9562783896,24242.5932636748,1531.54633574503,474.681182145298,1545.79414029589,2616.90711766032,3688.0200235009,4759.13321017697,5830.246173513,20638.9244324143,19646.1427831274,5506.61685632035,4478.71044986923,3450.80398457868,19099.2774038153,18027.601135774,16955.9249696446,15884.2487342258,14812.5724963402,13740.8962580284,3460.0203723157,2446.19338522175,1432.36635838581,14807.9487606351,13967.9244258503,13127.9001201827
32971.3399821418,34108.9043109572,1034.29165409713,26419.0288212076,27351.2553305435,28283.4818327069,27266.3775592535,26258.3787348525,11520.6720590665,12472.199120853,13423.7263302039,14375.2535970838,15326.780763451,27162.9266204327,26172.3260047897,25181.7254202648,32735.845438161,31638.2094094096,30540.5734193851,29442.9374257502,28345.3013347731,29248.6876513156,30508.7913392566,22076.002297368,23334.593213583,30826.0928604466,21803.4461186744,20743.2295166694,19683.0125242129,18622.7956120704,18323.0893959484,17359.5449921302,15509.5355710914,0,1054.97807766306,16310.0629285442,17325.1000309644,18340.1372158581,19355.1743040458,20370.2114228288,21385.2485517549,22400.2856794454,23415.3227615795,24430.3598691662,25445.3970190372,3316.85147313103,4347.25907847377,5377.66671878612,6408.07428198226,7438.48192740542,8468.88952007882,9499.29700625408,10529.7045115249,18565.6225874142,17562.860634237,16560.0987945744,15557.336778442,14554.5748913266,13551.8128956084,12549.0511469566,11546.2892307143,31919.0692511375,30952.0921182055,29985.115086538,29018.1381250645,28051.1610740747,27084.1840351993,26117.2069246269,25150.2300034288,24183.2529414945,23216.2757786701,22249.2986728868,21282.3216232969,20315.3445787054,19348.3674963023,18381.3904940034,32004.4761677434,30994.1644205967,29983.8526146964,28973.5407921538,4037.94121437884,2988.03979654232,1938.13844067739,2276.69699806306,30866.46254144,29949.8238054868,29033.1850214578,28116.5462168914,19750.6930450906,18838.6449966862,17926.5968117354,32498.8174160561,31492.1720510641,30485.5267807328,29478.8814177225,28472.2359910087,30673.9754026426,29760.6124779072,28847.2494731634,27933.8864048824,27020.5233901676,16105.9673211362,15034.8543889461,13963.7414307955,12892.6284534311,11821.5155475905,10750.4023609144,9679.2893975784,23416.8545589071,22424.0729096202,15321.1160874434,14293.2096809922,13265.3032157017,21877.207530308,20805.5312622668,19733.8550961374,18662.1788607186,17590.502622833,16518.8263845212,17118.6502308608,16104.8232437669,15090.996216931,4901.70856959339,4061.68423480862,3221.65992914097
31916.3619044788,33053.9262332942,2089.26973176019,25364.0507435445,26296.2772528804,27228.5037550439,26211.3994815905,25203.4006571894,10465.6939814035,11417.2210431899,12368.7482525409,13320.2755194208,14271.802685788,26107.9485427696,25117.3479271267,24126.7473426017,31680.8673604979,30583.2313317465,29485.595341722,28387.9593480871,27290.32325711,28193.7095736525,29453.8132615936,21021.0242197049,22279.61513592,29771.1147827835,20748.4680410113,19688.2514390063,18628.0344465499,17567.8175344073,17268.1113182854,16304.5669144672,14454.5574934283,1054.97807766306,0,15255.0848508811,16270.1219533014,17285.1591381951,18300.1962263828,19315.2333451657,20330.2704740919,21345.3076017824,22360.3446839164,23375.3817915031,24390.4189413741,2261.87339546797,3292.28100081071,4322.68864112306,5353.0962043192,6383.50384974236,7413.91144241576,8444.31892859101,9474.72643386185,17510.6445097511,16507.882556574,15505.1207169113,14502.358700779,13499.5968136635,12496.8348179454,11494.0730692936,10491.3111530513,30864.0911734744,29897.1140405424,28930.137008875,27963.1600474014,26996.1829964116,26029.2059575363,25062.2288469639,24095.2519257657,23128.2748638315,22161.2977010071,21194.3205952237,20227.3435456338,19260.3665010423,18293.3894186392,17326.4124163403,30949.4980900803,29939.1863429337,28928.8745370333,27918.5627144908,2982.96313671578,1933.06171887926,883.160363014328,1221.7189204,29811.484463777,28894.8457278238,27978.2069437947,27061.5681392283,18695.7149674276,17783.6669190232,16871.6187340724,31443.839338393,30437.193973401,29430.5487030698,28423.9033400594,27417.2579133456,29618.9973249795,28705.6344002442,27792.2713955003,26878.9083272194,25965.5453125046,15050.9892434732,13979.876311283,12908.7633531325,11837.650375768,10766.5374699274,9695.42428325137,8624.31131991534,22361.876481244,21369.0948319571,14266.1380097803,13238.2316033292,12210.3251380386,20822.229452645,19750.5531846037,18678.8770184743,17607.2007830556,16535.5245451699,15463.8483068581,16063.6721531978,15049.8451661038,14036.0181392679,3846.73049193033,3006.70615714556,2166.68185147791
16661.2770535976,17798.841382413,17344.3545826413,10108.9658926634,11041.1924019993,11973.4189041628,10956.3146307093,9948.3158063083,4789.39086947767,3837.8638076912,2886.33659834026,1934.80933146037,983.282165093144,10852.8636918885,9862.26307624553,8871.66249172058,16425.7825096168,15328.1464808654,14230.5104908409,13132.874497206,12035.2384062289,12938.6247227714,14198.7284107124,5765.93936882379,7024.53028503885,14516.0299319024,6147.53255963336,5087.31595762835,4027.09896517189,2966.88205302932,12543.3355494842,11579.791145666,13532.1328020514,16310.0629285442,15255.0848508811,0,1015.03710242023,2030.07428731392,3045.11137550166,4060.14849428457,5075.18562321073,6090.22275090122,7105.25983303528,8120.29694062198,9135.33409049301,12993.2114554132,11962.8038500704,10932.3962097581,9901.98864656192,8871.58100113877,7841.17340846537,6810.76592229011,5780.35841701928,12785.86874095,11783.1067877728,10780.3449481102,9777.5829319778,8774.82104486239,7772.0590491442,6769.2973004924,5766.53538425013,15609.0063225933,14642.0291896613,13675.0521579938,12708.0751965203,11741.0981455305,10774.1211066551,9807.14399608274,8840.16707488461,7873.19001295035,6906.21285012593,5939.23574434256,4972.25869475267,4005.28165016122,3038.30456775811,2071.32756545919,15694.4132391992,14684.1014920526,13673.7896861522,12663.4778636096,17183.0700565454,16133.1686387089,15083.2672828439,14033.3659304811,14556.3996128958,13639.7608769426,12723.1220929136,11806.4832883472,3440.63011654646,2528.58206814203,1616.53388319126,16188.7544875119,15182.1091225199,14175.4638521886,13168.8184891783,12162.1730624645,14363.9124740984,13450.549549363,12537.1865446192,11623.8234763382,10710.4604616234,14128.5645520962,13057.4516199061,11986.3386617555,10915.2256843911,9844.11277855051,8772.99959187444,7701.8866285384,7106.79163036292,6114.00998107598,13343.7133184034,12315.8069119523,11287.9004466617,6221.293971267,5149.61770322573,4077.9415370963,3006.26530167757,1934.58906379196,862.912825480139,15141.2474618208,14127.4204747269,13113.593447891,15608.4761180879,14768.4517833031,13928.4274776354
15646.2399511774,16783.8042799928,18359.3916850615,9093.92879024316,10026.1552995791,10958.3818017425,9941.27752828909,8933.27870388807,5804.4279718979,4852.90091011143,3901.37370076049,2949.8464338806,1998.31926751338,9837.82658946828,8847.2259738253,7856.62538930035,15410.7454071965,14313.1093784452,13215.4733884207,12117.8373947858,11020.2013038087,11923.5876203511,13183.6913082922,4750.90226640356,6009.49318261862,13500.9928294822,7162.56966205359,6102.35306004858,5042.13606759212,3981.91915544955,13558.3726519045,12594.8282480863,14547.1699044716,17325.1000309644,16270.1219533014,1015.03710242023,0,1015.03718489369,2030.07427308143,3045.11139186434,4060.1485207905,5075.18564848099,6090.22273061505,7105.25983820175,8120.29698807278,14008.2485578334,12977.8409524906,11947.4333121783,10917.0257489822,9886.618103559,8856.2105108856,7825.80302471034,6795.39551943951,13800.9058433702,12798.143890193,11795.3820505304,10792.620034398,9789.85814728262,8787.09615156443,7784.33440291263,6781.57248667036,14593.969220173,13626.992087241,12660.0150555736,11693.0380941001,10726.0610431103,9759.0840042349,8792.10689366251,7825.12997246438,6858.15291053012,5891.1757477057,4924.19864192233,3957.22159233244,2990.24454774099,2023.26746533788,1056.29046303896,14679.376136779,13669.0643896323,12658.7525837319,11648.4407611894,18198.1071589656,17148.2057411291,16098.3043852642,15048.4030329014,13541.3625104756,12624.7237745224,11708.0849904934,10791.446185927,2425.59301412623,1513.5449657218,601.496780771026,15173.7173850916,14167.0720200997,13160.4267497684,12153.7813867581,11147.1359600443,13348.8753716782,12435.5124469428,11522.149442199,10608.786373918,9695.4233592032,15143.6016545165,14072.4887223263,13001.3757641758,11930.2627868113,10859.1498809707,9788.03669429467,8716.92373095864,6091.75452794268,5098.97287865575,14358.7504208236,13330.8440143725,12302.9375490819,7236.33107368723,6164.65480564596,5092.97863951654,4021.3024040978,2949.62616621219,1877.94992790037,16156.2845642411,15142.4575771471,14128.6305503112,16623.5132205081,15783.4888857233,14943.4645800557
15515.6732952225,16653.2376240379,19374.4288699552,8078.89160534946,9011.11811468537,9943.34461684883,8926.2403433954,7918.24151899438,6819.4651567916,5867.93809500512,4916.41088565418,3964.88361877429,3013.35645240707,9707.25993351339,8716.6593178704,7726.05873334546,14395.7082223029,13298.0721935515,12200.436203527,11102.8002098921,10005.164118915,10908.5504354574,12168.6541233985,4620.33561044866,5878.92652666372,13370.4261735273,8177.60684694728,7117.39024494228,6057.17325248581,4996.95634034324,14573.4098367981,13609.8654329799,15562.2070893653,18340.1372158581,17285.159138195,2030.07428731392,1015.03718489369,0,1015.03708818773,2030.07420697065,3045.1113358968,4060.1484635873,5075.18554572135,6090.22265330806,7105.25980317909,15023.2857427271,13992.8781373843,12962.470497072,11932.0629338758,10901.6552884527,9871.24769577929,8840.84020960404,7810.4327043332,14815.9430282639,13813.1810750867,12810.4192354241,11807.6572192917,10804.8953321763,9802.13333645813,8799.37158780632,7796.60967156405,14463.4025642181,13496.4254312861,12529.4483996187,11562.4714381452,10595.4943871554,9628.51734828,8661.54023770761,7694.56331650948,6727.58625457522,5760.6090917508,4793.63198596743,3826.65493637754,2859.67789178609,1892.70080938298,925.723807084067,14548.8094808241,13538.4977336774,12528.185927777,11517.8741052345,19213.1443438593,18163.2429260228,17113.3415701579,16063.440217795,13410.7958545207,12494.1571185675,11577.5183345385,10660.8795299721,3149.68480459791,2237.63675619348,1325.58857124271,14158.680200198,13152.034835206,12145.3895648747,11138.7442018644,10132.0987751506,12333.8381867845,11420.4752620491,10507.1122573053,9593.7491890243,8680.38617430951,16158.6388394102,15087.52590722,14016.4129490694,12945.299971705,11874.1870658644,10803.0738791884,9731.96091585233,5076.71734304899,4083.93569376206,15373.7876057173,14345.8811992662,13317.9747339756,8251.36825858093,7179.69199053965,6108.01582441023,5036.33958899149,3964.66335110588,2892.98711279406,17171.3217491348,16157.4947620408,15143.6677352049,17638.5504054018,16798.526070617,15958.5017649494
16530.7103834102,17668.2747122256,20389.465958143,7063.85451716173,7996.08102649764,8928.30752866109,7911.20325520766,6903.20443080664,7834.50224497933,6882.97518319286,5931.44797384192,4979.92070696202,4028.3935405948,10722.2970217011,9731.69640605814,8741.09582153319,13380.6711341151,12283.0351053637,11185.3991153392,10087.7631217043,8990.12703072724,9893.51334726969,11153.6170352107,5635.3726986364,6893.96361485146,14385.463261715,9192.64393513502,8132.42733313001,7072.21034067354,6011.99342853098,15588.4469249859,14624.9025211677,16577.2441775531,19355.1743040458,18300.1962263828,3045.11137550166,2030.07427308143,1015.03708818773,0,1015.03711878291,2030.07424770907,3045.11137539956,4060.14845753362,5075.18556512033,6090.22271499135,16038.3228309148,15007.9152255721,13977.5075852597,12947.1000220636,11916.6923766404,10886.284783967,9855.87729779177,8825.46979252094,15830.9801164516,14828.2181632745,13825.4563236118,12822.6943074795,11819.932420364,10817.1704246459,9814.40867599406,8811.64675975179,15478.4396524059,14511.4625194739,13544.4854878064,12577.5085263329,11610.5314753431,10643.5544364677,9676.57732589534,8709.60040469722,7742.62334276295,6775.64617993853,5808.66907415517,4841.69202456528,3874.71497997382,2907.73789757071,1940.7608952718,15563.8465690118,14553.5348218652,13543.2230159648,12532.9111934222,20228.181432047,19178.2800142105,18128.3786583456,17078.4773059828,14425.8329427084,13509.1942067552,12592.5554227262,11675.9166181598,4164.72189278565,3252.67384438121,2340.62565943044,13143.6431120102,12136.9977470182,11130.352476687,10123.7071136766,9117.06168696284,11318.8010985967,10405.4381738614,9492.07516911755,8578.71210083656,7665.34908612178,17173.6759275979,16102.5629954078,15031.4500372572,13960.3370598928,12889.2241540522,11818.1109673761,10746.9980040401,4061.68025486126,3068.89860557433,16388.824693905,15360.9182874539,14333.0118221634,9266.40534676866,8194.72907872739,7123.05291259796,6051.37667717923,4979.70043929362,3908.0242009818,18186.3588373225,17172.5318502285,16158.7048233926,18653.5874935895,17813.5631588047,16973.5388531371
17545.7475021931,18683.3118310085,21404.5030769259,6048.81739837882,6981.04390771473,7913.27040987818,6896.16613642475,5888.16731202373,8849.53936376224,7898.01230197577,6946.48509262483,5994.95782574494,5043.43065937771,11737.334140484,10746.733524841,9756.1329403161,12365.6340153322,11267.9979865808,10170.3619965563,9072.72600292144,7975.08991194433,8878.47622848678,10138.5799164278,6650.40981741931,7909.00073363437,15400.5003804979,10207.6810539179,9147.46445191292,8087.24745945645,7027.03054731389,16603.4840437688,15639.9396399506,17592.281296336,20370.2114228288,19315.2333451657,4060.14849428457,3045.11139186434,2030.07420697065,1015.03711878291,0,1015.03712892616,2030.07425661665,3045.11133875071,4060.14844633741,5075.18559620844,17053.3599496977,16022.952344355,14992.5447040426,13962.1371408465,12931.7294954233,11901.3219027499,10870.9144165747,9840.50691130385,16846.0172352345,15843.2552820574,14840.4934423947,13837.7314262624,12834.969539147,11832.2075434288,10829.445794777,9826.6838785347,16493.4767711888,15526.4996382568,14559.5226065893,13592.5456451158,12625.568594126,11658.5915552506,10691.6144446783,9724.63752348012,8757.66046154586,7790.68329872144,6823.70619293808,5856.72914334819,4889.75209875673,3922.77501635362,2955.79801405471,16578.8836877947,15568.5719406481,14558.2601347477,13547.9483122051,21243.21855083,20193.3171329934,19143.4157771285,18093.5144247657,15440.8700614913,14524.2313255381,13607.5925415091,12690.9537369427,5179.75901156856,4267.71096316413,3355.66277821335,12128.6059932273,11121.9606282353,10115.3153579041,9108.66999489373,8102.02456817993,10303.7639798138,9390.40105507848,8477.03805033464,7563.67498205365,6650.31196733886,18188.7130463808,17117.6001141907,16046.4871560401,14975.3741786757,13904.2612728351,12833.148086159,11762.035122823,3046.64313607835,2053.86148679141,17403.861812688,16375.9554062368,15348.0489409463,10281.4424655516,9209.7661975103,8138.09003138088,7066.41379596214,5994.73755807653,4923.06131976471,19201.3959561054,18187.5689690115,17173.7419421755,19668.6246123724,18828.6002775877,17988.57597192
18560.7846311193,19698.3489599347,22419.540205852,5033.78026945266,5966.00677878857,6898.23328095202,5881.12900749859,4873.13018309757,9864.5764926884,8913.04943090192,7961.52222155099,7009.99495467109,6058.46778830387,12752.3712694102,11761.7706537672,10771.1700692423,11350.596886406,10252.9608576547,9155.32486763017,8057.68887399528,6960.05278301817,7863.43909956063,9123.54278750168,7665.44694634547,8924.03786256052,16415.5375094241,11222.7181828441,10162.5015808391,9102.28458838261,8042.06767624005,17618.521172695,16654.9767688768,18607.3184252621,21385.2485517549,20330.2704740918,5075.18562321073,4060.1485207905,3045.1113358968,2030.07424770907,1015.03712892616,0,1015.03712769049,2030.07420982455,3045.11131741126,4060.14846728228,18068.3970786239,17037.9894732811,16007.5818329688,14977.1742697726,13946.7666243495,12916.3590316761,11885.9515455008,10855.54404023,17861.0543641607,16858.2924109835,15855.5305713209,14852.7685551885,13850.0066680731,12847.2446723549,11844.4829237031,10841.7210074609,17508.5139001149,16541.5367671829,15574.5597355155,14607.582774042,13640.6057230522,12673.6286841768,11706.6515736044,10739.6746524063,9772.69759047202,8805.7204276476,7838.74332186424,6871.76627227435,5904.78922768289,4937.81214527978,3970.83514298087,17593.9208167209,16583.6090695742,15573.2972636738,14562.9854411313,22258.2556797561,21208.3542619196,20158.4529060547,19108.5515536919,16455.9071904175,15539.2684544643,14622.6296704353,13705.9908658689,6194.79614049472,5282.74809209028,4370.69990713951,11113.5688643011,10106.9234993092,9100.2782289779,8093.63286596757,7086.98743925377,9288.72685088768,8375.36392615232,7462.00092140848,6548.63785312749,5635.27483841271,19203.750175307,18132.6372431168,17061.5242849662,15990.4113076018,14919.2984017612,13848.1852150852,12777.0722517491,2031.60600715219,1038.82435786526,18418.8989416141,17390.992535163,16363.0860698724,11296.4795944777,10224.8033264365,9153.12716030703,8081.4509248883,7009.77468700268,5938.09844869087,20216.4330850316,19202.6060979376,18188.7790711017,20683.6617412986,19843.6374065138,19003.6131008462
19575.8217588098,20713.3860876252,23434.5773335425,4018.74314176217,4950.96965109808,5883.19615326153,4866.0918798081,3858.09305540708,10879.6136203789,9928.08655859241,8976.55934924148,8025.03208236158,7073.50491599436,13767.4083971007,12776.8077814577,11786.2071969327,10335.5597587156,9237.92372996417,8140.28773993967,7042.65174630478,5945.01565532768,6848.40197187014,8108.50565981119,8680.48407403595,9939.07499025101,17430.5746371146,12237.7553105346,11177.5387085296,10117.3217160731,9057.10480393054,18633.5583003854,17670.0138965672,19622.3555529526,22400.2856794454,21345.3076017823,6090.22275090122,5075.18564848099,4060.1484635873,3045.11137539956,2030.07425661665,1015.03712769049,0,1015.03708213406,2030.07418972077,3045.11133959179,19083.4342063144,18053.0266009716,17022.6189606593,15992.2113974631,14961.80375204,13931.3961593666,12900.9886731913,11870.5811679205,18876.0914918512,17873.329538674,16870.5676990114,15867.805682879,14865.0437957636,13862.2818000454,12859.5200513936,11856.7581351513,18523.5510278054,17556.5738948734,16589.596863206,15622.6199017325,14655.6428507427,13688.6658118673,12721.6887012949,11754.7117800968,10787.7347181625,9820.75755533809,8853.78044955473,7886.80339996484,6919.82635537338,5952.84927297027,4985.87227067136,18608.9579444114,17598.6461972647,16588.3343913643,15578.0225688218,23273.2928074466,22223.3913896101,21173.4900337452,20123.5886813823,17470.944318108,16554.3055821548,15637.6667981258,14721.0279935594,7209.83326818521,6297.78521978077,5385.73703483,10098.5317366107,9091.88637161868,8085.24110128741,7078.59573827708,6071.95031156328,8273.68972319719,7360.32679846183,6446.96379371799,5533.600725437,4620.23771072221,20218.7873029975,19147.6743708073,18076.5614126567,17005.4484352923,15934.3355294517,14863.2223427757,13792.1093794396,1961.77606806783,968.994418780897,19433.9360693046,18406.0296628535,17378.1231975629,12311.5167221682,11239.8404541269,10168.1642879975,9096.48805257879,8024.81181469318,6953.13557638136,21231.4702127221,20217.6432256281,19203.8161987922,21698.6988689891,20858.6745342043,20018.6502285367
20590.8588409438,21728.4231697593,24449.6144156766,3003.70605962811,3935.93256896402,4868.15907112748,3851.05479767404,2843.05597327302,11894.6507025129,10943.1236407265,9991.59643137553,9040.06916449564,8088.54199812842,14782.4454792347,13791.8448635918,12801.2442790668,9320.5226765815,8222.88664783011,7125.25065780562,6027.61466417073,4929.97857319363,5833.36488973608,7093.46857767713,9695.52115617001,10954.1120723851,18445.6117192486,13252.7923926686,12192.5757906636,11132.3587982072,10072.1418860646,19648.5953825195,18685.0509787013,20637.3926350867,23415.3227615795,22360.3446839164,7105.25983303528,6090.22273061505,5075.18554572135,4060.14845753362,3045.11133875071,2030.07420982455,1015.03708213406,0,1015.03710758671,2030.07425745773,20098.4712884484,19068.0636831057,18037.6560427933,17007.2484795972,15976.840834174,14946.4332415006,13916.0257553254,12885.6182500546,19891.1285739853,18888.3666208081,17885.6047811454,16882.8427650131,15880.0808778977,14877.3188821795,13874.5571335277,12871.7952172854,19538.5881099395,18571.6109770075,17604.6339453401,16637.6569838665,15670.6799328767,14703.7028940014,13736.725783429,12769.7488622308,11802.7718002966,10835.7946374722,9868.81753168879,8901.8404820989,7934.86343750744,6967.88635510433,6000.90935280542,19623.9950265454,18613.6832793988,17603.3714734984,16593.0596509559,24288.3298895807,23238.4284717442,22188.5271158792,21138.6257635164,18485.981400242,17569.3426642889,16652.7038802598,15736.0650756934,8224.87035031926,7312.82230191483,6400.77411696406,9083.49465447659,8076.84928948462,7070.20401915335,6063.55865614302,5056.91322942922,7258.65264106313,6345.28971632777,5431.92671158393,4518.56364330294,3605.20062858816,21233.8243851315,20162.7114529414,19091.5984947908,18020.4855174264,16949.3726115858,15878.2594249097,14807.1464615737,2976.81315020189,1984.03150091495,20448.9731514387,19421.0667449875,18393.160279697,13326.5538043023,12254.877536261,11183.2013701316,10111.5251347128,9039.84889682723,7968.17265851541,22246.5072948561,21232.6803077621,20218.8532809262,22713.7359511231,21873.7116163384,21033.6873106707
21605.8959485306,22743.460277346,25464.6515232633,1988.6689520414,2920.89546137731,3853.12196354077,2836.01769008734,1828.01886568632,12909.6878100997,11958.1607483132,11006.6335389622,10055.1062720824,9103.57910571513,15797.4825868214,14806.8819711785,13816.2813866535,8305.48556899479,7207.8495402434,6110.21355021891,5012.57755658402,3914.94146560692,4818.32778214937,6078.43147009042,10710.5582637567,11969.1491799718,19460.6488268353,14267.8295002553,13207.6128982503,12147.3959057939,11087.1789936513,20663.6324901062,19700.088086288,21652.4297426734,24430.3598691662,23375.3817915031,8120.29694062198,7105.25983820175,6090.22265330806,5075.18556512033,4060.14844633741,3045.11131741126,2030.07418972076,1015.03710758671,0,1015.03714987103,21113.5083960351,20083.1007906924,19052.69315038,18022.2855871839,16991.8779417608,15961.4703490874,14931.0628629121,13900.6553576413,20906.165681572,19903.4037283948,18900.6418887321,17897.8798725998,16895.1179854844,15892.3559897662,14889.5942411144,13886.8323248721,20553.6252175262,19586.6480845942,18619.6710529268,17652.6940914532,16685.7170404634,15718.7400015881,14751.7628910157,13784.7859698175,12817.8089078833,11850.8317450589,10883.8546392755,9916.8775896856,8949.90054509415,7982.92346269104,7015.94646039213,20639.0321341322,19628.7203869855,18618.4085810851,17608.0967585426,25303.3669971674,24253.4655793309,23203.5642234659,22153.6628711031,19501.0185078288,18584.3797718756,17667.7409878465,16751.1021832801,9239.90745790597,8327.85940950154,7415.81122455077,8068.45754688988,7061.81218189792,6055.16691156664,5048.52154855631,4041.87612184251,6243.61553347642,5330.25260874106,4416.88960399722,3503.52653571623,2590.16352100145,22248.8614927182,21177.7485605281,20106.6356023775,19035.5226250131,17964.4097191725,16893.2965324964,15822.1835691604,3991.85025778859,2999.06860850166,21464.0102590254,20436.1038525742,19408.1973872837,14341.590911889,13269.9146438477,12198.2384777183,11126.5622422996,10054.8860044139,8983.20976610212,23261.5444024428,22247.7174153489,21233.8903885129,23728.7730587098,22888.7487239251,22048.7244182574
22620.9330984016,23758.497427217,26479.6886731343,973.631802170378,1905.85831150628,2838.08481366974,1820.98054021631,812.98171581529,13924.7249599707,12973.1978981842,12021.6706888333,11070.1434219534,10118.6162555862,16812.5197366925,15821.9191210495,14831.3185365245,7290.44841912377,6192.81239037238,5095.17640034788,3997.54040671299,2899.90431573589,3803.29063227834,5063.3943202194,11725.5954136277,12984.1863298428,20475.6859767064,15282.8666501264,14222.6500481214,13162.4330556649,12102.2161435223,21678.6696399772,20715.125236159,22667.4668925444,25445.3970190372,24390.4189413741,9135.33409049301,8120.29698807278,7105.25980317909,6090.22271499135,5075.18559620844,4060.14846728228,3045.11133959179,2030.07425745773,1015.03714987103,0,22128.5455459062,21098.1379405634,20067.7303002511,19037.3227370549,18006.9150916318,16976.5074989584,15946.1000127831,14915.6925075123,21921.202831443,20918.4408782658,19915.6790386032,18912.9170224708,17910.1551353554,16907.3931396372,15904.6313909854,14901.8694747431,21568.6623673972,20601.6852344652,19634.7082027978,18667.7312413243,17700.7541903345,16733.7771514591,15766.8000408867,14799.8231196886,13832.8460577543,12865.8688949299,11898.8917891465,10931.9147395566,9964.93769496517,8997.96061256206,8030.98361026315,21654.0692840032,20643.7575368565,19633.4457309561,18623.1339084136,26318.4041470384,25268.5027292019,24218.601373337,23168.7000209741,20516.0556576998,19599.4169217466,18682.7781377176,17766.1393331512,10254.944607777,9342.89655937257,8430.84837442179,7053.42039701886,6046.77503202689,5040.12976169562,4033.48439868529,3026.83897197149,5228.5783836054,4315.21545887004,3401.8524541262,2488.48938584521,1575.12637113042,23263.8986425892,22192.7857103991,21121.6727522485,20050.5597748841,18979.4468690435,17908.3336823675,16837.2207190314,5006.88740765962,4014.10575837269,22479.0474088964,21451.1410024453,20423.2345371547,15356.62806176,14284.9517937187,13213.2756275893,12141.5993921706,11069.923154285,9998.24691597315,24276.5815523138,23262.7545652199,22248.927538384,24743.8102085809,23903.7858737961,23063.7615681284
29654.4885090108,30792.0528378262,4351.14312722816,23102.1773480765,24034.4038574124,24966.6303595759,23949.5260861225,22941.5272617215,8203.82058593548,9155.34764772196,10106.8748570729,11058.4021239528,12009.92929032,23846.0751473017,22855.4745316587,21864.8739471337,29418.9939650299,28321.3579362785,27223.721946254,26126.0859526192,25028.4498616421,25931.8361781845,27191.9398661256,18759.1508242369,20017.741740452,27509.2413873156,18486.5946455434,17426.3780435384,16366.1610510819,15305.9441389393,15006.2379228174,14042.6935189992,12192.6840979604,3316.85147313103,2261.87339546797,12993.2114554132,14008.2485578334,15023.2857427271,16038.3228309148,17053.3599496977,18068.3970786239,19083.4342063144,20098.4712884484,21113.5083960351,22128.5455459062,0,1030.40760534274,2060.81524565509,3091.22280885123,4121.63045427438,5152.03804694779,6182.44553312304,7212.85303839387,15248.7711142832,14246.009161106,13243.2473214433,12240.485305311,11237.7234181956,10234.9614224774,9232.19967382558,8229.4377575833,28602.2177780064,27635.2406450744,26668.263613407,25701.2866519335,24734.3096009437,23767.3325620683,22800.3554514959,21833.3785302978,20866.4014683635,19899.4243055391,18932.4471997557,17965.4701501658,16998.4931055744,16031.5160231713,15064.5390208723,28687.6246946124,27677.3129474657,26667.0011415653,25656.6893190228,4189.85860113224,3139.95718329573,2090.05582743079,1040.15447506797,27549.611068309,26632.9723323558,25716.3335483268,24799.6947437603,16433.8415719596,15521.7935235552,14609.7453386044,29181.965942925,28175.3205779331,27168.6753076018,26162.0299445915,25155.3845178777,27357.1239295116,26443.7610047762,25530.3980000324,24617.0349317514,23703.6719170366,12789.1158480052,11718.0029158151,10646.8899576645,9575.77698030005,8504.66407445947,7433.5508877834,6362.43792444737,20100.0030857761,19107.2214364891,12004.2646143123,10976.3582078612,9948.45174257067,18560.356057177,17488.6797891357,16417.0036230063,15345.3273875876,14273.651149702,13201.9749113901,13801.7987577298,12787.9717706358,11774.1447437999,2615.2646626747,1775.24032788993,935.216022222285
28624.080903668,29761.6452324834,5381.5507325709,22071.7697427338,23003.9962520697,23936.2227542332,22919.1184807797,21911.1196563787,7173.41298059275,8124.94004237922,9076.46725173016,10027.99451861,10979.5216849773,22815.6675419589,21825.0669263159,20834.466341791,28388.5863596872,27290.9503309358,26193.3143409113,25095.6783472764,23998.0422562993,24901.4285728418,26161.5322607828,17728.7432188942,18987.3341351093,26478.8337819728,17456.1870402006,16395.9704381956,15335.7534457392,14275.5365335966,13975.8303174747,13012.2859136565,11162.2764926176,4347.25907847377,3292.28100081071,11962.8038500704,12977.8409524906,13992.8781373843,15007.9152255721,16022.952344355,17037.9894732811,18053.0266009716,19068.0636831057,20083.1007906924,21098.1379405634,1030.40760534274,0,1030.40764031235,2060.81520350849,3091.22284893165,4121.63044160505,5152.03792778031,6182.44543305114,14218.3635089404,13215.6015557633,12212.8397161006,11210.0776999682,10207.3158128528,9204.55381713465,8201.79206848284,7199.03015224057,27571.8101726637,26604.8330397317,25637.8560080642,24670.8790465907,23703.9019956009,22736.9249567255,21769.9478461532,20802.970924955,19835.9938630208,18869.0167001963,17902.039594413,16935.0625448231,15968.0855002316,15001.1084178285,14034.1314155296,27657.2170892696,26646.905342123,25636.5935362226,24626.28171368,5220.26620647498,4170.36478863846,3120.46343277353,2070.56208041071,26519.2034629662,25602.564727013,24685.925942984,23769.2871384176,15403.4339666169,14491.3859182124,13579.3377332617,28151.5583375823,27144.9129725903,26138.267702259,25131.6223392487,24124.9769125349,26326.7163241688,25413.3533994335,24499.9903946896,23586.6273264086,22673.2643116938,11758.7082426625,10687.5953104723,9616.48235232175,8545.36937495732,7474.25646911674,6403.14328244066,5332.03031910463,19069.5954804333,18076.8138311464,10973.8570089696,9945.95060251848,8918.04413722794,17529.9484518343,16458.272183793,15386.5960176636,14314.9197822448,13243.2435443592,12171.5673060474,12771.3911523871,11757.5641652931,10743.7371384572,3645.67226801744,2805.64793323267,1965.62362756502
27593.6732633557,28731.2375921711,6411.95837288325,21041.3621024215,21973.5886117574,22905.8151139208,21888.7108404674,20880.7120160664,6143.00534028039,7094.53240206687,8046.0596114178,8997.5868782977,9949.11404466492,21785.2599016466,20794.6592860036,19804.0587014786,27358.1787193748,26260.5426906234,25162.906700599,24065.2707069641,22967.634615987,23871.0209325294,25131.1246204705,16698.3355785819,17956.9264947969,25448.4261416605,16425.7793998883,15365.5627978833,14305.3458054268,13245.1288932842,12945.4226771623,11981.8782733441,10131.8688523053,5377.66671878612,4322.68864112306,10932.3962097581,11947.4333121783,12962.470497072,13977.5075852597,14992.5447040426,16007.5818329688,17022.6189606593,18037.6560427933,19052.69315038,20067.7303002511,2060.81524565509,1030.40764031235,0,1030.40756319614,2060.81520861929,3091.2228012927,4121.63028746795,5152.03779273878,13187.9558686281,12185.1939154509,11182.4320757883,10179.6700596559,9176.90817254048,8174.14617682229,7171.38442817049,6168.62251192822,26541.4025323513,25574.4253994193,24607.4483677519,23640.4714062784,22673.4943552886,21706.5173164132,20739.5402058408,19772.5632846427,18805.5862227084,17838.609059884,16871.6319541006,15904.6549045107,14937.6778599193,13970.7007775162,13003.7237752173,26626.8094489573,25616.4977018106,24606.1858959102,23595.8740733677,6250.67384678733,5200.77242895082,4150.87107308588,3100.96972072306,25488.7958226539,24572.1570867007,23655.5183026717,22738.8794981053,14373.0263263045,13460.9782779001,12548.9300929493,27121.1506972699,26114.505332278,25107.8600619467,24101.2146989364,23094.5692722226,25296.3086838565,24382.9457591211,23469.5827543773,22556.2196860963,21642.8566713815,10728.3006023501,9657.18767015998,8586.07471200939,7514.96173464496,6443.84882880438,5372.73564212831,4301.62267879228,18039.187840121,17046.406190834,9943.44936865726,8915.54296220613,7887.63649691558,16499.5408115219,15427.8645434806,14356.1883773512,13284.5121419325,12212.8359040469,11141.1596657351,11740.9835120747,10727.1565249808,9713.32949814483,4676.0799083298,3836.05557354502,2996.03126787737
26563.2657001595,27700.830028975,7442.36593607939,20010.9545392253,20943.1810485612,21875.4075507247,20858.3032772712,19850.3044528702,5112.59777708425,6064.12483887073,7015.65204822167,7967.17931510156,8918.70648146878,20754.8523384504,19764.2517228075,18773.6511382825,26327.7711561787,25230.1351274273,24132.4991374028,23034.8631437679,21937.2270527908,22840.6133693333,24100.7170572743,15667.9280153857,16926.5189316008,24418.0185784643,15395.3718366921,14335.1552346871,13274.9382422307,12214.7213300881,11915.0151139662,10951.470710148,9101.46128910914,6408.07428198226,5353.0962043192,9901.98864656193,10917.0257489822,11932.0629338758,12947.1000220636,13962.1371408465,14977.1742697727,15992.2113974631,17007.2484795972,18022.2855871839,19037.3227370549,3091.22280885123,2060.81520350849,1030.40756319614,0,1030.40764542315,2060.81523809656,3091.22272427181,4121.63022954264,12157.5483054319,11154.7863522548,10152.0245125921,9149.26249645975,8146.50060934434,7143.73861362615,6140.97686497435,5138.21494873208,25510.9949691552,24544.0178362232,23577.0408045558,22610.0638430822,21643.0867920924,20676.109753217,19709.1326426447,18742.1557214465,17775.1786595123,16808.2014966879,15841.2243909045,14874.2473413146,13907.2702967231,12940.29321432,11973.3162120211,25596.4018857611,24586.0901386145,23575.7783327141,22565.4665101716,7281.08140998347,6231.17999214696,5181.27863628202,4131.3772839192,24458.3882594577,23541.7495235045,22625.1107394755,21708.4719349091,13342.6187631084,12430.570714704,11518.5225297532,26090.7431340738,25084.0977690818,24077.4524987506,23070.8071357402,22064.1617090264,24265.9011206603,23352.538195925,22439.1751911811,21525.8121229002,20612.4491081854,9697.89303915397,8626.78010696384,7555.66714881325,6484.55417144882,5413.44126560824,4342.32807893217,3271.21511559614,17008.7802769248,16015.9986276379,8913.04180546111,7885.13539900999,6857.22893371944,15469.1332483258,14397.4569802845,13325.7808141551,12254.1045787363,11182.4283408507,10110.7521025389,10710.5759488786,9696.74896178461,8682.92193494868,5706.48747152594,4866.46313674116,4026.43883107352
25532.8580547364,26670.4223835518,8472.77358150255,18980.5468938022,19912.7734031381,20844.9999053015,19827.8956318481,18819.8968074471,4082.1901316611,5033.71719344758,5985.24440279851,6936.77166967841,7888.29883604563,19724.4446930273,18733.8440773843,17743.2434928594,25297.3635107555,24199.7274820042,23102.0914919797,22004.4554983448,20906.8194073677,21810.2057239101,23070.3094118512,14637.5203699626,15896.1112861776,23387.6109330412,14364.964191269,13304.747589264,12244.5305968075,11184.3136846649,10884.607468543,9921.06306472481,8071.05364368599,7438.48192740541,6383.50384974235,8871.58100113877,9886.618103559,10901.6552884527,11916.6923766404,12931.7294954233,13946.7666243495,14961.80375204,15976.840834174,16991.8779417608,18006.9150916318,4121.63045427438,3091.22284893165,2060.81520861929,1030.40764542315,0,1030.40759267341,2060.81507884866,3091.22258411949,11127.1406600088,10124.3787068316,9121.61686716896,8118.85485103659,7116.09296392118,6113.330968203,5110.5692195512,4107.80730330892,24480.5873237321,23513.6101908,22546.6331591326,21579.6561976591,20612.6791466693,19645.7021077939,18678.7249972215,17711.7480760234,16744.7710140891,15777.7938512647,14810.8167454813,13843.8396958914,12876.8626513,11909.8855688969,10942.908566598,24565.994240338,23555.6824931913,22545.3706872909,21535.0588647484,8311.48905540662,7261.58763757011,6211.68628170518,5161.78492934236,23427.9806140346,22511.3418780814,21594.7030940524,20678.064289486,12312.2111176852,11400.1630692808,10488.11488433,25060.3354886506,24053.6901236587,23047.0448533274,22040.3994903171,21033.7540636033,23235.4934752372,22322.1305505018,21408.767545758,20495.404477477,19582.0414627622,8667.48539373082,7596.37246154069,6525.2595033901,5454.14652602567,4383.03362018509,3311.92043350902,2240.80747017298,15978.3726315017,14985.5909822148,7882.63416003796,6854.72775358683,5826.82128829629,14438.7256029026,13367.0493348614,12295.3731687319,11223.6969333132,10152.0206954276,9080.34445711577,9680.16830345542,8666.34131636146,7652.51428952553,6736.89511694909,5896.87078216431,5056.84647649667
24502.450462063,25640.0147908784,9503.18117417595,17950.1393011288,18882.3658104647,19814.5923126281,18797.4880391747,17789.4892147737,3051.78253898769,4003.30960077417,4954.83681012511,5906.364077005,6857.89124337222,18694.0371003539,17703.4364847109,16712.8359001859,24266.9559180821,23169.3198893308,22071.6838993063,20974.0479056714,19876.4118146943,20779.7981312367,22039.9018191778,13607.1127772892,14865.7036935042,22357.2033403678,13334.5565985956,12274.3399965906,11214.1230041341,10153.9060919915,9854.19987586961,8890.6554720514,7040.64605101258,8468.88952007882,7413.91144241576,7841.17340846537,8856.2105108856,9871.24769577929,10886.284783967,11901.3219027499,12916.3590316761,13931.3961593666,14946.4332415006,15961.4703490874,16976.5074989584,5152.03804694779,4121.63044160505,3091.2228012927,2060.81523809656,1030.40759267341,0,1030.40748617525,2060.81499144609,10096.7330673354,9093.9711141582,8091.20927449555,7088.44725836319,6085.68537124778,5082.92337552959,4080.16162687779,3077.39971063552,23450.1797310586,22483.2025981266,21516.2255664592,20549.2486049857,19582.2715539959,18615.2945151205,17648.3174045481,16681.34048335,15714.3634214157,14747.3862585913,13780.4091528079,12813.432103218,11846.4550586266,10879.4779762235,9912.50097392456,23535.5866476646,22525.2749005179,21514.9630946175,20504.651272075,9341.89664808003,8291.99523024352,7242.09387437858,6192.19252201576,22397.5730213612,21480.934285408,20564.295501379,19647.6566968126,11281.8035250118,10369.7554766074,9457.70729165662,24029.9278959772,23023.2825309853,22016.637260654,21009.9918976437,20003.3464709299,22205.0858825638,21291.7229578284,20378.3599530846,19464.9968848036,18551.6338700888,7637.07780105742,6565.96486886729,5494.85191071669,4423.73893335227,3352.62602751169,2281.51284083561,1210.39987749958,14947.9650388283,13955.1833895413,6852.22656736456,5824.32016091343,4796.41369562289,13408.3180102292,12336.6417421879,11264.9655760585,10193.2893406398,9121.61310275418,8049.93686444236,8649.76071078201,7635.93372368806,6622.10669685213,7767.30270962249,6927.27837483772,6087.25406917007
23472.0429758877,24609.6073047031,10533.5886603512,16919.7318149535,17851.9583242894,18784.1848264529,17767.0805529994,16759.0817285984,2021.37505281244,2972.90211459892,3924.42932394985,4875.95659082975,5827.48375719697,17663.6296141786,16673.0289985356,15682.4284140107,23236.5484319069,22138.9124031555,21041.276413131,19943.6404194961,18846.004328519,19749.3906450615,21009.4943330025,12576.7052911139,13835.296207329,21326.7958541925,12304.1491124203,11243.9325104153,10183.7155179588,9123.49860581628,8823.79238969436,7860.24798587615,6721.3668797613,9499.29700625407,8444.31892859101,6810.76592229011,7825.80302471034,8840.84020960404,9855.87729779177,10870.9144165747,11885.9515455008,12900.9886731913,13916.0257553254,14931.0628629121,15946.1000127831,6182.44553312304,5152.03792778031,4121.63028746795,3091.22272427181,2060.81507884866,1030.40748617525,0,1030.40750527083,9066.3255811601,8063.56362798294,7060.8017883203,6058.03977218793,5055.27788507252,4052.51588935434,3049.75414070254,2046.99222446027,22419.7722448834,21452.7951119514,20485.818080284,19518.8411188104,18551.8640678206,17584.8870289452,16617.9099183728,15650.9329971747,14683.9559352405,13716.978772416,12750.0016666327,11783.0246170428,10816.0475724513,9849.07049004821,8882.0934877493,22505.1791614893,21494.8674143427,20484.5556084423,19474.2437858997,10372.3041342553,9322.40271641877,8272.50136055384,7222.60000819102,21367.1655351859,20450.5267992327,19533.8880152037,18617.2492106373,10251.3960388366,9339.34799043214,8427.29980548137,22999.520409802,21992.87504481,20986.2297744787,19979.5844114684,18972.9389847546,21174.6783963885,20261.3154716532,19347.9524669093,18434.5893986283,17521.2263839135,7317.79862980613,6246.685697616,5175.57273946541,4104.45976210098,3033.3468562604,1962.23366958432,891.120706248292,13917.557552653,12924.7759033661,6532.94739611327,5505.04098966214,4477.1345243716,12377.910524054,11306.2342560127,10234.5580898833,9162.88185446453,8091.20561657892,7019.5293782671,8330.48153953073,7316.65455243677,6302.82752560084,8797.71019579775,7957.68586101297,7117.66155534533
22441.6354706169,23579.1997994323,11563.996165622,15889.3243096827,16821.5508190186,17753.777321182,16736.6730477286,15728.6742233276,990.967547541607,1942.49460932808,2894.02181867902,3845.54908555891,4797.07625192613,16633.2221089078,15642.6214932648,14652.0209087399,22206.1409266361,21108.5048978847,20010.8689078602,18913.2329142253,17815.5968232482,18718.9831397906,19979.0868277317,11546.2977858431,12804.8887020581,20296.3883489217,11273.7416071495,10213.5250051445,9153.30801268802,8093.09110054545,7793.38488442352,6829.84048060532,7751.77438503213,10529.7045115249,9474.72643386185,5780.35841701928,6795.39551943951,7810.4327043332,8825.46979252094,9840.50691130385,10855.54404023,11870.5811679205,12885.6182500546,13900.6553576413,14915.6925075123,7212.85303839388,6182.44543305114,5152.03779273879,4121.63022954264,3091.22258411949,2060.81499144609,1030.40750527083,0,8035.91807588927,7033.15612271211,6030.39428304946,5027.6322669171,4024.87037980169,3022.1083840835,2019.34663543171,1016.58471918943,21389.3647396126,20422.3876066805,19455.4105750131,18488.4336135396,17521.4565625498,16554.4795236744,15587.502413102,14620.5254919039,13653.5484299696,12686.5712671452,11719.5941613618,10752.6171117719,9785.64006718049,8818.66298477738,7851.68598247847,21474.7716562185,20464.4599090718,19454.1481031715,18443.8362806289,11402.7116395261,10352.8102216896,9302.90886582467,8253.00751346185,20336.7580299151,19420.1192939619,18503.4805099329,17586.8417053665,9220.98853356574,8308.94048516131,7396.89230021053,21969.1129045311,20962.4675395392,19955.8222692079,18949.1769061976,17942.5314794838,20144.2708911177,19230.9079663823,18317.5449616385,17404.1818933575,16490.8188786427,8348.20613507696,7277.09320288683,6205.98024473624,5134.86726737181,4063.75436153123,2992.64117485516,1921.52821151913,12887.1500473822,11894.3683980953,7563.3549013841,6535.44849493298,5507.54202964243,11347.5030187831,10275.8267507419,9204.15058461244,8132.4743491937,7060.79811130809,5989.12187299627,9360.88904480156,8347.0620577076,7333.23503087167,9828.11770106858,8988.09336628381,8148.06906061616
29447.1457945476,30584.710123363,19599.9142415113,22894.8346336134,23827.0611429493,24759.2876451127,23742.1833716593,22734.1845472583,7996.4778714723,8948.00493325877,9899.53214260971,10851.0594094896,11802.5865758568,23638.7324328385,22648.1318171955,21657.5312326705,29211.6512505667,28114.0152218153,27016.3792317909,25918.743238156,24821.1071471789,25724.4934637213,26984.5971516624,18551.8081097738,19810.3990259888,27301.8986728524,18279.2519310802,17219.0353290752,16158.8183366187,15098.6014244761,3133.16643939477,2169.62203557657,15787.6924609214,18565.6225874142,17510.6445097511,12785.86874095,13800.9058433702,14815.9430282639,15830.9801164516,16846.0172352345,17861.0543641607,18876.0914918512,19891.1285739852,20906.1656815719,21921.202831443,15248.7711142831,14218.3635089404,13187.9558686281,12157.5483054319,11127.1406600088,10096.7330673354,9066.3255811601,8035.91807588927,0,1002.76195317717,2005.52379283981,3008.28580897217,4011.04769608758,5013.80969180577,6016.57144045757,7019.33335669984,28394.8750635432,27427.8979306112,26460.9208989438,25493.9439374703,24526.9668864805,23559.9898476051,22593.0127370327,21626.0358158346,20659.0587539003,19692.0815910759,18725.1044852925,17758.1274357026,16791.1503911112,15824.1733087081,14857.1963064092,28480.2819801492,27469.9702330025,26459.6584271021,25449.3466045596,19438.6297154154,18388.7282975789,17338.8269417139,16288.9255893511,27342.2683538458,26425.6296178926,25508.9908338636,24592.3520292972,16226.4988574964,15314.450809092,14402.4026241412,28974.6232284618,27967.9778634699,26961.3325931386,25954.6872301283,24948.0418034145,27149.7812150484,26236.418290313,25323.0552855692,24409.6922172882,23496.3292025734,16384.1242109662,15313.0112787761,14241.8983206255,13170.7853432611,12099.6724374205,11028.5592507444,9957.4462874084,19892.6603713129,18899.878722026,15599.2729772734,14571.3665708222,13543.4601055317,18353.0133427138,17281.3370746726,16209.6609085431,15137.9846731244,14066.3084352388,12994.632196927,17396.8071206908,16382.9801335969,15369.153106761,17864.0357769579,17024.0114421731,16183.9871365054
28444.3838413704,29581.9481701858,18597.1522883341,21892.0726804362,22824.2991897721,23756.5256919355,22739.4214184821,21731.4225940811,6993.71591829513,7945.24298008161,8896.77018943255,9848.29745631244,10799.8246226797,22635.9704796613,21645.3698640183,20654.7692794934,28208.8892973896,27111.2532686382,26013.6172786137,24915.9812849788,23818.3451940017,24721.7315105442,25981.8351984852,17549.0461565966,18807.6370728117,26299.1367196752,17276.489977903,16216.273375898,15156.0563834415,14095.839471299,2130.40448621761,1166.86008239941,14784.9305077442,17562.860634237,16507.882556574,11783.1067877728,12798.143890193,13813.1810750867,14828.2181632745,15843.2552820574,16858.2924109835,17873.329538674,18888.3666208081,19903.4037283948,20918.4408782658,14246.009161106,13215.6015557632,12185.1939154509,11154.7863522548,10124.3787068316,9093.9711141582,8063.56362798294,7033.15612271211,1002.76195317717,0,1002.76183966264,2005.52385579501,3008.28574291042,4011.0477386286,5013.8094872804,6016.57140352268,27392.1131103661,26425.1359774341,25458.1589457666,24491.1819842931,23524.2049333033,22557.2278944279,21590.2507838555,20623.2738626574,19656.2968007232,18689.3196378987,17722.3425321154,16755.3654825255,15788.388437934,14821.4113555309,13854.434353232,27477.520026972,26467.2082798254,25456.896473925,24446.5846513824,18435.8677622382,17385.9663444017,16336.0649885368,15286.163636174,26339.5064006686,25422.8676647154,24506.2288806864,23589.59007612,15223.7369043193,14311.6888559148,13399.6406709641,27971.8612752847,26965.2159102927,25958.5706399614,24951.9252769511,23945.2798502373,26147.0192618712,25233.6563371359,24320.293332392,23406.930264111,22493.5672493962,15381.3622577891,14310.2493255989,13239.1363674483,12168.0233900839,11096.9104842433,10025.7972975673,8954.68433423123,18889.8984181357,17897.1167688488,14596.5110240962,13568.6046176451,12540.6981523545,17350.2513895367,16278.5751214954,15206.898955366,14135.2227199472,13063.5464820616,11991.8702437498,16394.0451675137,15380.2181804197,14366.3911535838,16861.2738237807,16021.2494889959,15181.2251833283
27441.6220017078,28579.1863305232,17594.3904486715,20889.3108407735,21821.5373501095,22753.7638522729,21736.6595788195,20728.6607544185,5990.95407863249,6942.48114041896,7894.0083497699,8845.53561664979,9797.06278301702,21633.2086399987,20642.6080243557,19652.0074398307,27206.1274577269,26108.4914289755,25010.855438951,23913.2194453162,22815.5833543391,23718.9696708815,24979.0733588226,16546.2843169339,17804.875233149,25296.3748800126,16273.7281382404,15213.5115362354,14153.2945437789,13093.0776316363,1762.99060137406,799.446197555858,13782.1686680816,16560.0987945744,15505.1207169113,10780.3449481102,11795.3820505304,12810.4192354241,13825.4563236118,14840.4934423947,15855.5305713209,16870.5676990114,17885.6047811454,18900.6418887321,19915.6790386032,13243.2473214433,12212.8397161006,11182.4320757882,10152.0245125921,9121.61686716896,8091.20927449555,7060.8017883203,6030.39428304946,2005.52379283981,1002.76183966264,0,1002.76201613236,2005.52390324777,3008.28589896596,4011.04764761776,5013.80956386003,26389.3512707034,25422.3741377714,24455.397106104,23488.4201446305,22521.4430936407,21554.4660547653,20587.4889441929,19620.5120229948,18653.5349610605,17686.5577982361,16719.5806924527,15752.6036428628,14785.6265982714,13818.6495158683,12851.6725135694,26474.7581873094,25464.4464401627,24454.1346342623,23443.8228117198,17433.1059225756,16383.2045047391,15333.3031488741,14283.4017965113,25336.744561006,24420.1058250528,23503.4670410238,22586.8282364573,14220.9750646566,13308.9270162522,12396.8788313014,26969.099435622,25962.4540706301,24955.8088002988,23949.1634372885,22942.5180105747,25144.2574222086,24230.8944974732,23317.5314927294,22404.1684244484,21490.8054097336,14378.6004181264,13307.4874859363,12236.3745277857,11165.2615504213,10094.1486445807,9023.03545790462,7951.92249456859,17887.1365784731,16894.3549291861,13593.7491844336,12565.8427779824,11537.9363126919,16347.489549874,15275.8132818327,14204.1371157033,13132.4608802846,12060.784642399,10989.1084040872,15391.283327851,14377.4563407571,13363.6293139211,15858.511984118,15018.4876493333,14178.4633436656
26438.8599855754,27576.4243143908,16591.6284325391,19886.5488246412,20818.7753339771,21751.0018361405,20733.8975626871,19725.8987382861,4988.19206250012,5939.7191242866,6891.24633363754,7842.77360051743,8794.30076688465,20630.4466238663,19639.8460082233,18649.2454236984,26203.3654415946,25105.7294128432,24008.0934228187,22910.4574291838,21812.8213382067,22716.2076547492,23976.3113426902,15543.5223008016,16802.1132170166,24293.6128638802,15270.966122108,14210.749520103,13150.5325276465,12090.315615504,2765.75261750642,1802.20821368822,12779.4066519492,15557.336778442,14502.3587007789,9777.5829319778,10792.620034398,11807.6572192917,12822.6943074795,13837.7314262624,14852.7685551885,15867.805682879,16882.8427650131,17897.8798725998,18912.9170224708,12240.485305311,11210.0776999682,10179.6700596559,9149.26249645974,8118.85485103659,7088.44725836319,6058.03977218793,5027.6322669171,3008.28580897217,2005.52385579501,1002.76201613236,0,1002.76188711541,2005.5238828336,3008.2856314854,4011.04754772767,25386.5892545711,24419.6121216391,23452.6350899716,22485.6581284981,21518.6810775083,20551.7040386329,19584.7269280605,18617.7500068624,17650.7729449281,16683.7957821037,15716.8186763204,14749.8416267305,13782.864582139,12815.8874997359,11848.910497437,25471.996171177,24461.6844240304,23451.37261813,22441.0607955874,16430.3439064432,15380.4424886067,14330.5411327418,13280.6397803789,24333.9825448736,23417.3438089204,22500.7050248914,21584.066220325,13218.2130485243,12306.1650001198,11394.1168151691,25966.3374194897,24959.6920544977,23953.0467841664,22946.4014211561,21939.7559944423,24141.4954060762,23228.1324813409,22314.769476597,21401.406408316,20488.0433936012,13375.8384019941,12304.7254698039,11233.6125116533,10162.4995342889,9091.38662844833,8020.27344177226,6949.16047843623,16884.3745623407,15891.5929130538,12590.9871683012,11563.0807618501,10535.1742965595,15344.7275337416,14273.0512657004,13201.375099571,12129.6988641522,11058.0226262666,9986.34638795479,14388.5213117187,13374.6943246247,12360.8672977888,14855.7499679857,14015.7256332009,13175.7013275333
25436.09809846,26573.6624272754,15588.8665454237,18883.7869375258,19816.0134468617,20748.2399490251,19731.1356755717,18723.1368511707,3985.43017538472,4936.95723717119,5888.48444652213,6840.01171340202,7791.53887976924,19627.6847367509,18637.0841211079,17646.483536583,25200.6035544792,24102.9675257278,23005.3315357033,21907.6955420684,20810.0594510913,21713.4457676338,22973.5494555748,14540.7604136862,15799.3513299012,23290.8509767648,14268.2042349926,13207.9876329876,12147.7706405311,11087.5537283886,3768.51450462183,2804.97010080363,11776.6447648338,14554.5748913266,13499.5968136635,8774.82104486239,9789.85814728262,10804.8953321763,11819.932420364,12834.969539147,13850.0066680731,14865.0437957636,15880.0808778977,16895.1179854844,17910.1551353554,11237.7234181956,10207.3158128528,9176.90817254048,8146.50060934434,7116.09296392118,6085.68537124778,5055.27788507252,4024.87037980169,4011.04769608758,3008.28574291042,2005.52390324777,1002.76188711541,0,1002.76199571819,2005.52374436999,3008.28566061226,24383.8273674557,23416.8502345236,22449.8732028562,21482.8962413827,20515.9191903929,19548.9421515175,18581.9650409451,17614.988119747,16648.0110578127,15681.0338949883,14714.056789205,13747.0797396151,12780.1026950236,11813.1256126205,10846.1486103216,24469.2342840616,23458.922536915,22448.6107310146,21438.298908472,15427.5820193278,14377.6806014913,13327.7792456264,12277.8778932635,23331.2206577582,22414.581921805,21497.943137776,20581.3043332096,12215.4511614089,11303.4031130044,10391.3549280536,24963.5755323743,23956.9301673823,22950.284897051,21943.6395340407,20936.9941073269,23138.7335189608,22225.3705942254,21312.0075894816,20398.6445212006,19485.2815064858,12373.0765148787,11301.9635826885,10230.8506245379,9159.7376471735,8088.62474133292,7017.51155465685,5946.39859132082,15881.6126752253,14888.8310259384,11588.2252811858,10560.3188747347,9532.41240944412,14341.9656466262,13270.289378585,12198.6132124555,11126.9369770368,10055.2607391512,8983.58450083938,13385.7594246032,12371.9324375093,11358.1054106734,13852.9880808703,13012.9637460855,12172.9394404179
24433.3361027418,25570.9004315572,14586.1045497055,17881.0249418076,18813.2514511435,19745.477953307,18728.3736798535,17720.3748554525,2982.66817966653,3934.195241453,4885.72245080394,5837.24971768384,6788.77688405106,18624.9227410327,17634.3221253897,16643.7215408648,24197.841558761,23100.2055300096,22002.5695399851,20904.9335463502,19807.2974553731,20710.6837719156,21970.7874598566,13537.998417968,14796.589334183,22288.0889810466,13265.4422392744,12205.2256372694,11145.0086448129,10084.7917326704,4771.27650034002,3807.73209652182,10773.8827691156,13551.8128956084,12496.8348179454,7772.0590491442,8787.09615156443,9802.13333645812,10817.1704246459,11832.2075434288,12847.2446723549,13862.2818000454,14877.3188821795,15892.3559897662,16907.3931396372,10234.9614224774,9204.55381713465,8174.14617682229,7143.73861362615,6113.330968203,5082.92337552959,4052.51588935434,3022.1083840835,5013.80969180577,4011.0477386286,3008.28589896596,2005.5238828336,1002.76199571819,0,1002.7617486518,2005.52366489407,23381.0653717375,22414.0882388055,21447.111207138,20480.1342456645,19513.1571946747,18546.1801557993,17579.2030452269,16612.2261240288,15645.2490620945,14678.2718992701,13711.2947934868,12744.3177438969,11777.3406993054,10810.3636169023,9843.38661460339,23466.4722883434,22456.1605411968,21445.8487352964,20435.5369127538,14424.8200236096,13374.9186057731,12325.0172499082,11275.1158975454,22328.45866204,21411.8199260868,20495.1811420578,19578.5423374914,11212.6891656907,10300.6411172862,9388.59293233546,23960.8135366561,22954.1681716641,21947.5229013328,20940.8775383225,19934.2321116087,22135.9715232426,21222.6085985073,20309.2455937634,19395.8825254824,18482.5195107676,11370.3145191605,10299.2015869703,9228.08862881974,8156.97565145532,7085.86274561474,6014.74955893866,4943.63659560263,14878.8506795071,13886.0690302202,10585.4632854676,9557.55687901648,8529.65041372594,13339.2036509081,12267.5273828668,11195.8512167374,10124.1749813186,9052.49874343301,7980.82250512119,12382.9974288851,11369.1704417911,10355.3434149552,12850.2260851521,12010.2017503673,11170.1774446997
23430.57435409,24568.1386829054,13583.3428010537,16878.2631931558,17810.4897024917,18742.7162046552,17725.6119312017,16717.6131068007,1979.90643101473,2931.43349280121,3882.96070215214,4834.48796903204,5786.01513539926,17622.1609923809,16631.5603767379,15640.959792213,23195.0798101092,22097.4437813578,20999.8077913333,19902.1717976984,18804.5357067213,19707.9220232638,20968.0257112048,12535.2366693162,13793.8275855313,21285.3272323948,12262.6804906226,11202.4638886176,10142.2468961611,9082.02998401857,5774.03824899182,4810.49384517362,9771.12102046384,12549.0511469566,11494.0730692936,6769.2973004924,7784.33440291263,8799.37158780633,9814.40867599406,10829.445794777,11844.4829237031,12859.5200513936,13874.5571335277,14889.5942411144,15904.6313909854,9232.19967382558,8201.79206848285,7171.38442817049,6140.97686497435,5110.5692195512,4080.16162687779,3049.75414070254,2019.34663543171,6016.57144045757,5013.8094872804,4011.04764761776,3008.2856314854,2005.52374436999,1002.7617486518,0,1002.76191624227,22378.3036230857,21411.3264901537,20444.3494584862,19477.3724970127,18510.3954460229,17543.4184071475,16576.4412965751,15609.464375377,14642.4873134427,13675.5101506183,12708.533044835,11741.5559952451,10774.5789506536,9807.6018682505,8840.6248659516,22463.7105396916,21453.398792545,20443.0869866446,19432.775164102,13422.0582749578,12372.1568571213,11322.2555012564,10272.3541488936,21325.6969133882,20409.058177435,19492.419393406,18575.7805888396,10209.9274170389,9297.87936863443,8385.83118368366,22958.0517880043,21951.4064230123,20944.761152681,19938.1157896707,18931.4703629569,21133.2097745908,20219.8468498555,19306.4838451116,18393.1207768306,17479.7577621158,10367.5527705087,9296.43983831854,8225.32688016794,7154.21390280352,6083.10099696294,5011.98781028686,3940.87484695083,13876.0889308553,12883.3072815684,9582.70153681581,8554.79513036468,7526.88866507414,12336.4419022563,11264.765634215,10193.0894680856,9121.41323266683,8049.73699478121,6978.0607564694,11380.2356802333,10366.4086931393,9352.58166630338,11847.4643365003,11007.4400017155,10167.4156960479
22427.8124378478,23565.3767666632,12580.5808848115,15875.5012769135,16807.7277862494,17739.9542884129,16722.8500149595,15714.8511905584,977.144514772456,1928.67157655893,2880.19878590987,3831.72605278976,4783.25321915698,16619.3990761386,15628.7984604957,14638.1978759707,22192.3178938669,21094.6818651155,19997.045875091,18899.4098814561,17801.773790479,18705.1601070215,19965.2637949625,11532.4747530739,12791.065669289,20282.5653161525,11259.9185743803,10199.7019723753,9139.48497991887,8079.2680677763,6776.80016523409,5813.25576141589,8768.35910422156,11546.2892307143,10491.3111530513,5766.53538425013,6781.57248667036,7796.60967156405,8811.64675975179,9826.6838785347,10841.7210074609,11856.7581351513,12871.7952172854,13886.8323248721,14901.8694747431,8229.43775758331,7199.03015224057,6168.62251192822,5138.21494873208,4107.80730330892,3077.39971063552,2046.99222446027,1016.58471918943,7019.33335669984,6016.57140352268,5013.80956386003,4011.04754772767,3008.28566061226,2005.52366489407,1002.76191624227,0,21375.5417068434,20408.5645739114,19441.587542244,18474.6105807704,17507.6335297806,16540.6564909053,15573.6793803329,14606.7024591347,13639.7253972005,12672.7482343761,11705.7711285927,10738.7940790028,9771.81703441134,8804.83995200823,7837.86294970932,21460.9486234493,20450.6368763027,19440.3250704023,18430.0132478598,12419.2963587156,11369.394940879,10319.4935850141,9269.59223265128,20322.934997146,19406.2962611928,18489.6574771637,17573.0186725973,9207.16550079659,8295.11745239216,7383.06926744138,21955.289871762,20948.64450677,19941.9992364388,18935.3538734284,17928.7084467146,20130.4478583485,19217.0849336132,18303.7219288693,17390.3588605884,16476.9958458736,9364.79085426639,8293.67792207626,7222.56496392567,6151.45198656124,5080.33908072066,4009.22589404459,2938.11293070856,12873.327014613,11880.5453653261,8579.93962057353,7552.03321412241,6524.12674883186,11333.679986014,10262.0037179727,9190.32755184329,8118.65131642455,7046.97507853894,5975.29884022712,10377.473763991,9363.64677689704,8349.81975006111,10844.702420258,10004.6780854732,9164.6537798056
1052.27073100434,2189.83505981975,32953.3609052346,22542.2941695676,23474.5206789035,24406.747181067,23389.6429076135,22381.6440832125,20398.397192071,19446.8701302845,18495.3429209335,17543.8156540536,16592.2884876864,9709.14566731661,8718.54505167363,7727.94446714868,28859.110786521,27761.4747577696,26663.8387677451,25566.2027741102,24468.5666831331,25371.9529996756,26632.0566876166,10716.6877791132,10082.8174404956,1904.89752416233,21756.5388822266,20696.3222802216,19636.1052877652,18575.8883756226,28152.3418720775,27188.7974682593,29141.1391246447,31919.0692511375,30864.0911734744,15609.0063225933,14593.969220173,14463.4025642181,15478.4396524059,16493.4767711888,17508.513900115,18523.5510278054,19538.5881099395,20553.6252175262,21568.6623673972,28602.2177780064,27571.8101726637,26541.4025323514,25510.9949691552,24480.5873237321,23450.1797310587,22419.7722448834,21389.3647396126,28394.8750635433,27392.1131103661,26389.3512707034,25386.5892545711,24383.8273674557,23381.0653717375,22378.3036230857,21375.5417068434,0,966.977132932022,1933.95416459944,2900.93112607297,3867.90817706277,4834.88521593815,5801.86232651054,6768.83924770866,7735.81630964293,8702.79347246735,9669.77057825071,10636.7476278406,11603.7246724321,12570.7017548352,13537.6787571341,6986.77571180787,5976.46396466121,4966.15215876082,3955.84033621828,32792.0763791387,31742.1749613022,30692.2736054372,29642.3722530744,13412.6815883239,12496.0428523707,11579.4040683417,10662.7652637753,16728.6168398773,15816.5687914728,14904.5206065221,28622.0827644161,27615.4373994241,26608.7921290929,25602.1467660825,24595.5013393687,26797.2407510026,25883.8778262673,24970.5148215234,24057.1517532425,23143.7887385277,29737.5708746895,28666.4579424994,27595.3449843488,26524.2320069844,25453.1191011438,24382.0059144677,23310.8929511317,19540.1199072671,18547.3382579802,28952.7196409967,27924.8132345455,26896.906769255,21830.3002938603,20758.624025819,19686.9478596896,18615.2716242708,17543.5953863852,16471.9191480734,30750.2537844141,29736.4267973202,28722.5997704842,31217.4824406811,30377.4581058964,29537.4338002287
2019.24786393636,3156.81219275177,31986.3837723026,21575.3170366356,22507.5435459715,23439.770048135,22422.6657746815,21414.6669502805,19431.4200591389,18479.8929973525,17528.3657880015,16576.8385211216,15625.3113547544,8742.16853438459,7751.56791874161,6760.96733421666,27892.133653589,26794.4976248376,25696.8616348131,24599.2256411782,23501.5895502011,24404.9758667436,25665.0795546846,9749.71064618115,9115.8403075636,937.920391230309,20789.5617492946,19729.3451472896,18669.1281548331,17608.9112426906,27185.3647391455,26221.8203353273,28174.1619917127,30952.0921182054,29897.1140405424,14642.0291896613,13626.992087241,13496.4254312861,14511.4625194739,15526.4996382568,16541.5367671829,17556.5738948734,18571.6109770075,19586.6480845942,20601.6852344652,27635.2406450744,26604.8330397317,25574.4253994193,24544.0178362232,23513.6101908,22483.2025981266,21452.7951119514,20422.3876066805,27427.8979306112,26425.1359774341,25422.3741377714,24419.6121216391,23416.8502345236,22414.0882388055,21411.3264901537,20408.5645739114,966.977132932022,0,966.977031667416,1933.95399314095,2900.93104413075,3867.90808300613,4834.88519357851,5801.86211477664,6768.83917671091,7735.81633953533,8702.79344531869,9669.77049490858,10636.7475395,11603.7246219031,12570.7016242021,6019.79857887585,5009.48683172919,3999.1750258288,2988.86320328626,31825.0992462066,30775.1978283701,29725.2964725052,28675.3951201424,12445.7044553919,11529.0657194387,10612.4269354097,9695.78813084328,15761.6397069452,14849.5916585408,13937.54347359,27655.1056314841,26648.4602664921,25641.8149961608,24635.1696331505,23628.5242064367,25830.2636180706,24916.9006933353,24003.5376885914,23090.1746203104,22176.8116055956,28770.5937417575,27699.4808095674,26628.3678514168,25557.2548740523,24486.1419682118,23415.0287815357,22343.9158181997,18573.1427743351,17580.3611250482,27985.7425080646,26957.8361016135,25929.929636323,20863.3231609283,19791.646892887,18719.9707267576,17648.2944913388,16576.6182534532,15504.9420151414,29783.2766514821,28769.4496643881,27755.6226375522,30250.5053077491,29410.4809729643,28570.4566672967
2986.22489560378,4123.78922441919,31019.4067406352,20608.3400049682,21540.5665143041,22472.7930164675,21455.6887430141,20447.6899186131,18464.4430274715,17512.915965685,16561.3887563341,15609.8614894542,14658.334323087,7775.19150271718,6784.59088707419,5793.99030254924,26925.1566219216,25827.5205931702,24729.8846031457,23632.2486095108,22534.6125185337,23437.9988350761,24698.1025230172,8782.73361451373,8148.86327589619,840.97777390856,19822.5847176272,18762.3681156222,17702.1511231657,16641.9342110232,26218.3877074781,25254.8433036599,27207.1849600452,29985.115086538,28930.137008875,13675.0521579938,12660.0150555736,12529.4483996187,13544.4854878064,14559.5226065894,15574.5597355155,16589.596863206,17604.6339453401,18619.6710529268,19634.7082027978,26668.263613407,25637.8560080643,24607.4483677519,23577.0408045558,22546.6331591326,21516.2255664592,20485.818080284,19455.4105750131,26460.9208989438,25458.1589457666,24455.397106104,23452.6350899716,22449.8732028562,21447.111207138,20444.3494584862,19441.587542244,1933.95416459944,966.977031667416,0,966.976961473531,1933.95401246333,2900.93105133871,3867.9081619111,4834.88508310923,5801.86214504349,6768.83930786791,7735.81641365127,8702.79346324117,9669.77050783262,10636.7475902357,11603.7245925346,5052.82154720843,4042.50980006177,3032.19799416138,2021.88617161885,30858.1222145392,29808.2207967027,28758.3194408378,27708.418088475,11478.7274237245,10562.0886877713,9645.44990374227,8728.81109917586,14794.6626752778,13882.6146268734,12970.5664419226,26688.1285998167,25681.4832348247,24674.8379644934,23668.1926014831,22661.5471747693,24863.2865864032,23949.9236616678,23036.560656924,22123.197588643,21209.8345739282,27803.6167100901,26732.5037778999,25661.3908197494,24590.2778423849,23519.1649365444,22448.0517498683,21376.9387865322,17606.1657426677,16613.3840933808,27018.7654763972,25990.8590699461,24962.9526046555,19896.3461292608,18824.6698612196,17752.9936950901,16681.3174596714,15609.6412217858,14537.964983474,28816.2996198147,27802.4726327207,26788.6456058848,29283.5282760817,28443.5039412969,27603.4796356293
3953.20185707731,5090.76618589272,30052.4297791616,19641.3630434946,20573.5895528305,21505.816054994,20488.7117815406,19480.7129571396,17497.466065998,16545.9390042115,15594.4117948606,14642.8845279807,13691.3573616134,6808.21454124365,5817.61392560066,4827.01334107571,25958.179660448,24860.5436316966,23762.9076416721,22665.2716480373,21567.6355570602,22471.0218736026,23731.1255615437,7815.7566530402,7181.88631442266,1807.95473538209,18855.6077561537,17795.3911541487,16735.1741616922,15674.9572495496,25251.4107460045,24287.8663421863,26240.2079985717,29018.1381250645,27963.1600474014,12708.0751965203,11693.0380941001,11562.4714381452,12577.5085263329,13592.5456451158,14607.582774042,15622.6199017325,16637.6569838665,17652.6940914532,18667.7312413243,25701.2866519335,24670.8790465907,23640.4714062784,22610.0638430822,21579.6561976591,20549.2486049857,19518.8411188104,18488.4336135396,25493.9439374703,24491.1819842931,23488.4201446305,22485.6581284981,21482.8962413827,20480.1342456645,19477.3724970127,18474.6105807704,2900.93112607297,1933.95399314095,966.976961473531,0,966.977050989801,1933.95408986518,2900.93120043757,3867.9081216357,4834.88518356996,5801.86234639438,6768.83945217774,7735.81650176763,8702.79354635909,9669.7706287622,10636.7476310611,4085.8445857349,3075.53283858824,2065.22103268785,1054.90921014532,29891.1452530657,28841.2438352292,27791.3424793642,26741.4411270014,10511.750462251,9595.11172629776,8678.47294226874,7761.83413770233,13827.6857138043,12915.6376653999,12003.5894804491,25721.1516383431,24714.5062733512,23707.8610030199,22701.2156400096,21694.5702132957,23896.3096249297,22982.9467001943,22069.5836954505,21156.2206271695,20242.8576124547,26836.6397486165,25765.5268164264,24694.4138582758,23623.3008809114,22552.1879750708,21481.0747883947,20409.9618250587,16639.1887811942,15646.4071319072,26051.7885149237,25023.8821084725,23995.975643182,18929.3691677873,17857.692899746,16786.0167336166,15714.3404981979,14642.6642603123,13570.9880220004,27849.3226583411,26835.4956712472,25821.6686444112,28316.5513146082,27476.5269798234,26636.5026741557
4920.17890806711,6057.74323688252,29085.4527281718,18674.3859925048,19606.6125018407,20538.8390040042,19521.7347305508,18513.7359061498,16530.4890150082,15578.9619532217,14627.4347438708,13675.9074769909,12724.3803106236,5841.23749025384,4850.63687461086,3860.03629008591,24991.2026094582,23893.5665807068,22795.9305906823,21698.2945970475,20600.6585060704,21504.0448226128,22764.1485105539,6848.7796020504,6214.90926343286,2774.93178637189,17888.6307051639,16828.4141031589,15768.1971107024,14707.9801985598,24284.4336950147,23320.8892911965,25273.2309475819,28051.1610740747,26996.1829964116,11741.0981455305,10726.0610431103,10595.4943871554,11610.5314753431,12625.568594126,13640.6057230522,14655.6428507427,15670.6799328767,16685.7170404634,17700.7541903345,24734.3096009437,23703.9019956009,22673.4943552886,21643.0867920924,20612.6791466693,19582.2715539959,18551.8640678206,17521.4565625498,24526.9668864805,23524.2049333033,22521.4430936407,21518.6810775083,20515.9191903929,19513.1571946747,18510.3954460229,17507.6335297806,3867.90817706277,2900.93104413075,1933.95401246333,966.977050989801,0,966.977038875378,1933.95414944777,2900.93107064589,3867.90813258016,4834.88529540458,5801.86240118794,6768.83945077783,7735.81649536929,8702.7935777724,9669.77058007131,3953.31509366871,2943.00334652205,1932.69154062166,922.37971807913,28924.1682020759,27874.2667842394,26824.3654283744,25774.4640760116,9544.77341126115,8628.13467530795,7711.49589127894,6794.85708671253,12860.7086628145,11948.6606144101,11036.6124294593,24754.1745873533,23747.5292223614,22740.8839520301,21734.2385890198,20727.5931623059,22929.3325739399,22015.9696492045,21102.6066444607,20189.2435761797,19275.8805614649,25869.6626976267,24798.5497654366,23727.436807286,22656.3238299216,21585.210924081,20514.0977374049,19442.9847740689,15672.2117302044,14679.4300809174,25084.8114639339,24056.9050574827,23028.9985921922,17962.3921167975,16890.7158487562,15819.0396826268,14747.3634472081,13675.6872093225,12604.0109710106,26882.3456073513,25868.5186202574,24854.6915934214,27349.5742636184,26509.5499288336,25669.5256231659
5887.15594694249,7024.7202757579,28118.4756892964,17707.4089536295,18639.6354629654,19571.8619651288,18554.7576916754,17546.7588672744,15563.5119761328,14611.9849143463,13660.4577049954,12708.9304381155,11757.4032717483,4874.26045137846,3883.65983573548,2893.05925121053,24024.2255705828,22926.5895418315,21828.953551807,20731.3175581721,19633.681467195,20537.0677837374,21797.1714716785,5881.80256317503,5247.93222455748,3741.90882524727,16921.6536662885,15861.4370642835,14801.220071827,13741.0031596844,23317.4566561393,22353.9122523211,24306.2539087065,27084.1840351993,26029.2059575362,10774.1211066551,9759.08400423489,9628.51734828,10643.5544364677,11658.5915552506,12673.6286841768,13688.6658118673,14703.7028940013,15718.7400015881,16733.7771514591,23767.3325620683,22736.9249567255,21706.5173164132,20676.109753217,19645.7021077939,18615.2945151205,17584.8870289452,16554.4795236744,23559.9898476051,22557.2278944279,21554.4660547653,20551.7040386329,19548.9421515175,18546.1801557993,17543.4184071475,16540.6564909053,4834.88521593815,3867.90808300613,2900.93105133871,1933.95408986518,966.977038875378,0,966.977110572388,1933.95403177052,2900.93109370478,3867.9082565292,4834.88536231257,5801.86241190246,6768.83945649391,7735.81653889702,8702.79354119593,4920.29213254409,3909.98038539743,2899.66857949704,1889.35675695451,27957.1911632005,26907.289745364,25857.3883894991,24807.4870371362,8577.79637238577,7661.15763643257,6744.51885240356,5827.88004783715,11893.7316239391,10981.6835755347,10069.6353905839,23787.1975484779,22780.552183486,21773.9069131547,20767.2615501444,19760.6161234306,21962.3555350645,21048.9926103291,20135.6296055853,19222.2665373043,18308.9035225895,24902.6856587514,23831.5727265612,22760.4597684106,21689.3467910462,20618.2338852056,19547.1206985296,18476.0077351935,14705.234691329,13712.4530420421,24117.8344250585,23089.9280186074,22062.0215533168,16995.4150779221,15923.7388098808,14852.0626437514,13780.3864083327,12708.7101704471,11637.0339321353,25915.3685684759,24901.541581382,23887.7145545461,26382.597224743,25542.5728899582,24702.5485842906
6854.13305751487,7991.69738633028,27151.498578724,16740.4318430571,17672.658352393,18604.8848545564,17587.780581103,16579.781756702,14596.5348655604,13645.0078037739,12693.480594423,11741.9533275431,10790.4261611759,3907.28334080608,2916.68272516309,1926.08214063814,23057.2484600105,21959.6124312591,20861.9764412346,19764.3404475997,18666.7043566226,19570.0906731651,20830.1943611061,4914.82545260264,4280.95511398509,4708.88593581966,15954.6765557161,14894.4599537111,13834.2429612546,12774.0260491121,22350.479545567,21386.9351417488,23339.2767981341,26117.2069246269,25062.2288469639,9807.14399608274,8792.10689366251,8661.54023770761,9676.57732589534,10691.6144446783,11706.6515736044,12721.6887012949,13736.725783429,14751.7628910157,15766.8000408867,22800.3554514959,21769.9478461531,20739.5402058408,19709.1326426447,18678.7249972215,17648.3174045481,16617.9099183728,15587.502413102,22593.0127370327,21590.2507838555,20587.4889441929,19584.7269280605,18581.9650409451,17579.2030452269,16576.4412965751,15573.6793803329,5801.86232651054,4834.88519357851,3867.9081619111,2900.93120043757,1933.95414944777,966.977110572388,0,966.976921198128,1933.95398313239,2900.93114595681,3867.90825174018,4834.88530133007,5801.86234592152,6768.83942832463,7735.81643062354,5887.26924311648,4876.95749596982,3866.64569006943,2856.3338675269,26990.2140526281,25940.3126347916,24890.4112789267,23840.5099265639,7610.81926181339,6694.18052586019,5777.54174183117,4860.90293726476,10926.7545133667,10014.7064649623,9102.65828001152,22820.2204379056,21813.5750729136,20806.9298025823,19800.284439572,18793.6390128582,20995.3784244921,20082.0154997567,19168.6524950129,18255.2894267319,17341.9264120171,23935.708548179,22864.5956159888,21793.4826578382,20722.3696804738,19651.2567746332,18580.1435879572,17509.0306246211,13738.2575807566,12745.4759314697,23150.8573144861,22122.950908035,21095.0444427444,16028.4379673497,14956.7616993085,13885.085533179,12813.4092977603,11741.7330598747,10670.0568215629,24948.3914579036,23934.5644708096,22920.7374439737,25415.6201141706,24575.5957793858,23735.5714737182
7821.109978713,8958.67430752841,26184.5216575259,15773.4549218589,16705.6814311949,17637.9079333583,16620.8036599049,15612.8048355039,13629.5579443623,12678.0308825758,11726.5036732249,10774.976406345,9823.44923997775,2940.30641960795,1949.70580396497,959.105219440016,22090.2715388123,20992.6355100609,19894.9995200365,18797.3635264016,17699.7274354245,18603.1137519669,19863.217439908,3947.84853140451,3313.97819278696,5675.86285701779,14987.699634518,13927.483032513,12867.2660400565,11807.0491279139,21383.5026243688,20419.9582205506,22372.299876936,25150.2300034288,24095.2519257657,8840.16707488461,7825.12997246438,7694.56331650948,8709.60040469722,9724.63752348013,10739.6746524063,11754.7117800968,12769.7488622308,13784.7859698175,14799.8231196886,21833.3785302978,20802.970924955,19772.5632846427,18742.1557214465,17711.7480760234,16681.34048335,15650.9329971747,14620.5254919039,21626.0358158346,20623.2738626574,19620.5120229948,18617.7500068624,17614.988119747,16612.2261240288,15609.464375377,14606.7024591347,6768.83924770866,5801.86211477664,4834.88508310923,3867.9081216357,2900.93107064589,1933.95403177052,966.976921198128,0,966.977061934264,1933.95422475868,2900.93133054205,3867.90838013194,4834.8854247234,5801.8625071265,6768.83950942542,6854.24616431461,5843.93441716795,4833.62261126756,3823.31078872502,26023.23713143,24973.3357135935,23923.4343577286,22873.5330053657,6643.84234061526,5727.20360466206,4810.56482063304,3893.92601606663,9959.7775921686,9047.72954376417,8135.68135881339,21853.2435167074,20846.5981517155,19839.9528813842,18833.3075183739,17826.6620916601,20028.401503294,19115.0385785586,18201.6755738148,17288.3125055338,16374.949490819,22968.7316269808,21897.6186947907,20826.5057366401,19755.3927592757,18684.2798534351,17613.166666759,16542.053703423,12771.2806595585,11778.4990102715,22183.880393288,21155.9739868369,20128.0675215463,15061.4610461516,13989.7847781103,12918.1086119809,11846.4323765622,10774.7561386766,9703.07990036475,23981.4145367054,22967.5875496115,21953.7605227756,24448.6431929725,23608.6188581877,22768.59455252
8788.08704064727,9925.65136946268,25217.5445955917,14806.4778599247,15738.7043692606,16670.930871424,15653.8265979706,14645.8277735696,12662.580882428,11711.0538206415,10759.5266112906,9807.99934441071,8856.47217804349,2979.67367893817,1989.07306329518,998.472478770234,21123.2944768781,20025.6584481267,18928.0224581022,17830.3864644673,16732.7503734902,17636.1366900327,18896.2403779737,2980.87146947025,2347.0011308527,6642.83991895205,14020.7225725837,12960.5059705787,11900.2889781222,10840.0720659797,20416.5255624346,19452.9811586164,21405.3228150017,24183.2529414945,23128.2748638315,7873.19001295035,6858.15291053012,6727.58625457522,7742.62334276295,8757.66046154587,9772.69759047202,10787.7347181625,11802.7718002966,12817.8089078833,13832.8460577543,20866.4014683635,19835.9938630208,18805.5862227084,17775.1786595123,16744.7710140891,15714.3634214157,14683.9559352405,13653.5484299696,20659.0587539003,19656.2968007232,18653.5349610605,17650.7729449282,16648.0110578127,15645.2490620946,14642.4873134427,13639.7253972005,7735.81630964293,6768.8391767109,5801.86214504349,4834.88518356996,3867.90813258016,2900.93109370478,1933.95398313239,966.977061934264,0,966.97716282442,1933.95426860779,2900.93131819768,3867.90836278913,4834.88544519224,5801.86244749115,7821.22322624887,6810.91147910221,5800.59967320182,4790.28785065929,25056.2600694957,24006.3586516592,22956.4572957943,21906.5559434315,6683.20959994548,5766.57086399228,4849.93207996326,3933.29327539685,8992.80053023434,8080.7524818299,7168.70429687913,20886.2664547732,19879.6210897812,18872.9758194499,17866.3304564396,16859.6850297258,19061.4244413597,18148.0615166244,17234.6985118805,16321.3354435995,15407.9724288847,22001.7545650466,20930.6416328564,19859.5286747059,18788.4156973414,17717.3027915009,16646.1896048248,15575.0766414888,11804.3035976242,10811.5219483373,21216.9033313537,20188.9969249026,19161.090459612,14094.4839842173,13022.8077161761,11951.1315500466,10879.4553146279,9807.7790767423,8736.10283843048,23014.4374747712,22000.6104876772,20986.7834608413,23481.6661310382,22641.6417962534,21801.6174905858
9755.06420347169,10892.6285322871,24250.5674327672,13839.5006971003,14771.7272064362,15703.9537085996,14686.8494351462,13678.8506107452,11695.6037196036,10744.0766578171,9792.54944846618,8841.02218158629,7889.49501521907,3946.65084176259,2956.0502261196,1965.44964159465,20156.3173140536,19058.6812853023,17961.0452952778,16863.4093016429,15765.7732106658,16669.1595272082,17929.2632151493,2013.89430664583,1380.02396802828,7609.81708177647,13053.7454097593,11993.5288077543,10933.3118152978,9873.09490315525,19449.5483996101,18486.0039957919,20438.3456521773,23216.2757786701,22161.297701007,6906.21285012593,5891.1757477057,5760.6090917508,6775.64617993854,7790.68329872145,8805.7204276476,9820.7575553381,10835.7946374722,11850.8317450589,12865.8688949299,19899.4243055391,18869.0167001963,17838.609059884,16808.2014966879,15777.7938512647,14747.3862585913,13716.978772416,12686.5712671452,19692.0815910759,18689.3196378987,17686.5577982361,16683.7957821037,15681.0338949883,14678.2718992701,13675.5101506183,12672.7482343761,8702.79347246735,7735.81633953532,6768.83930786791,5801.86234639438,4834.88529540458,3867.9082565292,2900.93114595681,1933.95422475868,966.97716282442,0,966.977105783365,1933.95415537326,2900.93119996471,3867.90828236782,4834.88528466673,8788.20038907329,7777.88864192663,6767.57683602624,5757.26501348371,24089.2829066713,23039.3814888348,21989.4801329699,20939.578780607,7650.1867627699,6733.5480268167,5816.90924278768,4900.27043822127,8025.82336740992,7113.77531900548,6201.72713405471,19919.2892919487,18912.6439269568,17905.9986566255,16899.3532936152,15892.7078669014,18094.4472785353,17181.0843537999,16267.7213490561,15354.3582807751,14440.9952660603,21034.7774022222,19963.664470032,18892.5515118814,17821.438534517,16750.3256286764,15679.2124420004,14608.0994786643,10837.3264347998,9844.54478551286,20249.9261685293,19222.0197620782,18194.1132967876,13127.5068213929,12055.8305533517,10984.1543872222,9912.4781518035,8840.80191391789,7769.12567560607,22047.4603119468,21033.6333248528,20019.8062980169,22514.6889682138,21674.664633429,20834.6403277614
10722.0413092551,11859.6056380705,23283.5903269839,12872.5235913169,13804.7501006528,14736.9766028163,13719.8723293628,12711.8735049618,10728.6266138202,9777.09955203376,8825.57234268282,7874.04507580293,6922.51790943571,4913.62794754595,3923.02733190297,2932.42674737802,19189.3402082703,18091.7041795189,16994.0681894944,15896.4321958595,14798.7961048824,15702.1824214249,16962.2861093659,1046.91720086246,1085.29454069629,8576.79418755984,12086.7683039759,11026.5517019709,9966.33470951445,8906.11779737188,18482.5712938268,17519.0268900086,19471.368546394,22249.2986728867,21194.3205952237,5939.23574434256,4924.19864192233,4793.63198596744,5808.66907415517,6823.70619293808,7838.74332186424,8853.78044955473,9868.81753168879,10883.8546392755,11898.8917891465,18932.4471997557,17902.039594413,16871.6319541006,15841.2243909045,14810.8167454813,13780.4091528079,12750.0016666327,11719.5941613618,18725.1044852925,17722.3425321154,16719.5806924527,15716.8186763204,14714.056789205,13711.2947934868,12708.533044835,11705.7711285927,9669.77057825071,8702.79344531869,7735.81641365128,6768.83945217774,5801.86240118794,4834.88536231257,3867.90825174018,2900.93133054205,1933.95426860779,966.977105783365,0,966.977049589891,1933.95409418135,2900.93117658446,3867.90817888337,9755.17749485665,8744.86574771,7734.5539418096,6724.24211926707,23122.305800888,22072.4043830514,21022.5030271865,19972.6016748237,8617.16386855326,7700.52513260006,6783.88634857105,5867.24754400464,7058.84626162655,6146.79821322212,5234.75002827135,18952.3121861654,17945.6668211734,16939.0215508421,15932.3761878318,14925.730761118,17127.4701727519,16214.1072480166,15300.7442432727,14387.3811749917,13474.018160277,20067.8002964388,18996.6873642487,17925.5744060981,16854.4614287337,15783.3485228931,14712.235336217,13641.122372881,9870.34932901643,8877.5676797295,19282.949062746,18255.0426562948,17227.1361910043,12160.5297156096,11088.8534475683,10017.1772814389,8945.50104602013,7873.82480813452,6802.1485698227,21080.4832061634,20066.6562190694,19052.8291922335,21547.7118624304,20707.6875276456,19867.663221978
11689.0183588449,12826.5826876604,22316.613277394,11905.546541727,12837.7730510629,13769.9995532264,12752.8952797729,11744.8964553719,9761.64956423034,8810.12250244387,7858.59529309293,6907.06802621304,5955.54085984582,5880.60499713585,4890.00438149286,3899.40379696791,18222.3631586804,17124.727129929,16027.0911399045,14929.4551462696,13831.8190552925,14735.205371835,15995.309059776,793.680674071119,2052.27159028618,9543.77123714973,11119.791254386,10059.574652381,8999.35765992456,7939.14074778199,17515.5942442369,16552.0498404187,18504.3914968041,21282.3216232969,20227.3435456338,4972.25869475267,3957.22159233244,3826.65493637754,4841.69202456528,5856.72914334819,6871.76627227435,7886.80339996484,8901.8404820989,9916.87758968561,10931.9147395566,17965.4701501658,16935.0625448231,15904.6549045107,14874.2473413146,13843.8396958914,12813.432103218,11783.0246170428,10752.617111772,17758.1274357026,16755.3654825255,15752.6036428628,14749.8416267305,13747.0797396151,12744.3177438969,11741.5559952451,10738.7940790028,10636.7476278406,9669.77049490858,8702.79346324117,7735.81650176763,6768.83945077783,5801.86241190246,4834.88530133007,3867.90838013194,2900.93131819768,1933.95415537326,966.97704958989,0,966.977044591457,1933.95412699457,2900.93112929348,10722.1545444465,9711.84279729989,8701.5309913995,7691.21916885696,22155.3287512981,21105.4273334615,20055.5259775966,19005.6246252338,9584.14091814316,8667.50218218996,7750.86339816094,6834.22459359453,6091.86921203666,5179.82116363223,4267.77297868146,17985.3351365755,16978.6897715835,15972.0445012523,14965.3991382419,13958.7537115281,16160.493123162,15247.1301984267,14333.7671936828,13420.4041254018,12507.0411106871,19100.8232468489,18029.7103146588,16958.5973565082,15887.4843791438,14816.3714733032,13745.2582866271,12674.1453232911,8903.37227942654,7910.59063013961,18315.9720131561,17288.0656067049,16260.1591414144,11193.5526660197,10121.8763979784,9050.20023184898,7978.52399643024,6906.84775854463,5835.17152023281,20113.5061565735,19099.6791694796,18085.8521426436,20580.7348128405,19740.7104780558,18900.6861723881
12655.9954034364,13793.5597322518,21349.6362328025,10938.5694971356,11870.7960064715,12803.0225086349,11785.9182351815,10777.9194107805,8794.67251963889,7843.14545785241,6891.61824850147,5940.09098162158,4988.56381525436,6847.5820417273,5856.98142608432,4866.38084155937,17255.3861140889,16157.7500853376,15060.1140953131,13962.4781016782,12864.8420107011,13768.2283272435,15028.3320151846,1760.65771866258,3019.24863487764,10510.7482817412,10152.8142097946,9092.59760778957,8032.3806153331,6972.16370319053,16548.6171996454,15585.0727958272,17537.4144522126,20315.3445787054,19260.3665010423,4005.28165016122,2990.24454774099,2859.67789178609,3874.71497997382,4889.75209875673,5904.78922768289,6919.82635537338,7934.86343750744,8949.90054509415,9964.93769496517,16998.4931055744,15968.0855002316,14937.6778599193,13907.2702967231,12876.8626513,11846.4550586266,10816.0475724513,9785.6400671805,16791.1503911112,15788.388437934,14785.6265982714,13782.864582139,12780.1026950236,11777.3406993054,10774.5789506536,9771.81703441134,11603.7246724321,10636.7475395,9669.77050783262,8702.79354635909,7735.81649536929,6768.83945649391,5801.86234592153,4834.8854247234,3867.90836278913,2900.93119996471,1933.95409418135,966.977044591457,0,966.97708240311,1933.95408470202,11689.131589038,10678.8198418913,9668.50803599095,8658.19621344842,21188.3517067066,20138.4502888701,19088.5489330052,18038.6475806423,10551.1179627346,9634.47922678141,8717.8404427524,7801.20163818598,5124.8921674452,4212.84411904077,3300.79593409,17018.358091984,16011.7127269921,15005.0674566608,13998.4220936505,12991.7766669367,15193.5160785706,14280.1531538352,13366.7901490914,12453.4270808104,11540.0640660956,18133.8462022575,17062.7332700673,15991.6203119167,14920.5073345523,13849.3944287117,12778.2812420357,11707.1682786996,7936.39523483508,6943.61358554815,17348.9949685646,16321.0885621135,15293.1820968229,10226.5756214282,9154.89935338695,8083.22318725752,7011.54695183879,5939.87071395317,4868.19447564135,19146.5291119821,18132.7021248881,17118.8750980522,19613.7577682491,18773.7334334643,17933.7091277967
13622.9724858395,14760.5368146549,20382.6591503994,9971.59241473244,10903.8189240683,11836.0454262318,10818.9411527784,9810.94232837735,7827.69543723578,6876.1683754493,5924.64116609836,4973.11389921847,4021.58673285125,7814.55912413041,6823.95850848743,5833.35792396248,16288.4090316858,15190.7730029344,14093.13701291,12995.5010192751,11897.864928298,12801.2512448404,14061.3549327815,2727.63480106569,3986.22571728075,11477.7253641443,9185.83712739147,8125.62052538646,7065.40353292999,6005.18662078743,15581.6401172423,14618.0957134241,16570.4373698095,19348.3674963023,18293.3894186392,3038.30456775811,2023.26746533788,1892.70080938298,2907.73789757071,3922.77501635362,4937.81214527978,5952.84927297027,6967.88635510433,7982.92346269104,8997.96061256206,16031.5160231713,15001.1084178285,13970.7007775162,12940.29321432,11909.8855688969,10879.4779762235,9849.07049004822,8818.66298477739,15824.1733087081,14821.4113555309,13818.6495158683,12815.8874997359,11813.1256126205,10810.3636169023,9807.60186825051,8804.83995200823,12570.7017548352,11603.7246219031,10636.7475902357,9669.7706287622,8702.7935777724,7735.81653889702,6768.83942832464,5801.86250712651,4834.88544519224,3867.90828236782,2900.93117658446,1933.95412699457,966.97708240311,0,966.977002298911,12656.1086714411,11645.7969242945,10635.4851183941,9625.17329585153,20221.3746243035,19171.473206467,18121.5718506021,17071.6704982392,11518.0950451377,10601.4563091845,9684.81752515551,8768.1787205891,4157.9150850421,3245.86703663766,2333.81885168689,16051.3810095809,15044.735644589,14038.0903742577,13031.4450112474,12024.7995845335,14226.5389961675,13313.1760714321,12399.8130666883,11486.4499984073,10573.0869836925,17166.8691198544,16095.7561876642,15024.6432295136,13953.5302521492,12882.4173463086,11811.3041596325,10740.1911962965,6969.41815243197,5976.63650314504,16382.0178861615,15354.1114797104,14326.2050144198,9259.5985390251,8187.92227098384,7116.24610485441,6044.56986943568,4972.89363155006,3901.21739323825,18179.5520295789,17165.725042485,16151.8980156491,18646.780685846,17806.7563510612,16966.7320453935
14589.9494881384,15727.5138169538,19415.6821481005,9004.61541243353,9936.84192176944,10869.0684239329,9851.96415047946,8843.96532607844,6860.71843493687,5909.19137315039,4957.66416379945,4006.13689691956,3054.60973055234,8781.53612642933,7790.93551078634,6800.33492626139,15321.4320293869,14223.7960006355,13126.160010611,12028.5240169761,10930.887925999,11834.2742425415,13094.3779304826,3694.6118033646,4953.20271957966,12444.7023664432,8218.86012509255,7158.64352308755,6098.42653063108,5038.20961848851,14614.6631149434,13651.1187111252,15603.4603675106,18381.3904940034,17326.4124163403,2071.32756545919,1056.29046303896,925.723807084067,1940.7608952718,2955.79801405471,3970.83514298087,4985.87227067136,6000.90935280542,7015.94646039213,8030.98361026315,15064.5390208723,14034.1314155296,13003.7237752173,11973.3162120211,10942.908566598,9912.50097392456,8882.09348774931,7851.68598247847,14857.1963064092,13854.434353232,12851.6725135694,11848.910497437,10846.1486103216,9843.3866146034,8840.6248659516,7837.86294970932,13537.6787571341,12570.7016242021,11603.7245925346,10636.7476310611,9669.77058007131,8702.79354119594,7735.81643062355,6768.83950942542,5801.86244749115,4834.88528466673,3867.90817888337,2900.93112929348,1933.95408470202,966.977002298911,0,13623.08567374,12612.7739265934,11602.462120693,10592.1502981504,19254.3976220046,18204.4962041681,17154.5948483031,16104.6934959403,12485.0720474366,11568.4333114834,10651.7945274544,9735.15572288801,3190.93808274318,2278.89003433875,1366.84184938798,15084.404007282,14077.75864229,13071.1133719588,12064.4680089484,11057.8225822346,13259.5619938685,12346.1990691332,11432.8360643894,10519.4729961084,9606.10998139358,16199.8921175554,15128.7791853653,14057.6662272147,12986.5532498503,11915.4403440097,10844.3271573336,9773.2141939976,6002.44115013306,5009.65950084613,15415.0408838626,14387.1344774114,13359.2280121209,8292.6215367262,7220.94526868492,6149.2691025555,5077.59286713677,4005.91662925115,2934.24039093933,17212.57502728,16198.7480401861,15184.9210133502,17679.8036835471,16839.7793487623,15999.7550430946
8039.04644281221,9176.61077162761,33038.7678218405,22627.7010861736,23559.9275955095,24492.1540976729,23475.0498242195,22467.0509998185,20483.8041086769,19532.2770468904,18580.7498375395,17629.2225706596,16677.6954042924,9794.55258392255,8803.95196827957,7813.35138375462,28944.5177031269,27846.8816743756,26749.2456843511,25651.6096907162,24553.9735997391,25457.3599162815,26717.4636042226,10802.0946957191,10168.2243571016,5893.79932111699,21841.9457988326,20781.7291968276,19721.5122043711,18661.2952922285,28237.7487886834,27274.2043848652,29226.5460412506,32004.4761677434,30949.4980900803,15694.4132391992,14679.376136779,14548.8094808241,15563.8465690118,16578.8836877947,17593.9208167209,18608.9579444114,19623.9950265454,20639.0321341322,21654.0692840032,28687.6246946124,27657.2170892696,26626.8094489573,25596.4018857612,24565.994240338,23535.5866476646,22505.1791614893,21474.7716562185,28480.2819801492,27477.520026972,26474.7581873094,25471.996171177,24469.2342840616,23466.4722883434,22463.7105396916,21460.9486234494,6986.77571180787,6019.79857887585,5052.82154720843,4085.8445857349,3953.31509366871,4920.29213254409,5887.26924311648,6854.24616431461,7821.22322624887,8788.20038907329,9755.17749485666,10722.1545444466,11689.131589038,12656.1086714411,13623.08567374,0,1010.31174714666,2020.62355304705,3030.93537558958,32877.4832957446,31827.5818779081,30777.6805220432,29727.7791696804,13498.0885049299,12581.4497689767,11664.8109849476,10748.1721803812,16814.0237564832,15901.9757080788,14989.927523128,28707.489681022,27700.8443160301,26694.1990456988,25687.5536826885,24680.9082559747,26882.6476676086,25969.2847428732,25055.9217381294,24142.5586698484,23229.1956551336,29822.9777912955,28751.8648591053,27680.7519009547,26609.6389235903,25538.5260177497,24467.4128310737,23396.2998677376,19625.5268238731,18632.7451745862,29038.1265576026,28010.2201511515,26982.3136858609,21915.7072104662,20844.030942425,19772.3547762955,18700.6785408768,17629.0023029912,16557.3260646794,30835.6607010201,29821.8337139261,28808.0066870902,31302.8893572871,30462.8650225023,29622.8407168347
7028.73469566555,8166.29902448096,32028.4560746939,21617.3893390269,22549.6158483628,23481.8423505263,22464.7380770728,21456.7392526718,19473.4923615302,18521.9652997438,17570.4380903928,16618.9108235129,15667.3836571457,8784.2408367759,7793.64022113291,6803.03963660796,27934.2059559803,26836.5699272289,25738.9339372044,24641.2979435695,23543.6618525924,24447.0481691349,25707.1518570759,9791.78294857245,9157.91260995491,4883.48757397033,20831.6340516859,19771.4174496809,18711.2004572244,17650.9835450819,27227.4370415368,26263.8926377186,28216.234294104,30994.1644205967,29939.1863429337,14684.1014920526,13669.0643896323,13538.4977336774,14553.5348218652,15568.5719406481,16583.6090695742,17598.6461972647,18613.6832793988,19628.7203869855,20643.7575368565,27677.3129474657,26646.905342123,25616.4977018106,24586.0901386145,23555.6824931913,22525.2749005179,21494.8674143427,20464.4599090718,27469.9702330025,26467.2082798254,25464.4464401627,24461.6844240304,23458.922536915,22456.1605411968,21453.398792545,20450.6368763027,5976.46396466121,5009.48683172919,4042.50980006177,3075.53283858824,2943.00334652205,3909.98038539743,4876.95749596982,5843.93441716795,6810.91147910221,7777.88864192663,8744.86574771,9711.84279729989,10678.8198418913,11645.7969242945,12612.7739265934,1010.31174714666,0,1010.31180590039,2020.62362844292,31867.171548598,30817.2701307614,29767.3687748965,28717.4674225337,12487.7767577832,11571.13802183,10654.499237801,9737.86043323458,15803.7120093365,14891.6639609321,13979.6157759813,27697.1779338754,26690.5325688834,25683.8872985521,24677.2419355418,23670.596508828,25872.3359204619,24958.9729957266,24045.6099909827,23132.2469227017,22218.8839079869,28812.6660441488,27741.5531119587,26670.4401538081,25599.3271764437,24528.2142706031,23457.101083927,22385.988120591,18615.2150767264,17622.4334274395,28027.8148104559,26999.9084040048,25972.0019387143,20905.3954633196,19833.7191952783,18762.0430291489,17690.3667937301,16618.6905558445,15547.0143175327,29825.3489538734,28811.5219667794,27797.6949399435,30292.5776101404,29452.5532753556,28612.528969688
6018.42288976516,7155.98721858057,31018.1442687935,20607.0775331265,21539.3040424624,22471.5305446259,21454.4262711724,20446.4274467714,18463.1805556298,17511.6534938434,16560.1262844924,15608.5990176125,14657.0718512453,7773.92903087551,6783.32841523252,5792.72783070757,26923.8941500799,25826.2581213285,24728.622131304,23630.9861376691,22533.350046692,23436.7363632345,24696.8400511755,8781.47114267206,8147.60080405452,3873.17576806994,19821.3222457855,18761.1056437805,17700.888651324,16640.6717391815,26217.1252356364,25253.5808318182,27205.9224882036,29983.8526146964,28928.8745370333,13673.7896861522,12658.7525837319,12528.185927777,13543.2230159648,14558.2601347477,15573.2972636738,16588.3343913643,17603.3714734984,18618.4085810851,19633.4457309561,26667.0011415653,25636.5935362226,24606.1858959102,23575.7783327141,22545.3706872909,21514.9630946175,20484.5556084423,19454.1481031714,26459.6584271021,25456.896473925,24454.1346342623,23451.37261813,22448.6107310146,21445.8487352964,20443.0869866446,19440.3250704023,4966.15215876082,3999.1750258288,3032.19799416138,2065.22103268785,1932.69154062166,2899.66857949704,3866.64569006943,4833.62261126756,5800.59967320182,6767.57683602624,7734.55394180961,8701.5309913995,9668.50803599096,10635.4851183941,11602.462120693,2020.62355304705,1010.31180590039,0,1010.31182254253,30856.8597426976,29806.958324861,28757.0569689961,27707.1556166333,11477.4649518828,10560.8262159296,9644.1874319006,8727.54862733419,14793.4002034362,13881.3521550317,12969.303970081,26686.866127975,25680.220762983,24673.5754926517,23666.9301296414,22660.2847029276,24862.0241145615,23948.6611898262,23035.2981850823,22121.9351168013,21208.5721020865,27802.3542382484,26731.2413060583,25660.1283479077,24589.0153705433,23517.9024647027,22446.7892780266,21375.6763146906,17604.903270826,16612.1216215391,27017.5030045556,25989.5965981044,24961.6901328139,19895.0836574192,18823.4073893779,17751.7312232485,16680.0549878297,15608.3787499441,14536.7025116323,28815.037147973,27801.210160879,26787.3831340431,29282.26580424,28442.2414694553,27602.2171637876
5008.11106722262,6145.67539603803,30007.8324462509,19596.765710584,20528.9922199199,21461.2187220833,20444.1144486299,19436.1156242289,17452.8687330873,16501.3416713008,15549.8144619499,14598.28719507,13646.7600287028,6763.61720833297,5773.01659268999,4782.41600816504,25913.5823275374,24815.946298786,23718.3103087615,22620.6743151266,21523.0382241495,22426.4245406919,23686.528228633,7771.15932012953,7137.28898151199,2862.86394552741,18811.010423243,17750.793821238,16690.5768287815,15630.359916639,25206.8134130938,24243.2690092756,26195.610665661,28973.5407921538,27918.5627144908,12663.4778636096,11648.4407611894,11517.8741052345,12532.9111934222,13547.9483122051,14562.9854411313,15578.0225688218,16593.0596509559,17608.0967585426,18623.1339084136,25656.6893190228,24626.28171368,23595.8740733677,22565.4665101716,21535.0588647484,20504.651272075,19474.2437858997,18443.8362806289,25449.3466045596,24446.5846513824,23443.8228117198,22441.0607955874,21438.298908472,20435.5369127538,19432.775164102,18430.0132478598,3955.84033621829,2988.86320328626,2021.88617161885,1054.90921014532,922.37971807913,1889.35675695451,2856.3338675269,3823.31078872502,4790.28785065929,5757.26501348371,6724.24211926707,7691.21916885696,8658.19621344842,9625.17329585153,10592.1502981504,3030.93537558958,2020.62362844292,1010.31182254253,0,29846.547920155,28796.6465023185,27746.7451464536,26696.8437940908,10467.1531293403,9550.51439338708,8633.87560935807,7717.23680479166,13783.0883808936,12871.0403324892,11958.9921475384,25676.5543054324,24669.9089404405,23663.2636701092,22656.6183070989,21649.9728803851,23851.712292019,22938.3493672836,22024.9863625398,21111.6232942588,20198.260279544,26792.0424157059,25720.9294835157,24649.8165253651,23578.7035480007,22507.5906421601,21436.4774554841,20365.364492148,16594.5914482835,15601.8097989966,26007.191182013,24979.2847755619,23951.3783102713,18884.7718348766,17813.0955668354,16741.4194007059,15669.7431652872,14598.0669274016,13526.3906890898,27804.7253254305,26790.8983383365,25777.0713115006,28271.9539816975,27431.9296469127,26591.9053412451
33844.347110143,34981.9114389584,5072.23286847597,27292.0359492088,28224.2624585447,29156.4889607082,28139.3846872547,27131.3858628537,12393.6791870677,13345.2062488542,14296.7334582051,15248.260725085,16199.7878914523,28035.9337484339,27045.3331327909,26054.732548266,33608.8525661622,32511.2165374108,31413.5805473863,30315.9445537514,29218.3084627743,30121.6947793168,31381.7984672578,22949.0094253692,24207.6003415843,31699.0999884478,22676.4532466756,21616.2366446706,20556.0196522141,19495.8027400716,19196.0965239496,18232.5521201314,16382.5426990926,4037.94121437884,2982.96313671578,17183.0700565454,18198.1071589656,19213.1443438593,20228.1814320471,21243.21855083,22258.2556797561,23273.2928074466,24288.3298895807,25303.3669971674,26318.4041470384,4189.85860113224,5220.26620647498,6250.67384678733,7281.08140998347,8311.48905540662,9341.89664808003,10372.3041342553,11402.7116395261,19438.6297154154,18435.8677622382,17433.1059225756,16430.3439064432,15427.5820193278,14424.8200236096,13422.0582749578,12419.2963587156,32792.0763791387,31825.0992462067,30858.1222145392,29891.1452530657,28924.1682020759,27957.1911632005,26990.2140526281,26023.23713143,25056.2600694958,24089.2829066713,23122.305800888,22155.3287512981,21188.3517067066,20221.3746243035,19254.3976220046,32877.4832957446,31867.171548598,30856.8597426976,29846.547920155,0,1049.90141783652,2099.80277370145,3149.70412606427,31739.4696694412,30822.830933488,29906.192149459,28989.5533448926,20623.7001730919,19711.6521246874,18799.6039397367,33371.8245440573,32365.1791790653,31358.533908734,30351.8885457237,29345.2431190099,31546.9825306438,30633.6196059085,29720.2566011646,28806.8935328836,27893.5305181688,16978.9744491375,15907.8615169473,14836.7485587967,13765.6355814323,12694.5226755917,11623.4094889156,10552.2965255796,24289.8616869083,23297.0800376214,16194.1232154446,15166.2168089935,14138.3103437029,22750.2146583093,21678.538390268,20606.8622241386,19535.1859887198,18463.5097508342,17391.8335125224,17991.657358862,16977.8303717681,15964.0033449322,5774.7156975946,4934.69136280983,4094.66705714218
32794.4456923065,33932.0100211219,4022.33145063945,26242.1345313723,27174.3610407082,28106.5875428716,27089.4832694182,26081.4844450172,11343.7777692312,12295.3048310177,13246.8320403686,14198.3593072485,15149.8864736157,26986.0323305974,25995.4317149544,25004.8311304295,32558.9511483257,31461.3151195743,30363.6791295498,29266.0431359149,28168.4070449378,29071.7933614802,30331.8970494213,21899.1080075327,23157.6989237477,30649.1985706113,21626.5518288391,20566.3352268341,19506.1182343776,18445.9013222351,18146.1951061131,17182.6507022949,15332.6412812561,2988.03979654232,1933.06171887926,16133.1686387089,17148.2057411291,18163.2429260228,19178.2800142105,20193.3171329935,21208.3542619196,22223.3913896101,23238.4284717442,24253.4655793309,25268.5027292019,3139.95718329573,4170.36478863846,5200.77242895082,6231.17999214696,7261.58763757011,8291.99523024352,9322.40271641877,10352.8102216896,18388.7282975789,17385.9663444017,16383.2045047391,15380.4424886067,14377.6806014913,13374.9186057731,12372.1568571213,11369.394940879,31742.1749613022,30775.1978283701,29808.2207967027,28841.2438352292,27874.2667842394,26907.289745364,25940.3126347916,24973.3357135935,24006.3586516592,23039.3814888348,22072.4043830514,21105.4273334616,20138.4502888701,19171.473206467,18204.4962041681,31827.5818779081,30817.2701307614,29806.9583248611,28796.6465023185,1049.90141783652,0,1049.90135586493,2099.80270822775,30689.5682516047,29772.9295156515,28856.2907316225,27939.6519270561,19573.7987552553,18661.7507068509,17749.7025219001,32321.9231262208,31315.2777612288,30308.6324908975,29301.9871278872,28295.3417011734,30497.0811128073,29583.7181880719,28670.3551833281,27756.9921150471,26843.6291003323,15929.0730313009,14857.9600991108,13786.8471409602,12715.7341635958,11644.6212577552,10573.5080710791,9502.39510774309,23239.9602690718,22247.1786197849,15144.2217976081,14116.3153911569,13088.4089258664,21700.3132404727,20628.6369724315,19556.960806302,18485.2845708833,17413.6083329977,16341.9320946859,16941.7559410255,15927.9289539316,14914.1019270956,4724.81427975809,3884.78994497331,3044.76563930567
31744.5443364416,32882.108665257,2972.43009477452,25192.2331755073,26124.4596848432,27056.6861870067,26039.5819135533,25031.5830891523,10293.8764133663,11245.4034751528,12196.9306845037,13148.4579513836,14099.9851177508,25936.1309747325,24945.5303590895,23954.9297745645,31509.0497924607,30411.4137637093,29313.7777736848,28216.14178005,27118.5056890729,28021.8920056153,29281.9956935564,20849.2066516677,22107.7975678828,29599.2972147464,20576.6504729742,19516.4338709692,18456.2168785127,17395.9999663701,17096.2937502482,16132.74934643,14282.7399253912,1938.13844067739,883.160363014328,15083.2672828439,16098.3043852642,17113.3415701579,18128.3786583456,19143.4157771285,20158.4529060547,21173.4900337452,22188.5271158792,23203.5642234659,24218.601373337,2090.05582743079,3120.46343277353,4150.87107308588,5181.27863628202,6211.68628170518,7242.09387437858,8272.50136055384,9302.90886582467,17338.826941714,16336.0649885368,15333.3031488741,14330.5411327418,13327.7792456264,12325.0172499082,11322.2555012564,10319.4935850141,30692.2736054372,29725.2964725052,28758.3194408378,27791.3424793643,26824.3654283745,25857.3883894991,24890.4112789267,23923.4343577286,22956.4572957943,21989.4801329699,21022.5030271865,20055.5259775966,19088.5489330052,18121.5718506021,17154.5948483031,30777.6805220432,29767.3687748965,28757.0569689961,27746.7451464536,2099.80277370145,1049.90135586493,0,1049.90135236282,29639.6668957398,28723.0281597866,27806.3893757576,26889.7505711911,18523.8973993904,17611.849350986,16699.8011660352,31272.0217703558,30265.3764053639,29258.7311350326,28252.0857720223,27245.4403453084,29447.1797569424,28533.816832207,27620.4538274632,26707.0907591822,25793.7277444674,14879.171675436,13808.0587432459,12736.9457850953,11665.8328077308,10594.7199018903,9523.60671521419,8452.49375187816,22190.0589132069,21197.2772639199,14094.3204417431,13066.414035292,12038.5075700015,20650.4118846078,19578.7356165665,18507.0594504371,17435.3832150184,16363.7069771328,15292.0307388209,15891.8545851606,14878.0275980666,13864.2005712307,3674.91292389315,2834.88858910838,1994.86428344073
30694.6429840788,31832.2073128942,3310.98865216019,24142.3318231445,25074.5583324804,26006.7848346439,24989.6805611905,23981.6817367894,9243.97506100346,10195.5021227899,11147.0293321409,12098.5565990208,13050.083765388,24886.2296223696,23895.6290067267,22905.0284222017,30459.1484400979,29361.5124113465,28263.876421322,27166.2404276871,26068.60433671,26971.9906532525,28232.0943411936,19799.3052993049,21057.89621552,28549.3958623835,19526.7491206113,18466.5325186063,17406.3155261499,16346.0986140073,16046.3923978854,15082.8479940672,13232.8385730283,2276.69699806306,1221.7189204,14033.3659304811,15048.4030329014,16063.4402177951,17078.4773059828,18093.5144247657,19108.5515536919,20123.5886813824,21138.6257635164,22153.6628711031,23168.7000209741,1040.15447506797,2070.56208041071,3100.96972072306,4131.3772839192,5161.78492934236,6192.19252201576,7222.60000819102,8253.00751346185,16288.9255893511,15286.163636174,14283.4017965113,13280.639780379,12277.8778932635,11275.1158975454,10272.3541488936,9269.59223265128,29642.3722530744,28675.3951201424,27708.418088475,26741.4411270014,25774.4640760116,24807.4870371363,23840.5099265639,22873.5330053657,21906.5559434315,20939.5787806071,19972.6016748237,19005.6246252338,18038.6475806423,17071.6704982392,16104.6934959403,29727.7791696803,28717.4674225337,27707.1556166333,26696.8437940908,3149.70412606427,2099.80270822775,1049.90135236282,0,28589.765543377,27673.1268074238,26756.4880233947,25839.8492188283,17473.9960470276,16561.9479986232,15649.8998136724,30222.120417993,29215.475053001,28208.8297826698,27202.1844196594,26195.5389929456,28397.2784045795,27483.9154798442,26570.5524751004,25657.1894068194,24743.8263921046,13829.2703230732,12758.157390883,11687.0444327325,10615.931455368,9544.81854952745,8473.70536285137,7402.59239951534,21140.157560844,20147.3759115571,13044.4190893803,12016.5126829292,10988.6062176386,19600.510532245,18528.8342642037,17457.1580980743,16385.4818626555,15313.8056247699,14242.1293864581,14841.9532327978,13828.1262457038,12814.2992188679,2625.01157153033,1784.98723674556,944.962931077913
14464.9523193283,15602.5166481437,31900.7541955371,21489.6874598702,22421.9139692061,23354.1404713695,22337.0361979161,21329.0373735151,19345.7904823735,18394.263420587,17442.7362112361,16491.2089443562,15539.681777989,3703.53592100731,4694.13653665029,5684.73712117524,27806.5040768235,26708.8680480722,25611.2320580477,24513.5960644128,23415.9599734357,24319.3462899781,25579.4499779192,9664.08106941572,9030.21073079818,12319.705197633,20703.9321725292,19643.7155705242,18583.4985780677,17523.2816659251,27099.7351623801,26136.1907585619,28088.5324149472,30866.46254144,29811.484463777,14556.3996128958,13541.3625104756,13410.7958545207,14425.8329427084,15440.8700614913,16455.9071904175,17470.944318108,18485.981400242,19501.0185078288,20516.0556576998,27549.611068309,26519.2034629662,25488.7958226539,24458.3882594578,23427.9806140346,22397.5730213612,21367.1655351859,20336.7580299151,27342.2683538458,26339.5064006686,25336.744561006,24333.9825448736,23331.2206577582,22328.45866204,21325.6969133882,20322.934997146,13412.6815883239,12445.7044553919,11478.7274237245,10511.750462251,9544.77341126115,8577.79637238578,7610.81926181339,6643.84234061526,6683.20959994548,7650.1867627699,8617.16386855326,9584.14091814316,10551.1179627346,11518.0950451377,12485.0720474366,13498.0885049299,12487.7767577832,11477.4649518828,10467.1531293403,31739.4696694412,30689.5682516047,29639.6668957398,28589.765543377,0,916.6387359532,1833.27751998221,2749.91632454863,15676.0101301798,14763.9620817754,13851.9138968246,27569.4760547186,26562.8306897267,25556.1854193954,24549.5400563851,23542.8946296713,25744.6340413052,24831.2711165698,23917.908111826,23004.545043545,22091.1820288302,28684.9641649921,27613.8512328019,26542.7382746513,25471.6252972869,24400.5123914463,23329.3992047703,22258.2862414342,18487.5131975697,17494.7315482828,27900.1129312992,26872.2065248481,25844.3000595575,20777.6935841628,19706.0173161216,18634.3411499921,17562.6649145734,16490.9886766878,15419.312438376,29697.6470747167,28683.8200876227,27669.9930607868,30164.8757309837,29324.8513961989,28484.8270905313
13548.3135833751,14685.8779121905,30984.115459584,20573.048723917,21505.2752332529,22437.5017354163,21420.3974619629,20412.3986375619,18429.1517464203,17477.6246846338,16526.0974752829,15574.570208403,14623.0430420358,2786.89718505411,3777.49780069709,4768.09838522204,26889.8653408703,25792.229312119,24694.5933220945,23596.9573284596,22499.3212374825,23402.7075540249,24662.811241966,8747.44233346252,8113.57199484498,11403.0664616798,19787.293436576,18727.076834571,17666.8598421145,16606.6429299719,26183.0964264269,25219.5520226087,27171.893678994,29949.8238054868,28894.8457278238,13639.7608769426,12624.7237745224,12494.1571185675,13509.1942067552,14524.2313255381,15539.2684544643,16554.3055821548,17569.3426642888,18584.3797718756,19599.4169217466,26632.9723323558,25602.564727013,24572.1570867007,23541.7495235046,22511.3418780814,21480.934285408,20450.5267992327,19420.1192939619,26425.6296178926,25422.8676647154,24420.1058250528,23417.3438089204,22414.581921805,21411.8199260868,20409.058177435,19406.2962611928,12496.0428523707,11529.0657194387,10562.0886877713,9595.11172629776,8628.13467530795,7661.15763643258,6694.18052586019,5727.20360466206,5766.57086399228,6733.5480268167,7700.52513260006,8667.50218218996,9634.47922678141,10601.4563091845,11568.4333114834,12581.4497689767,11571.13802183,10560.8262159296,9550.51439338708,30822.830933488,29772.9295156515,28723.0281597866,27673.1268074238,916.6387359532,0,916.638784029015,1833.27758859543,14759.3713942266,13847.3233458222,12935.2751608714,26652.8373187654,25646.1919537735,24639.5466834422,23632.9013204319,22626.2558937181,24827.995305352,23914.6323806166,23001.2693758728,22087.9063075918,21174.543292877,27768.3254290389,26697.2124968487,25626.0995386981,24554.9865613337,23483.8736554931,22412.7604688171,21341.647505481,17570.8744616165,16578.0928123296,26983.474195346,25955.5677888949,24927.6613236043,19861.0548482096,18789.3785801684,17717.7024140389,16646.0261786202,15574.3499407346,14502.6737024228,28781.0083387635,27767.1813516695,26753.3543248336,29248.2369950305,28408.2126602457,27568.1883545781
12631.674799346,13769.2391281615,30067.4766755549,19656.4099398879,20588.6364492238,21520.8629513873,20503.7586779339,19495.7598535329,17512.5129623913,16560.9859006048,15609.4586912539,14657.931424374,13706.4042580067,1870.25840102509,2860.85901666808,3851.45960119303,25973.2265568413,24875.5905280899,23777.9545380654,22680.3185444306,21582.6824534535,22486.0687699959,23746.172457937,7830.80354943351,7196.93321081596,10486.4276776508,18870.654652547,17810.438050542,16750.2210580855,15690.0041459429,25266.4576423978,24302.9132385796,26255.254894965,29033.1850214578,27978.2069437947,12723.1220929136,11708.0849904934,11577.5183345385,12592.5554227262,13607.5925415091,14622.6296704353,15637.6667981258,16652.7038802598,17667.7409878465,18682.7781377176,25716.3335483268,24685.925942984,23655.5183026717,22625.1107394755,21594.7030940524,20564.295501379,19533.8880152037,18503.4805099329,25508.9908338636,24506.2288806864,23503.4670410238,22500.7050248914,21497.943137776,20495.1811420578,19492.419393406,18489.6574771637,11579.4040683417,10612.4269354097,9645.44990374227,8678.47294226874,7711.49589127894,6744.51885240356,5777.54174183117,4810.56482063304,4849.93207996326,5816.90924278768,6783.88634857105,7750.86339816094,8717.84044275239,9684.8175251555,10651.7945274544,11664.8109849476,10654.499237801,9644.1874319006,8633.87560935807,29906.192149459,28856.2907316225,27806.3893757575,26756.4880233947,1833.27751998221,916.638784029015,0,916.638804566413,13842.7326101976,12930.6845617932,12018.6363768424,25736.1985347364,24729.5531697445,23722.9078994132,22716.2625364029,21709.617109689,23911.356521323,22997.9935965876,22084.6305918438,21171.2675235628,20257.904508848,26851.6866450098,25780.5737128197,24709.4607546691,23638.3477773047,22567.2348714641,21496.121684788,20425.008721452,16654.2356775875,15661.4540283005,26066.835411317,25038.9290048659,24011.0225395753,18944.4160641806,17872.7397961393,16801.0636300099,15729.3873945912,14657.7111567056,13586.0349183937,27864.3695547344,26850.5425676405,25836.7155408045,28331.5982110015,27491.5738762167,26651.549570549
11715.0359947796,12852.600323595,29150.8378709885,18739.7711353215,19671.9976446574,20604.2241468209,19587.1198733675,18579.1210489664,16595.8741578249,15644.3470960384,14692.8198866875,13741.2926198076,12789.7654534403,953.619596458682,1944.22021210167,2934.82079662662,25056.5877522749,23958.9517235235,22861.315733499,21763.6797398642,20666.043648887,21569.4299654295,22829.5336533706,6914.1647448671,6280.29440624955,9569.78887308442,17954.0158479806,16893.7992459755,15833.5822535191,14773.3653413765,24349.8188378314,23386.2744340132,25338.6160903986,28116.5462168914,27061.5681392283,11806.4832883472,10791.446185927,10660.8795299721,11675.9166181598,12690.9537369427,13705.9908658689,14721.0279935594,15736.0650756934,16751.1021832801,17766.1393331512,24799.6947437603,23769.2871384176,22738.8794981053,21708.4719349091,20678.064289486,19647.6566968126,18617.2492106373,17586.8417053665,24592.3520292972,23589.59007612,22586.8282364574,21584.066220325,20581.3043332096,19578.5423374914,18575.7805888396,17573.0186725973,10662.7652637753,9695.78813084327,8728.81109917586,7761.83413770233,6794.85708671253,5827.88004783715,4860.90293726476,3893.92601606663,3933.29327539685,4900.27043822127,5867.24754400464,6834.22459359452,7801.20163818598,8768.17872058909,9735.155722888,10748.1721803812,9737.86043323458,8727.54862733419,7717.23680479165,28989.5533448926,27939.6519270561,26889.7505711911,25839.8492188283,2749.91632454863,1833.27758859543,916.638804566413,0,12926.0938056312,12014.0457572267,11101.997572276,24819.55973017,23812.914365178,22806.2690948468,21799.6237318365,20792.9783051226,22994.7177167566,22081.3547920212,21167.9917872774,20254.6287189964,19341.2657042816,25935.0478404434,24863.9349082533,23792.8219501027,22721.7089727383,21650.5960668977,20579.4828802216,19508.3699168856,15737.5968730211,14744.8152237341,25150.1966067506,24122.2902002994,23094.3837350089,18027.7772596142,16956.1009915729,15884.4248254435,14812.7485900248,13741.0723521392,12669.3961138273,26947.730750168,25933.9037630741,24920.0767362381,27414.959406435,26574.9350716503,25734.9107659826
17780.8875708816,18918.451899697,20784.9846991878,11228.5764099474,12160.8029192833,13093.0294214467,12075.9251479933,11067.9263235923,8230.02098602413,7278.49392423766,6326.96671488672,5375.43944800683,4423.91228163961,11972.4742091725,10981.8735935295,9991.27300900457,17545.3930269008,16447.7569981494,15350.1210081249,14252.48501449,13154.8489235129,14058.2352400553,15318.3389279964,6885.54988610778,8144.14080232284,15635.6404491864,9588.16267617982,8527.94607417482,7467.72908171835,6407.51216957578,15983.9656660307,15020.4212622125,16972.7629185979,19750.6930450906,18695.7149674276,3440.63011654646,2425.59301412623,3149.68480459791,4164.72189278565,5179.75901156856,6194.79614049472,7209.83326818521,8224.87035031927,9239.90745790598,10254.944607777,16433.8415719596,15403.4339666169,14373.0263263045,13342.6187631084,12312.2111176852,11281.8035250118,10251.3960388366,9220.98853356574,16226.4988574964,15223.7369043193,14220.9750646566,13218.2130485243,12215.4511614089,11212.6891656907,10209.9274170389,9207.16550079659,16728.6168398773,15761.6397069452,14794.6626752778,13827.6857138043,12860.7086628145,11893.7316239391,10926.7545133667,9959.7775921686,8992.80053023433,8025.82336740991,7058.84626162655,6091.86921203666,5124.8921674452,4157.9150850421,3190.93808274318,16814.0237564832,15803.7120093365,14793.4002034362,13783.0883808936,20623.7001730918,19573.7987552553,18523.8973993904,17473.9960470276,15676.0101301798,14759.3713942266,13842.7326101976,12926.0938056312,0,912.048048404432,1824.0962333552,17308.3650047959,16301.7196398039,15295.0743694726,14288.4290064623,13281.7835797485,15483.5229913824,14570.160066647,13656.7970619032,12743.4339936222,11830.0709789074,17569.1946686427,16498.0817364526,15426.968778302,14355.8558009376,13284.742895097,12213.6297084209,11142.5167450849,8226.4021476469,7233.62049835997,16784.3434349498,15756.4370284987,14728.5305632082,9661.92408781346,8590.24781977219,7518.57165364277,6446.89541822403,5375.21918033842,4303.5429420266,18581.8775783673,17568.0505912734,16554.2235644374,19049.1062346343,18209.0818998495,17369.0575941819
16868.8395224772,18006.4038512926,19872.9366507833,10316.5283615429,11248.7548708789,12180.9813730423,11163.8770995889,10155.8782751879,7317.9729376197,6366.44587583323,5414.91866648229,4463.3913996024,3511.86423323517,11060.4261607681,10069.8255451251,9079.22496060014,16633.3449784963,15535.708949745,14438.0729597205,13340.4369660856,12242.8008751085,13146.1871916509,14406.290879592,5973.50183770335,7232.0927539184,14723.592400782,8676.11462777539,7615.89802577038,6555.68103331392,5495.46412117135,15071.9176176263,14108.373213808,16060.7148701934,18838.6449966862,17783.6669190232,2528.58206814203,1513.5449657218,2237.63675619348,3252.67384438121,4267.71096316413,5282.74809209028,6297.78521978078,7312.82230191483,8327.85940950154,9342.89655937257,15521.7935235552,14491.3859182124,13460.9782779001,12430.570714704,11400.1630692808,10369.7554766074,9339.34799043214,8308.94048516131,15314.450809092,14311.6888559148,13308.9270162522,12306.1650001198,11303.4031130044,10300.6411172862,9297.87936863443,8295.11745239216,15816.5687914728,14849.5916585408,13882.6146268734,12915.6376653999,11948.6606144101,10981.6835755347,10014.7064649623,9047.72954376417,8080.7524818299,7113.77531900548,6146.79821322212,5179.82116363223,4212.84411904077,3245.86703663766,2278.89003433875,15901.9757080788,14891.6639609321,13881.3521550317,12871.0403324892,19711.6521246874,18661.7507068509,17611.849350986,16561.9479986232,14763.9620817754,13847.3233458222,12930.6845617932,12014.0457572268,912.048048404433,0,912.048184950773,16396.3169563914,15389.6715913995,14383.0263210682,13376.3809580579,12369.7355313441,14571.474942978,13658.1120182426,12744.7490134988,11831.3859452178,10918.022930503,16657.1466202383,15586.0336880481,14514.9207298975,13443.8077525331,12372.6948466925,11301.5816600165,10230.4686966804,7314.35409924247,6321.57244995554,15872.2953865454,14844.3889800943,13816.4825148037,8749.87603940903,7678.19977136776,6606.52360523834,5534.8473698196,4463.17113193399,3391.49489362217,17669.8295299629,16656.0025428689,15642.175516033,18137.0581862299,17297.0338514451,16457.0095457775
15956.7913375264,17094.3556663418,18960.8884658326,9404.48017659217,10336.7066859281,11268.9331880915,10251.8289146381,9243.83009023708,6405.92475266893,5454.39769088245,4502.87048153152,3551.34321465162,2599.8160482844,10148.3779758173,9157.77736017431,8167.17677564937,15721.2967935456,14623.6607647942,13526.0247747697,12428.3887811348,11330.7526901577,12234.1390067001,13494.2426946412,5061.45365275258,6320.04456896763,13811.5442158312,7764.06644282462,6703.84984081961,5643.63284836314,4583.41593622058,14159.8694326755,13196.3250288573,15148.6666852427,17926.5968117354,16871.6187340724,1616.53388319126,601.496780771026,1325.58857124271,2340.62565943044,3355.66277821335,4370.69990713951,5385.73703483,6400.77411696406,7415.81122455077,8430.84837442179,14609.7453386044,13579.3377332617,12548.9300929493,11518.5225297532,10488.11488433,9457.70729165662,8427.29980548137,7396.89230021054,14402.4026241412,13399.6406709641,12396.8788313014,11394.1168151691,10391.3549280536,9388.59293233546,8385.83118368366,7383.06926744139,14904.5206065221,13937.54347359,12970.5664419226,12003.5894804491,11036.6124294593,10069.6353905839,9102.65828001152,8135.6813588134,7168.70429687913,6201.72713405471,5234.75002827135,4267.77297868146,3300.79593409,2333.81885168689,1366.84184938798,14989.927523128,13979.6157759813,12969.303970081,11958.9921475384,18799.6039397366,17749.7025219001,16699.8011660352,15649.8998136724,13851.9138968246,12935.2751608714,12018.6363768424,11101.997572276,1824.09623335521,912.048184950773,0,15484.2687714407,14477.6234064487,13470.9781361174,12464.3327731071,11457.6873463933,13659.4267580272,12746.0638332918,11832.700828548,10919.337760267,10005.9747455522,15745.0984352875,14673.9855030974,13602.8725449468,12531.7595675823,11460.6466617418,10389.5334750657,9318.42051172966,6402.3059142917,5409.52426500477,14960.2472015946,13932.3407951435,12904.434329853,7837.82785445826,6766.15158641699,5694.47542028756,4622.79918486883,3551.12294698321,2479.4467086714,16757.7813450121,15743.9543579181,14730.1273310822,17225.0100012791,16384.9856664943,15544.9613608267
29674.3534954204,30811.9178242358,33533.1090701532,7012.01512457965,7944.24163391556,8876.46813607901,5232.43985680255,6240.43868120357,20978.1453569895,20026.6182952031,19075.0910858521,18123.5638189722,17172.036652605,23865.9401337113,22875.3395180683,21884.7389335434,13328.831741533,12231.1957127817,11133.5597227572,10035.9237291223,8938.28763814516,8619.8212944949,9879.92498243596,18779.0158106466,20037.6067268617,27529.1063737252,22336.2870471452,21276.0704451402,20215.8534526838,19155.6365405412,28732.0900369961,27768.5456331779,29720.8872895633,32498.8174160561,31443.839338393,16188.7544875119,15173.7173850916,14158.680200198,13143.6431120102,12128.6059932273,11113.5688643011,10098.5317366107,9083.4946544766,8068.45754688989,7053.42039701886,29181.965942925,28151.5583375823,27121.1506972699,26090.7431340738,25060.3354886506,24029.9278959772,22999.520409802,21969.1129045312,28974.6232284619,27971.8612752847,26969.099435622,25966.3374194897,24963.5755323743,23960.8135366561,22958.0517880043,21955.289871762,28622.0827644161,27655.1056314841,26688.1285998167,25721.1516383431,24754.1745873533,23787.1975484779,22820.2204379056,21853.2435167074,20886.2664547732,19919.2892919487,18952.3121861654,17985.3351365755,17018.358091984,16051.3810095809,15084.404007282,28707.489681022,27697.1779338754,26686.866127975,25676.5543054325,33371.8245440573,32321.9231262208,31272.0217703558,30222.120417993,27569.4760547186,26652.8373187654,25736.1985347364,24819.55973017,17308.3650047959,16396.3169563914,15484.2687714407,0,1006.64536499197,2013.29063532324,3019.93599833357,4026.58142504737,10045.109045822,9131.7461210866,8218.38311634276,7305.02004806177,6391.65703334698,30317.3190396081,29246.206107418,28175.0931492674,27103.980171903,26032.8672660624,24961.7540793863,23890.6411160503,12060.3078046785,11067.5261553916,29532.4678059153,28504.5613994641,27476.6549341736,22410.0484587789,21338.3721907376,20266.6960246082,19195.0197891894,18123.3435513038,17051.667312992,31330.0019493327,30316.1749622388,29302.3479354028,31797.2306055997,30957.206270815,30117.1819651473
28667.7081304285,29805.2724592439,32526.4637051612,6005.36975958768,6937.59626892359,7869.82277108705,4225.79449181058,5233.7933162116,19971.4999919976,19019.9729302111,18068.4457208602,17116.9184539803,16165.391287613,22859.2947687194,21868.6941530764,20878.0935685514,12322.1863765411,11224.5503477897,10126.9143577652,9029.2783641303,7931.6422731532,7613.17592950294,8873.27961744399,17772.3704456546,19030.9613618697,26522.4610087332,21329.6416821533,20269.4250801483,19209.2080876918,18148.9911755492,27725.4446720041,26761.9002681859,28714.2419245713,31492.1720510641,30437.193973401,15182.1091225199,14167.0720200997,13152.034835206,12136.9977470182,11121.9606282353,10106.9234993092,9091.88637161868,8076.84928948463,7061.81218189792,6046.77503202689,28175.3205779331,27144.9129725903,26114.505332278,25084.0977690818,24053.6901236587,23023.2825309853,21992.87504481,20962.4675395392,27967.9778634699,26965.2159102927,25962.4540706301,24959.6920544977,23956.9301673823,22954.1681716641,21951.4064230123,20948.64450677,27615.4373994241,26648.4602664921,25681.4832348247,24714.5062733512,23747.5292223614,22780.552183486,21813.5750729136,20846.5981517155,19879.6210897812,18912.6439269568,17945.6668211734,16978.6897715835,16011.7127269921,15044.735644589,14077.75864229,27700.8443160301,26690.5325688834,25680.220762983,24669.9089404405,32365.1791790653,31315.2777612288,30265.3764053639,29215.475053001,26562.8306897267,25646.1919537735,24729.5531697445,23812.914365178,16301.7196398039,15389.6715913995,14477.6234064487,1006.64536499197,0,1006.64527033128,2013.29063334161,3019.93606005541,9038.46368082999,8125.10075609463,7211.73775135079,6298.3746830698,5385.01166835501,29310.6736746161,28239.560742426,27168.4477842754,26097.334806911,25026.2219010704,23955.1087143944,22883.9957510583,11053.6624396865,10060.8807903996,28525.8224409233,27497.9160344722,26470.0095691816,21403.4030937869,20331.7268257456,19260.0506596162,18188.3744241975,17116.6981863119,16045.021948,30323.3565843407,29309.5295972468,28295.7025704108,30790.5852406078,29950.560905823,29110.5366001553
27661.0628600972,28798.6271889126,31519.81843483,4998.72448925641,5930.95099859231,6863.17750075577,3219.14922147931,4227.14804588033,18964.8547216663,18013.3276598798,17061.8004505289,16110.273183649,15158.7460172818,21852.6494983881,20862.0488827451,19871.4482982202,11315.5411062098,10217.9050774584,9120.26908743391,8022.63309379902,6924.99700282192,6606.53065917166,7866.63434711271,16765.7251753234,18024.3160915384,25515.815738402,20322.996411822,19262.779809817,18202.5628173605,17142.3459052179,26718.7994016729,25755.2549978547,27707.59665424,30485.5267807328,29430.5487030698,14175.4638521886,13160.4267497684,12145.3895648747,11130.352476687,10115.3153579041,9100.2782289779,8085.24110128741,7070.20401915335,6055.16691156664,5040.12976169562,27168.6753076018,26138.267702259,25107.8600619467,24077.4524987506,23047.0448533274,22016.637260654,20986.2297744788,19955.8222692079,26961.3325931386,25958.5706399614,24955.8088002988,23953.0467841664,22950.284897051,21947.5229013328,20944.761152681,19941.9992364388,26608.7921290929,25641.8149961608,24674.8379644934,23707.8610030199,22740.8839520301,21773.9069131547,20806.9298025823,19839.9528813842,18872.9758194499,17905.9986566255,16939.0215508421,15972.0445012522,15005.0674566608,14038.0903742577,13071.1133719588,26694.1990456988,25683.8872985521,24673.5754926517,23663.2636701092,31358.533908734,30308.6324908975,29258.7311350326,28208.8297826698,25556.1854193954,24639.5466834422,23722.9078994132,22806.2690948468,15295.0743694726,14383.0263210682,13470.9781361174,2013.29063532324,1006.64527033128,0,1006.64536301033,2013.29078972413,8031.81841049871,7118.45548576335,6205.09248101951,5291.72941273853,4378.36639802374,28304.0284042849,27232.9154720947,26161.8025139441,25090.6895365797,24019.5766307391,22948.4634440631,21877.350480727,10047.0171693552,9054.2355200683,27519.177170592,26491.2707641409,25463.3642988503,20396.7578234556,19325.0815554144,18253.4053892849,17181.7291538662,16110.0529159806,15038.3766776688,29316.7113140095,28302.8843269155,27289.0573000796,29783.9399702765,28943.9156354917,28103.8913298241
26654.4174970869,27791.9818259023,30513.1730718196,3992.07912624608,4924.30563558198,5856.53213774544,2212.50385846898,3220.50268287,17958.209358656,17006.6822968695,16055.1550875186,15103.6278206387,14152.1006542714,20846.0041353778,19855.4035197348,18864.8029352098,10308.8957431995,9211.25971444808,8113.62372442358,7015.98773078869,5918.35163981159,5599.88529616133,6859.98898410238,15759.079812313,17017.6707285281,24509.1703753916,19316.3510488117,18256.1344468066,17195.9174543502,16135.7005422076,25712.1540386625,24748.6096348443,26700.9512912297,29478.8814177225,28423.9033400594,13168.8184891783,12153.7813867581,11138.7442018644,10123.7071136766,9108.66999489373,8093.63286596757,7078.59573827708,6063.55865614302,5048.52154855631,4033.48439868529,26162.0299445914,25131.6223392487,24101.2146989364,23070.8071357402,22040.3994903171,21009.9918976437,19979.5844114684,18949.1769061976,25954.6872301283,24951.9252769511,23949.1634372885,22946.4014211561,21943.6395340407,20940.8775383225,19938.1157896707,18935.3538734284,25602.1467660825,24635.1696331505,23668.1926014831,22701.2156400095,21734.2385890197,20767.2615501444,19800.284439572,18833.3075183739,17866.3304564396,16899.3532936152,15932.3761878318,14965.3991382419,13998.4220936505,13031.4450112473,12064.4680089484,25687.5536826885,24677.2419355418,23666.9301296414,22656.6183070989,30351.8885457237,29301.9871278872,28252.0857720222,27202.1844196594,24549.5400563851,23632.9013204319,22716.2625364028,21799.6237318364,14288.4290064623,13376.3809580579,12464.3327731071,3019.93599833357,2013.29063334161,1006.64536301033,0,1006.6454267138,7025.17304748838,6111.81012275302,5198.44711800918,4285.08404972819,3371.72103501341,27297.3830412745,26226.2701090844,25155.1571509338,24084.0441735694,23012.9312677288,21941.8180810527,20870.7051177167,9040.37180634491,8047.59015705797,26512.5318075817,25484.6254011305,24456.71893584,19390.1124604453,18318.436192404,17246.7600262746,16175.0837908559,15103.4075529703,14031.7313146584,28310.0659509991,27296.2389639052,26282.4119370692,28777.2946072662,27937.2702724814,27097.2459668137
25647.7720703731,26785.3363991885,29506.5276451058,2985.43369953227,3917.66020886818,4849.88671103164,1205.85843175518,2213.8572561562,16951.5639319422,16000.0368701557,15048.5096608048,14096.9823939249,13145.4552275576,19839.358708664,18848.758093021,17858.157508496,9302.25031648566,8204.61428773428,7106.97829770978,6009.34230407489,4911.70621309779,4593.23986944753,5853.34355738858,14752.4343855992,16011.0253018143,23502.5249486778,18309.7056220979,17249.4890200928,16189.2720276364,15129.0551154938,24705.5086119487,23741.9642081305,25694.3058645159,28472.2359910087,27417.2579133456,12162.1730624645,11147.1359600443,10132.0987751506,9117.06168696284,8102.02456817993,7086.98743925377,6071.95031156328,5056.91322942922,4041.87612184251,3026.83897197149,25155.3845178776,24124.9769125349,23094.5692722226,22064.1617090264,21033.7540636033,20003.3464709299,18972.9389847546,17942.5314794838,24948.0418034145,23945.2798502373,22942.5180105747,21939.7559944423,20936.9941073269,19934.2321116087,18931.4703629569,17928.7084467146,24595.5013393687,23628.5242064367,22661.5471747693,21694.5702132958,20727.593162306,19760.6161234306,18793.6390128582,17826.6620916601,16859.6850297258,15892.7078669014,14925.730761118,13958.7537115281,12991.7766669367,12024.7995845335,11057.8225822346,24680.9082559747,23670.596508828,22660.2847029276,21649.9728803851,29345.2431190099,28295.3417011734,27245.4403453084,26195.5389929456,23542.8946296713,22626.2558937181,21709.6171096891,20792.9783051226,13281.7835797485,12369.7355313441,11457.6873463933,4026.58142504738,3019.93606005541,2013.29078972413,1006.6454267138,0,6018.52762077458,5105.16469603922,4191.80169129538,3278.43862301439,2365.07560829961,26290.7376145607,25219.6246823706,24148.51172422,23077.3987468556,22006.285841015,20935.1726543389,19864.0596910029,8033.7263796311,7040.94473034417,25505.8863808679,24477.9799744167,23450.0735091262,18383.4670337315,17311.7907656902,16240.1145995608,15168.4383641421,14096.7621262565,13025.0858879446,27303.4205242853,26289.5935371914,25275.7665103554,27770.6491805524,26930.6248457676,26090.6005400999
27849.511482007,28987.0758108224,31708.2670567397,5187.17311116618,6119.39962050209,7051.62612266555,4812.6691890194,4415.5966677901,19153.3033435761,18201.7762817896,17250.2490724387,16298.7218055588,15347.1946391915,22041.0981202979,21050.4975046549,20059.8969201299,11503.9897281196,10406.3536993682,9308.71770934369,8211.0817157088,7113.4456247317,2364.69447001571,728.447018946206,16954.1737972331,18212.7647134482,25704.2643603118,20511.4450337318,19451.2284317268,18391.0114392703,17330.7945271277,26907.2480235826,25943.7036197644,27896.0452761498,30673.9754026426,29618.9973249795,14363.9124740984,13348.8753716782,12333.8381867845,11318.8010985967,10303.7639798138,9288.72685088768,8273.68972319719,7258.65264106313,6243.61553347642,5228.57838360539,27357.1239295116,26326.7163241688,25296.3086838565,24265.9011206603,23235.4934752372,22205.0858825638,21174.6783963885,20144.2708911177,27149.7812150484,26147.0192618712,25144.2574222086,24141.4954060762,23138.7335189608,22135.9715232426,21133.2097745908,20130.4478583485,26797.2407510026,25830.2636180706,24863.2865864032,23896.3096249297,22929.3325739399,21962.3555350645,20995.3784244921,20028.401503294,19061.4244413597,18094.4472785353,17127.4701727519,16160.493123162,15193.5160785706,14226.5389961675,13259.5619938685,26882.6476676086,25872.3359204619,24862.0241145615,23851.712292019,31546.9825306438,30497.0811128073,29447.1797569424,28397.2784045795,25744.6340413052,24827.995305352,23911.356521323,22994.7177167565,15483.5229913824,14571.474942978,13659.4267580272,10045.109045822,9038.46368082998,8031.81841049871,7025.17304748838,6018.52762077458,0,913.362924735359,1826.7259294792,2740.08899776018,3653.45201247497,28492.4770261946,27421.3640940045,26350.2511358539,25279.1381584895,24208.0252526489,23136.9120659729,22065.7991026368,10235.465791265,9242.68414197808,27707.6257925018,26679.7193860507,25651.8129207601,20585.2064453654,19513.5301773241,18441.8540111947,17370.177775776,16298.5015378904,15226.8252995785,29505.1599359192,28491.3329488253,27477.5059219893,29972.3885921863,29132.3642574015,28292.3399517338
26936.1485572716,28073.712886087,30794.9041320044,4273.81018643082,5206.03669576673,6138.26319793019,3899.30626428404,3502.23374305475,18239.9404188407,17288.4133570542,16336.8861477033,15385.3588808234,14433.8317144562,21127.7351955625,20137.1345799195,19146.5339953946,10590.6268033842,9492.99077463283,8395.35478460833,7297.71879097344,6200.08269999634,1451.33154528035,748.178861349361,16040.8108724978,17299.4017887128,24790.9014355764,19598.0821089964,18537.8655069914,17477.6485145349,16417.4316023924,25993.8850988473,25030.3406950291,26982.6823514144,29760.6124779072,28705.6344002442,13450.549549363,12435.5124469428,11420.4752620491,10405.4381738614,9390.40105507848,8375.36392615232,7360.32679846183,6345.28971632777,5330.25260874106,4315.21545887004,26443.7610047762,25413.3533994335,24382.9457591211,23352.538195925,22322.1305505018,21291.7229578284,20261.3154716532,19230.9079663823,26236.418290313,25233.6563371359,24230.8944974732,23228.1324813409,22225.3705942254,21222.6085985073,20219.8468498555,19217.0849336132,25883.8778262673,24916.9006933353,23949.9236616678,22982.9467001943,22015.9696492045,21048.9926103291,20082.0154997567,19115.0385785586,18148.0615166243,17181.0843537999,16214.1072480166,15247.1301984267,14280.1531538352,13313.1760714321,12346.1990691332,25969.2847428732,24958.9729957266,23948.6611898262,22938.3493672836,30633.6196059084,29583.7181880719,28533.816832207,27483.9154798442,24831.2711165698,23914.6323806166,22997.9935965876,22081.3547920212,14570.160066647,13658.1120182426,12746.0638332918,9131.74612108659,8125.10075609462,7118.45548576335,6111.81012275302,5105.16469603922,913.362924735359,0,913.36300474384,1826.72607302483,2740.08908773961,27579.1141014593,26508.0011692691,25436.8882111186,24365.7752337541,23294.6623279136,22223.5491412375,21152.4361779015,9322.10286652966,8329.32121724272,26794.2628677664,25766.3564613153,24738.4499960248,19671.84352063,18600.1672525888,17528.4910864594,16456.8148510406,15385.138613155,14313.4623748432,28591.7970111839,27577.9700240899,26564.142997254,29059.0256674509,28219.0013326661,27378.9770269985
26022.7855525278,27160.3498813432,29881.5411272605,3360.44718168698,4292.67369102289,5224.90019318635,2985.9432595402,2588.87073831091,17326.5774140969,16375.0503523104,15423.5231429595,14471.9958760796,13520.4687097123,20214.3721908187,19223.7715751757,18233.1709906507,9677.26379864037,8579.62776988899,7481.99177986449,6384.3557862296,5286.7196952525,537.968540536511,1661.5418660932,15127.4478677539,16386.038783969,23877.5384308326,18684.7191042526,17624.5025022476,16564.2855097911,15504.0685976485,25080.5220941034,24116.9776902852,26069.3193466706,28847.2494731634,27792.2713955003,12537.1865446192,11522.149442199,10507.1122573053,9492.07516911754,8477.03805033464,7462.00092140848,6446.96379371799,5431.92671158393,4416.88960399722,3401.8524541262,25530.3980000324,24499.9903946896,23469.5827543773,22439.1751911811,21408.767545758,20378.3599530846,19347.9524669093,18317.5449616385,25323.0552855692,24320.293332392,23317.5314927294,22314.769476597,21312.0075894816,20309.2455937634,19306.4838451116,18303.7219288693,24970.5148215234,24003.5376885914,23036.560656924,22069.5836954505,21102.6066444607,20135.6296055853,19168.6524950129,18201.6755738148,17234.6985118805,16267.7213490561,15300.7442432727,14333.7671936828,13366.7901490914,12399.8130666883,11432.8360643893,25055.9217381294,24045.6099909827,23035.2981850823,22024.9863625398,29720.2566011646,28670.3551833281,27620.4538274631,26570.5524751003,23917.908111826,23001.2693758728,22084.6305918438,21167.9917872773,13656.7970619032,12744.7490134988,11832.700828548,8218.38311634275,7211.73775135078,6205.09248101951,5198.44711800918,4191.80169129538,1826.7259294792,913.36300474384,0,913.363068280986,1826.72608299577,26665.7510967154,25594.6381645253,24523.5252063747,23452.4122290103,22381.2993231697,21310.1861364936,20239.0731731576,8408.73986178581,7415.95821249888,25880.8998630226,24852.9934565715,23825.0869912809,18758.4805158862,17686.8042478449,16615.1280817155,15543.4518462968,14471.7756084112,13400.0993700993,27678.43400644,26664.6070193461,25650.7799925101,28145.6626627071,27305.6383279223,26465.6140222546
25109.4224842468,26246.9868130622,28968.1780589795,2447.084113406,3379.31062274191,4311.53712490536,2072.58019125922,1675.50767002992,16413.2143458159,15461.6872840294,14510.1600746785,13558.6328077986,12607.1056414314,19301.0091225377,18310.4085068947,17319.8079223698,8763.90073035939,7666.264701608,6568.6287115835,5470.99271794861,4373.35662697151,1314.80124643313,2574.90493437419,14214.084799473,15472.675715688,22964.1753625516,17771.3560359716,16711.1394339666,15650.9224415101,14590.7055293675,24167.1590258224,23203.6146220042,25155.9562783896,27933.8864048824,26878.9083272193,11623.8234763382,10608.786373918,9593.7491890243,8578.71210083656,7563.67498205365,6548.63785312749,5533.600725437,4518.56364330294,3503.52653571624,2488.48938584521,24617.0349317514,23586.6273264086,22556.2196860963,21525.8121229001,20495.404477477,19464.9968848036,18434.5893986283,17404.1818933575,24409.6922172882,23406.930264111,22404.1684244484,21401.406408316,20398.6445212006,19395.8825254824,18393.1207768306,17390.3588605884,24057.1517532424,23090.1746203104,22123.197588643,21156.2206271695,20189.2435761797,19222.2665373043,18255.2894267319,17288.3125055338,16321.3354435995,15354.3582807751,14387.3811749917,13420.4041254018,12453.4270808104,11486.4499984073,10519.4729961084,24142.5586698484,23132.2469227017,22121.9351168013,21111.6232942588,28806.8935328836,27756.9921150471,26707.0907591822,25657.1894068193,23004.545043545,22087.9063075918,21171.2675235628,20254.6287189964,12743.4339936222,11831.3859452178,10919.337760267,7305.02004806177,6298.3746830698,5291.72941273852,4285.08404972819,3278.43862301439,2740.08899776018,1826.72607302483,913.363068280986,0,913.363014714787,25752.3880284345,24681.2750962443,23610.1621380937,22539.0491607293,21467.9362548887,20396.8230682127,19325.7101048766,7495.37679350483,6502.5951442179,24967.5367947416,23939.6303882905,22911.7239229999,17845.1174476052,16773.441179564,15701.7650134345,14630.0887780158,13558.4125401302,12486.7363018184,26765.070938159,25751.2439510651,24737.4169242292,27232.2995944261,26392.2752596413,25552.2509539737
24196.059469532,25333.6237983474,28054.8150442648,1533.72109869121,2465.94760802712,3398.17411019058,1159.21717654443,762.144655315134,15499.8513311011,14548.3242693146,13596.7970599637,12645.2697930838,11693.7426267166,18387.6461078229,17397.0454921799,16406.444907655,7850.5377156446,6752.90168689321,5655.26569686872,4557.62970323383,3459.99361225673,2228.16426114792,3488.26794908897,13300.7217847582,14559.3127009732,22050.8123478368,16857.9930212568,15797.7764192518,14737.5594267953,13677.3425146528,23253.7960111077,22290.2516072895,24242.5932636748,27020.5233901676,25965.5453125046,10710.4604616234,9695.4233592032,8680.38617430951,7665.34908612178,6650.31196733886,5635.2748384127,4620.23771072221,3605.20062858816,2590.16352100145,1575.12637113042,23703.6719170366,22673.2643116939,21642.8566713815,20612.4491081854,19582.0414627622,18551.6338700888,17521.2263839136,16490.8188786427,23496.3292025734,22493.5672493962,21490.8054097336,20488.0433936012,19485.2815064858,18482.5195107676,17479.7577621158,16476.9958458736,23143.7887385277,22176.8116055956,21209.8345739282,20242.8576124547,19275.8805614649,18308.9035225895,17341.9264120171,16374.949490819,15407.9724288847,14440.9952660603,13474.0181602769,12507.0411106871,11540.0640660956,10573.0869836925,9606.10998139358,23229.1956551336,22218.8839079869,21208.5721020865,20198.260279544,27893.5305181688,26843.6291003323,25793.7277444674,24743.8263921046,22091.1820288302,21174.543292877,20257.904508848,19341.2657042816,11830.0709789074,10918.022930503,10005.9747455522,6391.65703334698,5385.01166835501,4378.36639802374,3371.72103501341,2365.07560829961,3653.45201247497,2740.08908773961,1826.72608299577,913.363014714786,0,24839.0250137197,23767.9120815295,22696.7991233789,21625.6861460145,20554.5732401739,19483.4600534979,18412.3470901618,6582.01377879004,5589.23212950311,24054.1737800268,23026.2673735757,21998.3609082851,16931.7544328904,15860.0781648492,14788.4019987197,13716.725763301,12645.0495254154,11573.3732871036,25851.7079234443,24837.8809363503,23824.0539095144,26318.9365797113,25478.9122449265,24638.8879392589
30789.8416056939,31927.4059345093,17140.2589752334,24237.5304447596,25169.7569540955,26101.983456259,25084.8791828056,24076.8803584045,9339.17368261857,10290.700744405,11242.227953756,12193.7552206359,13145.2823870031,24981.4282439848,23990.8276283418,23000.2270438168,30554.347061713,29456.7110329616,28359.0750429371,27261.4390493023,26163.8029583252,27067.1892748676,28327.2929628087,19894.50392092,21153.0948371351,28644.5944839986,19621.9477422265,18561.7311402215,17501.514147765,16441.2972356224,16141.5910195005,15178.0466156823,1531.54633574503,16105.9673211362,15050.9892434732,14128.5645520962,15143.6016545165,16158.6388394102,17173.6759275979,18188.7130463808,19203.750175307,20218.7873029975,21233.8243851315,22248.8614927182,23263.8986425893,12789.1158480052,11758.7082426625,10728.3006023501,9697.89303915398,8667.48539373083,7637.07780105742,7317.79862980613,8348.20613507696,16384.1242109662,15381.3622577891,14378.6004181264,13375.8384019941,12373.0765148787,11370.3145191605,10367.5527705087,9364.7908542664,29737.5708746895,28770.5937417575,27803.6167100901,26836.6397486166,25869.6626976268,24902.6856587514,23935.708548179,22968.7316269809,22001.7545650466,21034.7774022222,20067.8002964388,19100.8232468489,18133.8462022575,17166.8691198543,16199.8921175554,29822.9777912955,28812.6660441488,27802.3542382484,26792.0424157059,16978.9744491374,15929.0730313009,14879.171675436,13829.2703230732,28684.9641649921,27768.3254290389,26851.6866450099,25935.0478404434,17569.1946686427,16657.1466202383,15745.0984352875,30317.3190396081,29310.6736746162,28304.0284042849,27297.3830412746,26290.7376145607,28492.4770261947,27579.1141014593,26665.7510967155,25752.3880284345,24839.0250137197,0,1071.11293219013,2142.22589034072,3213.33886770515,4284.45177354573,5355.56496022181,6426.67792355784,21235.3561824592,20242.5745331722,6103.04860636519,5075.14219991406,4047.23573462352,19695.7091538601,18624.0328858188,17552.3567196894,16480.6804842707,15409.0042463851,14337.3280080732,4056.45212236054,3042.62513526658,2028.79810843065,15404.3805106799,14564.3561758951,13724.3318702275
29718.7286735037,30856.2930023191,16069.1460430432,23166.4175125695,24098.6440219054,25030.8705240689,24013.7662506154,23005.7674262144,8268.06075042844,9219.58781221491,10171.1150215659,11122.6422884457,12074.169454813,23910.3153117946,22919.7146961516,21929.1141116267,29483.2341295229,28385.5981007715,27287.962110747,26190.3261171121,25092.690026135,25996.0763426775,27256.1800306185,18823.3909887299,20081.981904945,27573.4815518085,18550.8348100363,17490.6182080313,16430.4012155748,15370.1843034323,15070.4780873104,14106.9336834922,474.681182145298,15034.8543889461,13979.876311283,13057.4516199061,14072.4887223263,15087.52590722,16102.5629954078,17117.6001141907,18132.6372431168,19147.6743708073,20162.7114529414,21177.7485605281,22192.7857103991,11718.0029158151,10687.5953104723,9657.18767015998,8626.78010696384,7596.37246154069,6565.96486886729,6246.685697616,7277.09320288683,15313.0112787761,14310.2493255989,13307.4874859363,12304.7254698039,11301.9635826885,10299.2015869703,9296.43983831854,8293.67792207626,28666.4579424994,27699.4808095674,26732.5037778999,25765.5268164264,24798.5497654366,23831.5727265612,22864.5956159888,21897.6186947907,20930.6416328565,19963.664470032,18996.6873642487,18029.7103146588,17062.7332700673,16095.7561876642,15128.7791853653,28751.8648591053,27741.5531119587,26731.2413060583,25720.9294835157,15907.8615169473,14857.9600991108,13808.0587432459,12758.157390883,27613.8512328019,26697.2124968487,25780.5737128197,24863.9349082533,16498.0817364526,15586.0336880481,14673.9855030974,29246.206107418,28239.560742426,27232.9154720947,26226.2701090844,25219.6246823706,27421.3640940045,26508.0011692692,25594.6381645253,24681.2750962443,23767.9120815295,1071.11293219013,0,1071.11295815059,2142.22593551502,3213.3388413556,4284.45202803167,5355.56499136771,20164.243250269,19171.4616009821,5031.93567417506,4004.02926772393,2976.12280243339,18624.59622167,17552.9199536287,16481.2437874993,15409.5675520805,14337.8913141949,13266.2150758831,2985.3391901704,1971.51220307645,957.685176240517,14333.2675784898,13493.243243705,12653.2189380374
28647.6157153531,29785.1800441685,14998.0330848926,22095.3045544189,23027.5310637548,23959.7575659183,22942.6532924648,21934.6544680638,7196.94779227785,8148.47485406432,9100.00206341526,10051.5293302952,11003.0564966624,22839.202353644,21848.601738001,20858.0011534761,28412.1211713723,27314.4851426209,26216.8491525964,25119.2131589615,24021.5770679844,24924.9633845269,26185.0670724679,17752.2780305793,19010.8689467944,26502.3685936579,17479.7218518857,16419.5052498807,15359.2882574243,14299.0713452817,13999.3651291598,13035.8207253416,1545.79414029589,13963.7414307955,12908.7633531325,11986.3386617555,13001.3757641757,14016.4129490694,15031.4500372572,16046.4871560401,17061.5242849662,18076.5614126567,19091.5984947908,20106.6356023775,21121.6727522485,10646.8899576645,9616.48235232175,8586.0747120094,7555.66714881325,6525.2595033901,5494.8519107167,5175.57273946541,6205.98024473624,14241.8983206255,13239.1363674484,12236.3745277857,11233.6125116533,10230.8506245379,9228.08862881975,8225.32688016795,7222.56496392567,27595.3449843488,26628.3678514168,25661.3908197494,24694.4138582758,23727.436807286,22760.4597684106,21793.4826578383,20826.5057366401,19859.5286747059,18892.5515118814,17925.5744060981,16958.5973565082,15991.6203119167,15024.6432295136,14057.6662272147,27680.7519009547,26670.4401538081,25660.1283479077,24649.8165253651,14836.7485587967,13786.8471409602,12736.9457850953,11687.0444327325,26542.7382746513,25626.0995386981,24709.4607546691,23792.8219501027,15426.968778302,14514.9207298975,13602.8725449468,28175.0931492674,27168.4477842754,26161.8025139441,25155.1571509338,24148.51172422,26350.2511358539,25436.8882111186,24523.5252063747,23610.1621380937,22696.7991233789,2142.22589034072,1071.11295815059,0,1071.11297736443,2142.22588320501,3213.33906988108,4284.45203321712,19093.1302921184,18100.3486428315,3960.82271602446,2932.91630957334,1905.00984428279,17553.4832635194,16481.8069954781,15410.1308293487,14338.4545939299,13266.7783560443,12195.1021177325,3154.90880006532,2141.08181297137,1127.25478613543,13262.1546203392,12422.1302855544,11582.1059798868
27576.5027379887,28714.0670668041,13926.9201075282,21024.1915770545,21956.4180863904,22888.6445885538,21871.5403151004,20863.5414906994,6125.83481491342,7077.36187669989,8028.88908605083,8980.41635293072,9931.94351929795,21768.0893762796,20777.4887606366,19786.8881761117,27341.0081940079,26243.3721652565,25145.736175232,24048.1001815971,22950.46409062,23853.8504071625,25113.9540951035,16681.1650532149,17939.7559694299,25431.2556162935,16408.6088745213,15348.3922725163,14288.1752800598,13227.9583679173,12928.2521517953,11964.7077479771,2616.90711766032,12892.6284534311,11837.650375768,10915.2256843911,11930.2627868113,12945.299971705,13960.3370598927,14975.3741786757,15990.4113076018,17005.4484352923,18020.4855174264,19035.5226250131,20050.5597748841,9575.77698030005,8545.36937495732,7514.96173464496,6484.55417144882,5454.14652602567,4423.73893335226,4104.45976210098,5134.86726737181,13170.7853432611,12168.0233900839,11165.2615504213,10162.4995342889,9159.7376471735,8156.97565145531,7154.21390280352,6151.45198656124,26524.2320069844,25557.2548740523,24590.2778423849,23623.3008809114,22656.3238299216,21689.3467910462,20722.3696804738,19755.3927592757,18788.4156973414,17821.438534517,16854.4614287337,15887.4843791438,14920.5073345523,13953.5302521492,12986.5532498503,26609.6389235903,25599.3271764436,24589.0153705433,23578.7035480007,13765.6355814323,12715.7341635958,11665.8328077308,10615.931455368,25471.6252972869,24554.9865613337,23638.3477773047,22721.7089727383,14355.8558009376,13443.8077525331,12531.7595675823,27103.980171903,26097.334806911,25090.6895365797,24084.0441735694,23077.3987468556,25279.1381584895,24365.7752337541,23452.4122290103,22539.0491607293,21625.6861460145,3213.33886770515,2142.22593551502,1071.11297736443,0,1071.11290584058,2142.22609251665,3213.33905585269,18022.017314754,17029.2356654671,2889.70973866003,1861.80333220891,833.896866918365,16482.3702861549,15410.6940181137,14339.0178519842,13267.3416165655,12195.6653786799,11123.9891403681,4226.02177742975,3212.1947903358,2198.36776349986,12191.0416429748,11351.01730819,10510.9930025223
26505.3898321481,27642.9541609635,12855.8072016876,19953.0786712139,20885.3051805498,21817.5316827133,20800.4274092598,19792.4285848588,5054.72190907284,6006.24897085931,6957.77618021025,7909.30344709014,8860.83061345737,20696.976470439,19706.375854796,18715.7752702711,26269.8952881673,25172.2592594159,24074.6232693914,22976.9872757565,21879.3511847794,22782.7375013219,24042.8411892629,15610.0521473743,16868.6430635894,24360.1427104529,15337.4959686807,14277.2793666757,13217.0623742193,12156.8454620767,11857.1392459548,10893.5948421366,3688.0200235009,11821.5155475905,10766.5374699274,9844.11277855051,10859.1498809707,11874.1870658644,12889.2241540522,13904.2612728351,14919.2984017612,15934.3355294517,16949.3726115858,17964.4097191725,18979.4468690435,8504.66407445948,7474.25646911674,6443.84882880439,5413.44126560824,4383.03362018509,3352.62602751168,3033.3468562604,4063.75436153123,12099.6724374205,11096.9104842433,10094.1486445807,9091.38662844833,8088.62474133292,7085.86274561474,6083.10099696294,5080.33908072066,25453.1191011438,24486.1419682118,23519.1649365444,22552.1879750708,21585.210924081,20618.2338852056,19651.2567746332,18684.2798534351,17717.3027915009,16750.3256286764,15783.3485228931,14816.3714733032,13849.3944287117,12882.4173463086,11915.4403440097,25538.5260177497,24528.2142706031,23517.9024647027,22507.5906421601,12694.5226755917,11644.6212577552,10594.7199018903,9544.81854952745,24400.5123914463,23483.8736554931,22567.2348714641,21650.5960668977,13284.742895097,12372.6948466925,11460.6466617418,26032.8672660624,25026.2219010704,24019.5766307391,23012.9312677288,22006.285841015,24208.0252526489,23294.6623279136,22381.2993231697,21467.9362548887,20554.5732401739,4284.45177354573,3213.3388413556,2142.22588320501,1071.11290584058,0,1071.11318667607,2142.22615001211,16950.9044089134,15958.1227596265,3499.60053985287,2471.69413340174,1443.7876681112,15411.2573803144,14339.5811122731,13267.9049461437,12196.2287107249,11124.5524728393,10052.8762345275,5297.13468327033,4283.30769617637,3269.48066934044,11119.9287371342,10279.9044023494,9439.88009668176
25434.2766454721,26571.8409742875,11784.6940150116,18881.9654845378,19814.1919938737,20746.4184960372,19729.3142225838,18721.3153981827,3983.60872239676,4935.13578418324,5886.66299353418,6838.19026041407,7789.71742678129,19625.863283763,18635.26266812,17644.662083595,25198.7821014912,24101.1460727398,23003.5100827153,21905.8740890804,20808.2379981033,21711.6243146458,22971.7280025869,14538.9389606982,15797.5298769133,23289.0295237768,14266.3827820046,13206.1661799996,12145.9491875432,11085.7322754006,10786.0260592787,9822.48165546048,4759.13321017697,10750.4023609144,9695.42428325137,8772.99959187444,9788.03669429467,10803.0738791884,11818.1109673761,12833.148086159,13848.1852150852,14863.2223427757,15878.2594249097,16893.2965324964,17908.3336823675,7433.5508877834,6403.14328244066,5372.73564212831,4342.32807893217,3311.92043350902,2281.51284083561,1962.23366958432,2992.64117485516,11028.5592507444,10025.7972975673,9023.03545790462,8020.27344177226,7017.51155465685,6014.74955893866,5011.98781028686,4009.22589404459,24382.0059144677,23415.0287815357,22448.0517498683,21481.0747883947,20514.0977374049,19547.1206985296,18580.1435879572,17613.1666667591,16646.1896048248,15679.2124420004,14712.235336217,13745.2582866271,12778.2812420356,11811.3041596325,10844.3271573336,24467.4128310737,23457.101083927,22446.7892780266,21436.4774554841,11623.4094889156,10573.5080710791,9523.60671521419,8473.70536285137,23329.3992047703,22412.7604688171,21496.121684788,20579.4828802216,12213.6297084209,11301.5816600165,10389.5334750657,24961.7540793863,23955.1087143943,22948.4634440631,21941.8180810527,20935.1726543389,23136.9120659729,22223.5491412375,21310.1861364937,20396.8230682127,19483.4600534979,5355.56496022181,4284.45202803167,3213.33906988108,2142.22609251665,1071.11318667607,0,1071.11296333603,15879.7912222374,14887.0095729504,4570.71372652894,3542.80732007782,2514.90085478727,14340.1441936383,13268.467925597,12196.7917594676,11125.1155240489,10053.4392861632,8981.76304785143,6368.2478699464,5354.42088285245,4340.59385601652,10048.8155504581,9208.79121567333,8368.76691000568
24363.163682136,25500.7280109514,10713.5810516755,17810.8525212018,18743.0790305377,19675.3055327012,18658.2012592477,17650.2024348467,2912.49575906073,3864.02282084721,4815.55003019815,5767.07729707804,6718.60446344526,18554.7503204269,17564.1497047839,16573.549120259,24127.6691381552,23030.0331094038,21932.3971193793,20834.7611257444,19737.1250347673,20640.5113513098,21900.6150392508,13467.8259973622,14726.4169135773,22217.9165604408,13195.2698186686,12135.0532166636,11074.8362242071,10014.6193120646,9714.91309594265,8751.36869212444,5830.246173513,9679.2893975784,8624.31131991534,7701.8866285384,8716.92373095864,9731.96091585233,10746.9980040401,11762.035122823,12777.0722517491,13792.1093794396,14807.1464615737,15822.1835691604,16837.2207190314,6362.43792444737,5332.03031910463,4301.62267879228,3271.21511559614,2240.80747017298,1210.39987749958,891.120706248292,1921.52821151913,9957.4462874084,8954.68433423123,7951.92249456859,6949.16047843623,5946.39859132082,4943.63659560263,3940.87484695083,2938.11293070856,23310.8929511317,22343.9158181997,21376.9387865322,20409.9618250587,19442.9847740689,18476.0077351935,17509.0306246211,16542.053703423,15575.0766414888,14608.0994786643,13641.122372881,12674.1453232911,11707.1682786996,10740.1911962965,9773.2141939976,23396.2998677376,22385.988120591,21375.6763146906,20365.364492148,10552.2965255796,9502.39510774309,8452.49375187816,7402.59239951534,22258.2862414342,21341.647505481,20425.008721452,19508.3699168856,11142.5167450849,10230.4686966804,9318.42051172966,23890.6411160503,22883.9957510583,21877.350480727,20870.7051177167,19864.0596910029,22065.7991026368,21152.4361779015,20239.0731731576,19325.7101048766,18412.3470901618,6426.67792355784,5355.56499136771,4284.45203321712,3213.33905585269,2142.22615001211,1071.11296333603,0,14808.6782589013,13815.8966096144,5641.82668986498,4613.92028341385,3586.01381812331,13269.0312303023,12197.354962261,11125.6787961316,10054.0025607128,8982.32632282722,7910.6500845154,7439.36083328243,6425.53384618848,5411.70681935255,8977.70258712207,8137.6782523373,7297.65394666965
20592.3906382715,21729.9549670869,24451.1462130042,5980.51920983,6912.7457191659,7844.97222132936,6827.86794787593,5819.86912347491,11896.1824998406,10944.6554380541,9993.12822870317,9041.60096182328,8090.07379545606,14783.9772765624,13793.3766609194,12802.7760763944,12297.3358267834,11199.699798032,10102.0638080075,9004.42781437261,7906.79172339551,8810.17803993796,10070.281727879,9697.05295349765,10955.6438697127,18447.1435165763,13254.3241899963,12194.1075879913,11133.8905955348,10073.6736833922,19650.1271798471,18686.5827760289,20638.9244324143,23416.8545589071,22361.876481244,7106.79163036291,6091.75452794268,5076.71734304899,4061.68025486126,3046.64313607835,2031.60600715219,1961.77606806783,2976.81315020189,3991.85025778859,5006.88740765962,20100.0030857761,19069.5954804333,18039.187840121,17008.7802769248,15978.3726315017,14947.9650388283,13917.557552653,12887.1500473822,19892.6603713129,18889.8984181357,17887.1365784731,16884.3745623407,15881.6126752253,14878.8506795071,13876.0889308553,12873.327014613,19540.1199072671,18573.1427743351,17606.1657426677,16639.1887811942,15672.2117302044,14705.234691329,13738.2575807566,12771.2806595585,11804.3035976242,10837.3264347998,9870.34932901643,8903.37227942653,7936.39523483508,6969.41815243197,6002.44115013306,19625.5268238731,18615.2150767264,17604.903270826,16594.5914482835,24289.8616869083,23239.9602690718,22190.0589132069,21140.157560844,18487.5131975697,17570.8744616165,16654.2356775875,15737.5968730211,8226.4021476469,7314.35409924247,6402.3059142917,12060.3078046785,11053.6624396865,10047.0171693552,9040.37180634491,8033.7263796311,10235.465791265,9322.10286652966,8408.73986178582,7495.37679350483,6582.01377879004,21235.3561824591,20164.243250269,19093.1302921184,18022.017314754,16950.9044089134,15879.7912222374,14808.6782589013,0,992.781649286931,20450.5049487663,19422.5985423152,18394.6920770246,13328.0856016299,12256.4093335886,11184.7331674592,10113.0569320405,9041.38069415487,7969.70445584305,22248.0390921837,21234.2121050898,20220.3850782539,22715.2677484508,21875.243413666,21035.2191079984
19599.6089889845,20737.1733178,23458.3645637173,4987.73756054307,5919.96406987897,6852.19057204243,5835.086298589,4827.08747418798,10903.4008505537,9951.87378876718,9000.34657941624,8048.81931253635,7097.29214616913,13791.1956272754,12800.5950116325,11809.9944271075,11304.5541774965,10206.9181487451,9109.28215872057,8011.64616508568,6914.01007410858,7817.39639065103,9077.50007859209,8704.27130421072,9962.86222042578,17454.3618672893,12261.5425407093,11201.3259387043,10141.1089462479,9080.8920341053,18657.3455305602,17693.801126742,19646.1427831274,22424.0729096202,21369.0948319571,6114.00998107598,5098.97287865575,4083.93569376206,3068.89860557433,2053.86148679141,1038.82435786526,968.994418780897,1984.03150091495,2999.06860850166,4014.10575837269,19107.2214364891,18076.8138311464,17046.406190834,16015.9986276379,14985.5909822148,13955.1833895413,12924.7759033661,11894.3683980953,18899.878722026,17897.1167688488,16894.3549291861,15891.5929130538,14888.8310259384,13886.0690302202,12883.3072815684,11880.5453653261,18547.3382579802,17580.3611250482,16613.3840933808,15646.4071319072,14679.4300809174,13712.4530420421,12745.4759314697,11778.4990102715,10811.5219483373,9844.54478551286,8877.56767972949,7910.5906301396,6943.61358554815,5976.63650314504,5009.65950084613,18632.7451745861,17622.4334274395,16612.1216215391,15601.8097989966,23297.0800376214,22247.1786197849,21197.2772639199,20147.3759115571,17494.7315482828,16578.0928123296,15661.4540283005,14744.8152237341,7233.62049835997,6321.57244995554,5409.52426500477,11067.5261553915,10060.8807903996,9054.2355200683,8047.59015705797,7040.94473034417,9242.68414197808,8329.32121724272,7415.95821249888,6502.5951442179,5589.23212950311,20242.5745331722,19171.4616009821,18100.3486428315,17029.2356654671,15958.1227596265,14887.0095729504,13815.8966096144,992.781649286931,0,19457.7232994794,18429.8168930282,17401.9104277377,12335.303952343,11263.6276843017,10191.9515181723,9120.27528275355,8048.59904486794,6976.92280655612,21255.2574428968,20241.4304558029,19227.6034289669,21722.4860991638,20882.4617643791,20042.4374587114
30004.990372001,31142.5547008164,16355.4077415405,23452.6792110668,24384.9057204027,25317.1322225661,24300.0279491127,23292.0291247117,8554.32244892571,9505.84951071218,10457.3767200631,11408.903986943,12360.4311533102,24196.5770102919,23205.9763946489,22215.375810124,29769.4958280202,28671.8597992688,27574.2238092443,26476.5878156094,25378.9517246323,26282.3380411747,27542.4417291158,19109.6526872272,20368.2436034422,27859.7432503058,18837.0965085336,17776.8799065286,16716.6629140721,15656.4460019296,15356.7397858076,14393.1953819894,5506.61685632035,15321.1160874434,14266.1380097803,13343.7133184034,14358.7504208236,15373.7876057173,16388.824693905,17403.861812688,18418.8989416141,19433.9360693046,20448.9731514387,21464.0102590254,22479.0474088964,12004.2646143123,10973.8570089696,9943.44936865725,8913.04180546111,7882.63416003796,6852.22656736456,6532.94739611327,7563.3549013841,15599.2729772734,14596.5110240962,13593.7491844336,12590.9871683012,11588.2252811858,10585.4632854676,9582.70153681581,8579.93962057353,28952.7196409967,27985.7425080646,27018.7654763972,26051.7885149237,25084.8114639339,24117.8344250585,23150.8573144861,22183.880393288,21216.9033313537,20249.9261685293,19282.9490627459,18315.9720131561,17348.9949685646,16382.0178861615,15415.0408838626,29038.1265576026,28027.8148104559,27017.5030045555,26007.191182013,16194.1232154446,15144.2217976081,14094.3204417431,13044.4190893803,27900.1129312992,26983.474195346,26066.835411317,25150.1966067506,16784.3434349498,15872.2953865454,14960.2472015946,29532.4678059152,28525.8224409233,27519.177170592,26512.5318075817,25505.8863808679,27707.6257925018,26794.2628677664,25880.8998630226,24967.5367947416,24054.1737800268,6103.04860636519,5031.93567417506,3960.82271602447,2889.70973866004,3499.60053985287,4570.71372652894,5641.82668986498,20450.5049487663,19457.7232994794,0,1027.90640645113,2055.81287174167,18910.8579201672,17839.181652126,16767.5054859965,15695.8292505778,14624.1530126922,13552.4767743804,7115.73151608978,6101.90452899583,5088.0775021599,14619.529276987,13779.5049422023,12939.4806365346
28977.0839655499,30114.6482943653,15327.5013350894,22424.7728046156,23356.9993139515,24289.225816115,23272.1215426616,22264.1227182606,7526.41604247458,8477.94310426106,9429.470313612,10380.9975804919,11332.5247468591,23168.6706038408,22178.0699881978,21187.4694036728,28741.589421569,27643.9533928176,26546.3174027931,25448.6814091583,24351.0453181812,25254.4316347236,26514.5353226647,18081.746280776,19340.3371969911,26831.8368438547,17809.1901020825,16748.9735000775,15688.756507621,14628.5395954784,14328.8333793565,13365.2889755383,4478.71044986923,14293.2096809923,13238.2316033292,12315.8069119523,13330.8440143725,14345.8811992662,15360.9182874539,16375.9554062368,17390.992535163,18406.0296628535,19421.0667449875,20436.1038525742,21451.1410024453,10976.3582078612,9945.95060251848,8915.54296220613,7885.13539900999,6854.72775358684,5824.32016091343,5505.04098966214,6535.44849493298,14571.3665708223,13568.6046176451,12565.8427779824,11563.0807618501,10560.3188747347,9557.55687901648,8554.79513036468,7552.03321412241,27924.8132345455,26957.8361016135,25990.8590699461,25023.8821084726,24056.9050574828,23089.9280186074,22122.950908035,21155.9739868369,20188.9969249026,19222.0197620782,18255.0426562948,17288.0656067049,16321.0885621135,15354.1114797104,14387.1344774114,28010.2201511515,26999.9084040048,25989.5965981044,24979.2847755619,15166.2168089935,14116.3153911569,13066.414035292,12016.5126829292,26872.2065248481,25955.5677888949,25038.9290048659,24122.2902002994,15756.4370284987,14844.3889800943,13932.3407951435,28504.5613994641,27497.9160344722,26491.2707641409,25484.6254011306,24477.9799744168,26679.7193860507,25766.3564613153,24852.9934565715,23939.6303882905,23026.2673735757,5075.14219991406,4004.02926772393,2932.91630957334,1861.80333220891,2471.69413340174,3542.80732007782,4613.92028341385,19422.5985423152,18429.8168930282,1027.90640645113,0,1027.90646529054,17882.9515137161,16811.2752456748,15739.5990795454,14667.9228441267,13596.2466062411,12524.5703679292,6087.82510963866,5073.9981225447,4060.17109570877,13591.6228705359,12751.5985357512,11911.5742300835
27949.1775002593,29086.7418290747,14299.5948697988,21396.8663393251,22329.092848661,23261.3193508245,22244.215077371,21236.21625297,6498.50957718404,7450.03663897051,8401.56384832145,9353.09111520135,10304.6182815686,22140.7641385502,21150.1635229072,20159.5629383823,27713.6829562785,26616.0469275271,25518.4109375026,24420.7749438677,23323.1388528906,24226.5251694331,25486.6288573741,17053.8398154855,18312.4307317006,25803.9303785641,16781.2836367919,15721.0670347869,14660.8500423305,13600.6331301879,13300.926914066,12337.3825102478,3450.80398457868,13265.3032157017,12210.3251380386,11287.9004466617,12302.9375490819,13317.9747339756,14333.0118221634,15348.0489409463,16363.0860698724,17378.1231975629,18393.160279697,19408.1973872837,20423.2345371547,9948.45174257067,8918.04413722794,7887.63649691558,6857.22893371944,5826.82128829629,4796.41369562288,4477.1345243716,5507.54202964243,13543.4601055317,12540.6981523545,11537.9363126919,10535.1742965595,9532.41240944413,8529.65041372594,7526.88866507414,6524.12674883186,26896.906769255,25929.929636323,24962.9526046555,23995.975643182,23028.9985921922,22062.0215533168,21095.0444427444,20128.0675215463,19161.0904596121,18194.1132967876,17227.1361910043,16260.1591414144,15293.1820968229,14326.2050144198,13359.2280121209,26982.3136858609,25972.0019387143,24961.6901328139,23951.3783102713,14138.3103437029,13088.4089258664,12038.5075700015,10988.6062176386,25844.3000595575,24927.6613236043,24011.0225395753,23094.3837350089,14728.5305632082,13816.4825148037,12904.434329853,27476.6549341736,26470.0095691816,25463.3642988503,24456.71893584,23450.0735091262,25651.8129207601,24738.4499960248,23825.0869912809,22911.7239229999,21998.3609082851,4047.23573462352,2976.12280243339,1905.00984428279,833.896866918365,1443.7876681112,2514.90085478727,3586.01381812331,18394.6920770246,17401.9104277377,2055.81287174167,1027.90646529054,0,16855.0450484256,15783.3687803843,14711.6926142549,13640.0163788361,12568.3401409505,11496.6639026387,5059.91864434811,4046.09165725416,3032.26463041823,12563.7164052454,11723.6920704606,10883.667764793
22882.5710248646,24020.13535368,22911.4991844052,16330.2598639304,17262.4863732663,18194.7128754297,17177.6086019763,16169.6097775753,10356.5354712415,9405.00840945505,8453.48120010411,7501.95393322422,6550.426766857,17074.1576631555,16083.5570475125,15092.9564629876,22647.0764808838,21549.4404521324,20451.8044621079,19354.168468473,18256.5323774959,19159.9186940384,20420.0223819794,11987.2333400908,13245.8242563058,20737.3239031694,7495.27939685155,6435.06279484655,5374.84580239008,4314.62889024751,18110.4801512481,17146.9357474299,19099.2774038153,21877.207530308,20822.229452645,6221.293971267,7236.33107368723,8251.36825858092,9266.40534676866,10281.4424655516,11296.4795944777,12311.5167221682,13326.5538043023,14341.590911889,15356.62806176,18560.356057177,17529.9484518343,16499.5408115219,15469.1332483258,14438.7256029026,13408.3180102292,12377.910524054,11347.5030187831,18353.0133427138,17350.2513895367,16347.489549874,15344.7275337417,14341.9656466262,13339.2036509081,12336.4419022563,11333.679986014,21830.3002938603,20863.3231609283,19896.3461292608,18929.3691677873,17962.3921167975,16995.4150779221,16028.4379673497,15061.4610461516,14094.4839842173,13127.5068213929,12160.5297156096,11193.5526660197,10226.5756214282,9259.5985390251,8292.62153672619,21915.7072104662,20905.3954633196,19895.0836574192,18884.7718348766,22750.2146583092,21700.3132404727,20650.4118846078,19600.510532245,20777.6935841628,19861.0548482096,18944.4160641806,18027.7772596142,9661.92408781346,8749.87603940903,7837.82785445826,22410.0484587789,21403.4030937869,20396.7578234556,19390.1124604453,18383.4670337315,20585.2064453654,19671.8435206301,18758.4805158862,17845.1174476052,16931.7544328904,19695.7091538601,18624.59622167,17553.4832635194,16482.3702861549,15411.2573803144,14340.1441936383,13269.0312303023,13328.0856016299,12335.303952343,18910.8579201672,17882.9515137161,16855.0450484256,0,1071.67626804127,2143.35243417069,3215.02866958943,4286.70490747504,5358.38114578686,20708.3920635847,19694.5650764907,18680.7380496548,21175.6207198517,20335.5963850669,19495.5720793993
21810.8947568234,22948.4590856388,21839.8229163639,15258.5835958891,16190.810105225,17123.0366073885,16105.9323339351,15097.933509534,9284.85920320026,8333.33214141378,7381.80493206284,6430.27766518295,5478.75049881573,16002.4813951142,15011.8807794713,14021.2801949463,21575.4002128425,20477.7641840911,19380.1281940666,18282.4922004317,17184.8561094546,18088.2424259971,19348.3461139381,10915.5570720495,12174.1479882646,19665.6476351281,6423.60312881028,5363.38652680528,4303.16953434881,3242.95262220624,17038.8038832068,16075.2594793886,18027.601135774,20805.5312622668,19750.5531846037,5149.61770322573,6164.65480564596,7179.69199053965,8194.72907872739,9209.7661975103,10224.8033264365,11239.8404541269,12254.877536261,13269.9146438477,14284.9517937187,17488.6797891357,16458.272183793,15427.8645434806,14397.4569802845,13367.0493348614,12336.641742188,11306.2342560127,10275.8267507419,17281.3370746726,16278.5751214954,15275.8132818328,14273.0512657004,13270.289378585,12267.5273828668,11264.765634215,10262.0037179727,20758.624025819,19791.646892887,18824.6698612196,17857.692899746,16890.7158487562,15923.7388098809,14956.7616993085,13989.7847781103,13022.8077161761,12055.8305533517,11088.8534475683,10121.8763979784,9154.89935338695,8187.92227098384,7220.94526868492,20844.030942425,19833.7191952783,18823.4073893779,17813.0955668354,21678.538390268,20628.6369724315,19578.7356165665,18528.8342642037,19706.0173161216,18789.3785801684,17872.7397961393,16956.1009915729,8590.24781977219,7678.19977136776,6766.15158641699,21338.3721907376,20331.7268257456,19325.0815554144,18318.436192404,17311.7907656902,19513.5301773241,18600.1672525888,17686.8042478449,16773.441179564,15860.0781648492,18624.0328858188,17552.9199536287,16481.8069954781,15410.6940181137,14339.5811122731,13268.467925597,12197.354962261,12256.4093335886,11263.6276843017,17839.181652126,16811.2752456748,15783.3687803843,1071.67626804127,0,1071.67616612942,2143.35240154816,3215.02863943377,4286.70487774559,19636.7157955434,18622.8888084495,17609.0617816135,20103.9444518104,19263.9201170257,18423.895811358
20739.2185906939,21876.7829195093,20768.1467502345,14186.9074297597,15119.1339390956,16051.3604412591,15034.2561678056,14026.2573434046,8213.18303707083,7261.65597528436,6310.12876593342,5358.60149905353,4407.0743326863,14930.8052289848,13940.2046133418,12949.6040288169,20503.7240467131,19406.0880179617,18308.4520279372,17210.8160343023,16113.1799433252,17016.5662598677,18276.6699478087,9843.8809059201,11102.4718221352,18593.9714689987,5351.92696268086,4291.71036067585,3231.49336821939,2171.27645607682,15967.1277170774,15003.5833132592,16955.9249696446,19733.8550961373,18678.8770184743,4077.94153709631,5092.97863951654,6108.01582441023,7123.05291259796,8138.09003138088,9153.12716030703,10168.1642879975,11183.2013701316,12198.2384777183,13213.2756275893,16417.0036230063,15386.5960176636,14356.1883773512,13325.7808141551,12295.3731687319,11264.9655760585,10234.5580898833,9204.15058461244,16209.6609085431,15206.898955366,14204.1371157033,13201.375099571,12198.6132124556,11195.8512167374,10193.0894680856,9190.32755184329,19686.9478596896,18719.9707267576,17752.9936950901,16786.0167336166,15819.0396826268,14852.0626437514,13885.085533179,12918.1086119809,11951.1315500467,10984.1543872222,10017.1772814389,9050.20023184898,8083.22318725752,7116.24610485441,6149.2691025555,19772.3547762955,18762.0430291489,17751.7312232485,16741.4194007059,20606.8622241385,19556.960806302,18507.0594504371,17457.1580980743,18634.3411499921,17717.7024140389,16801.0636300099,15884.4248254435,7518.57165364277,6606.52360523834,5694.47542028756,20266.6960246082,19260.0506596162,18253.4053892849,17246.7600262746,16240.1145995608,18441.8540111947,17528.4910864594,16615.1280817155,15701.7650134345,14788.4019987197,17552.3567196894,16481.2437874993,15410.1308293487,14339.0178519843,13267.9049461437,12196.7917594676,11125.6787961316,11184.7331674592,10191.9515181723,16767.5054859965,15739.5990795454,14711.6926142549,2143.35243417069,1071.67616612942,0,1071.67623541874,2143.35247330435,3215.02871161617,18565.039629414,17551.21264232,16537.3856154841,19032.268285681,18192.2439508962,17352.2196452286
19667.5423552752,20805.1066840906,19696.4705148157,13115.231194341,14047.4577036769,14979.6842058403,13962.5799323869,12954.5811079859,7141.5068016521,6189.97973986562,5238.45253051468,4286.92526363479,3335.39809726757,13859.1289935661,12868.5283779231,11877.9277933981,19432.0478112943,18334.411782543,17236.7757925185,16139.1397988836,15041.5037079065,15944.8900244489,17204.99371239,8772.20467050136,10030.7955867164,17522.29523358,4280.25072726212,3220.03412525712,2159.81713280065,1099.60022065808,14895.4514816586,13931.9070778404,15884.2487342258,18662.1788607186,17607.2007830555,3006.26530167757,4021.3024040978,5036.33958899149,6051.37667717923,7066.41379596214,8081.4509248883,9096.48805257879,10111.5251347129,11126.5622422996,12141.5993921706,15345.3273875876,14314.9197822448,13284.5121419325,12254.1045787363,11223.6969333132,10193.2893406398,9162.88185446453,8132.4743491937,15137.9846731244,14135.2227199472,13132.4608802846,12129.6988641522,11126.9369770368,10124.1749813186,9121.41323266683,8118.65131642455,18615.2716242708,17648.2944913388,16681.3174596714,15714.3404981979,14747.3634472081,13780.3864083327,12813.4092977603,11846.4323765622,10879.4553146279,9912.47815180349,8945.50104602013,7978.52399643024,7011.54695183878,6044.56986943568,5077.59286713676,18700.6785408768,17690.3667937301,16680.0549878297,15669.7431652872,19535.1859887198,18485.2845708833,17435.3832150184,16385.4818626555,17562.6649145734,16646.0261786202,15729.3873945912,14812.7485900248,6446.89541822403,5534.8473698196,4622.79918486883,19195.0197891894,18188.3744241975,17181.7291538662,16175.0837908559,15168.4383641421,17370.177775776,16456.8148510406,15543.4518462968,14630.0887780158,13716.725763301,16480.6804842707,15409.5675520805,14338.4545939299,13267.3416165655,12196.2287107249,11125.1155240489,10054.0025607128,10113.0569320405,9120.27528275356,15695.8292505778,14667.9228441267,13640.0163788361,3215.02866958943,2143.35240154816,1071.67623541874,0,1071.67623788561,2143.35247619743,17493.3633939953,16479.5364069013,15465.7093800654,17960.5920502623,17120.5677154775,16280.5434098099
18595.8661173896,19733.430446205,18624.7942769301,12043.5549564553,12975.7814657913,13908.0079679547,12890.9036945013,11882.9048701003,6069.83056376648,5118.30350198001,4166.77629262907,3215.24902574918,2263.72185938195,12787.4527556805,11796.8521400375,10806.2515555125,18360.3715734087,17262.7355446574,16165.0995546329,15067.463560998,13969.8274700209,14873.2137865633,16133.3174745044,7700.52843261575,8959.1193488308,16450.6189956944,4212.9434958414,3152.7268938364,2092.50990137993,1032.29298923736,13823.775243773,12860.2308399548,14812.5724963402,17590.502622833,16535.5245451699,1934.58906379196,2949.62616621219,3964.66335110588,4979.70043929362,5994.73755807653,7009.77468700269,8024.81181469318,9039.84889682724,10054.8860044139,11069.923154285,14273.651149702,13243.2435443592,12212.8359040469,11182.4283408507,10152.0206954276,9121.61310275418,8091.20561657892,7060.79811130809,14066.3084352388,13063.5464820616,12060.784642399,11058.0226262666,10055.2607391512,9052.49874343301,8049.73699478121,7046.97507853894,17543.5953863852,16576.6182534532,15609.6412217858,14642.6642603123,13675.6872093225,12708.7101704471,11741.7330598747,10774.7561386766,9807.7790767423,8840.80191391788,7873.82480813452,6906.84775854463,5939.87071395317,4972.89363155006,4005.91662925115,17629.0023029912,16618.6905558445,15608.3787499441,14598.0669274016,18463.5097508342,17413.6083329977,16363.7069771328,15313.8056247699,16490.9886766878,15574.3499407346,14657.7111567056,13741.0723521392,5375.21918033842,4463.17113193399,3551.12294698321,18123.3435513038,17116.6981863119,16110.0529159806,15103.4075529703,14096.7621262565,16298.5015378904,15385.138613155,14471.7756084112,13558.4125401302,12645.0495254154,15409.0042463851,14337.8913141949,13266.7783560443,12195.6653786799,11124.5524728393,10053.4392861632,8982.32632282721,9041.38069415488,8048.59904486794,14624.1530126922,13596.2466062411,12568.3401409505,4286.70490747504,3215.02863943377,2143.35247330435,1071.67623788561,0,1071.67623831182,16421.6871561096,15407.8601690157,14394.0331421798,16888.9158123767,16048.8914775919,15208.8671719242
17524.1898790777,18661.7542078932,17553.1180386183,10971.8787181435,11904.1052274794,12836.3317296429,11819.2274561895,10811.2286317884,4998.15432545467,4046.62726366819,3095.10005431725,2143.57278743736,1192.04562107014,11715.7765173686,10725.1759017257,9734.57531720072,17288.6953350969,16191.0593063455,15093.423316321,13995.7873226861,12898.151231709,13801.5375482515,15061.6412361925,6628.85219430393,7887.44311051899,15378.9427573825,5284.61973415322,4224.40313214821,3164.18613969175,2103.96922754918,12752.0990054612,11788.554601643,13740.8962580284,16518.8263845212,15463.8483068581,862.912825480139,1877.94992790037,2892.98711279406,3908.0242009818,4923.06131976471,5938.09844869087,6953.13557638136,7968.17265851542,8983.20976610213,9998.24691597315,13201.9749113901,12171.5673060474,11141.1596657351,10110.7521025389,9080.34445711577,8049.93686444236,7019.5293782671,5989.12187299627,12994.632196927,11991.8702437498,10989.1084040872,9986.34638795479,8983.58450083938,7980.82250512119,6978.0607564694,5975.29884022712,16471.9191480734,15504.9420151414,14537.964983474,13570.9880220004,12604.0109710106,11637.0339321353,10670.0568215629,9703.07990036474,8736.10283843048,7769.12567560606,6802.1485698227,5835.17152023281,4868.19447564135,3901.21739323825,2934.24039093933,16557.3260646793,15547.0143175327,14536.7025116323,13526.3906890898,17391.8335125224,16341.9320946859,15292.0307388209,14242.1293864581,15419.312438376,14502.6737024228,13586.0349183937,12669.3961138273,4303.5429420266,3391.49489362217,2479.4467086714,17051.667312992,16045.021948,15038.3766776688,14031.7313146584,13025.0858879446,15226.8252995785,14313.4623748432,13400.0993700993,12486.7363018184,11573.3732871036,14337.3280080732,13266.2150758831,12195.1021177325,11123.9891403681,10052.8762345275,8981.76304785143,7910.6500845154,7969.70445584305,6976.92280655612,13552.4767743804,12524.5703679292,11496.6639026387,5358.38114578686,4286.70487774559,3215.02871161617,2143.35247619743,1071.67623831182,0,15350.0109177978,14336.1839307039,13322.3569038679,15817.2395740649,14977.2152392801,14137.1909336124
31802.5245154185,32940.0888442339,18152.941884958,25250.2133544842,26182.4398638201,27114.6663659836,26097.5620925302,25089.5632681291,10351.8565923432,11303.3836541296,12254.9108634806,13206.4381303605,14157.9652967277,25994.1111537094,25003.5105380664,24012.9099535414,31567.0299714376,30469.3939426862,29371.7579526617,28274.1219590268,27176.4858680497,28079.8721845922,29339.9758725333,20907.1868306446,22165.7777468597,29657.2773937232,20634.6306519511,19574.414049946,18514.1970574896,17453.980145347,17154.2739292251,16190.7295254069,3460.0203723157,17118.6502308608,16063.6721531978,15141.2474618208,16156.2845642411,17171.3217491348,18186.3588373225,19201.3959561054,20216.4330850316,21231.4702127221,22246.5072948561,23261.5444024428,24276.5815523139,13801.7987577298,12771.3911523871,11740.9835120747,10710.5759488786,9680.16830345542,8649.76071078201,8330.48153953073,9360.88904480156,17396.8071206908,16394.0451675137,15391.283327851,14388.5213117187,13385.7594246033,12382.9974288851,11380.2356802333,10377.473763991,30750.2537844141,29783.2766514821,28816.2996198147,27849.3226583412,26882.3456073513,25915.368568476,24948.3914579036,23981.4145367055,23014.4374747712,22047.4603119468,21080.4832061634,20113.5061565735,19146.5291119821,18179.5520295789,17212.57502728,30835.6607010201,29825.3489538734,28815.037147973,27804.7253254305,17991.657358862,16941.7559410255,15891.8545851606,14841.9532327978,29697.6470747167,28781.0083387635,27864.3695547345,26947.730750168,18581.8775783673,17669.8295299629,16757.7813450121,31330.0019493327,30323.3565843407,29316.7113140095,28310.0659509991,27303.4205242853,29505.1599359193,28591.7970111839,27678.4340064401,26765.0709381591,25851.7079234443,4056.45212236053,2985.3391901704,3154.90880006532,4226.02177742975,5297.13468327033,6368.2478699464,7439.36083328243,22248.0390921838,21255.2574428968,7115.73151608979,6087.82510963866,5059.91864434811,20708.3920635847,19636.7157955434,18565.039629414,17493.3633939953,16421.6871561096,15350.0109177978,0,1013.82698709395,2027.65401392989,16417.0634204045,15577.0390856197,14737.0147799521
30788.6975283245,31926.2618571399,17139.114897864,24236.3863673903,25168.6128767262,26100.8393788896,25083.7351054362,24075.7362810352,9338.02960524921,10289.5566670357,11241.0838763866,12192.6111432665,13144.1383096337,24980.2841666154,23989.6835509724,22999.0829664475,30553.2029843437,29455.5669555923,28357.9309655678,27260.2949719329,26162.6588809558,27066.0451974983,28326.1488854393,19893.3598435507,21151.9507597657,28643.4504066293,19620.8036648571,18560.5870628521,17500.3700703956,16440.1531582531,16140.4469421311,15176.9025383129,2446.19338522175,16104.8232437669,15049.8451661038,14127.4204747269,15142.4575771471,16157.4947620408,17172.5318502285,18187.5689690115,19202.6060979376,20217.6432256281,21232.6803077622,22247.7174153489,23262.7545652199,12787.9717706358,11757.5641652931,10727.1565249808,9696.74896178462,8666.34131636147,7635.93372368806,7316.65455243677,8347.06205770761,16382.9801335969,15380.2181804197,14377.4563407571,13374.6943246247,12371.9324375093,11369.1704417911,10366.4086931393,9363.64677689704,29736.4267973202,28769.4496643882,27802.4726327207,26835.4956712472,25868.5186202574,24901.541581382,23934.5644708096,22967.5875496115,22000.6104876772,21033.6333248528,20066.6562190695,19099.6791694796,18132.7021248881,17165.725042485,16198.7480401861,29821.8337139261,28811.5219667794,27801.2101608791,26790.8983383365,16977.8303717681,15927.9289539316,14878.0275980666,13828.1262457038,28683.8200876227,27767.1813516695,26850.5425676405,25933.9037630741,17568.0505912733,16656.0025428689,15743.9543579181,30316.1749622388,29309.5295972468,28302.8843269155,27296.2389639052,26289.5935371914,28491.3329488253,27577.97002409,26664.6070193461,25751.2439510651,24837.8809363503,3042.62513526658,1971.51220307645,2141.08181297137,3212.1947903358,4283.30769617638,5354.42088285245,6425.53384618848,21234.2121050898,20241.4304558029,6101.90452899583,5073.9981225447,4046.09165725416,19694.5650764907,18622.8888084495,17551.21264232,16479.5364069013,15407.8601690157,14336.1839307039,1013.82698709395,0,1013.82702683593,15403.2364333106,14563.2120985258,13723.1877928581
29774.8705014886,30912.434830304,16125.2878710281,23222.5593405543,24154.7858498902,25087.0123520537,24069.9080786003,23061.9092541993,8324.20257841328,9275.72964019976,10227.2568495507,11178.7841164306,12130.3112827978,23966.4571397795,22975.8565241365,21985.2559396115,29539.3759575077,28441.7399287563,27344.1039387318,26246.467945097,25148.8318541199,26052.2181706623,27312.3218586034,18879.5328167147,20138.1237329298,27629.6233797934,18606.9766380212,17546.7600360162,16486.5430435597,15426.3261314171,15126.6199152952,14163.075511477,1432.36635838581,15090.9962169309,14036.0181392679,13113.593447891,14128.6305503112,15143.6677352049,16158.7048233926,17173.7419421755,18188.7790711017,19203.8161987922,20218.8532809262,21233.8903885129,22248.927538384,11774.1447437999,10743.7371384572,9713.32949814483,8682.92193494869,7652.51428952553,6622.10669685213,6302.82752560084,7333.23503087168,15369.153106761,14366.3911535838,13363.6293139211,12360.8672977888,11358.1054106734,10355.3434149552,9352.58166630338,8349.81975006111,28722.5997704842,27755.6226375522,26788.6456058848,25821.6686444113,24854.6915934215,23887.7145545461,22920.7374439737,21953.7605227756,20986.7834608413,20019.8062980169,19052.8291922335,18085.8521426436,17118.8750980522,16151.8980156491,15184.9210133501,28808.0066870902,27797.6949399435,26787.3831340431,25777.0713115006,15964.0033449322,14914.1019270956,13864.2005712307,12814.2992188679,27669.9930607868,26753.3543248336,25836.7155408046,24920.0767362381,16554.2235644374,15642.175516033,14730.1273310822,29302.3479354028,28295.7025704109,27289.0573000796,26282.4119370693,25275.7665103555,27477.5059219894,26564.142997254,25650.7799925102,24737.4169242292,23824.0539095144,2028.79810843065,957.685176240517,1127.25478613543,2198.36776349986,3269.48066934044,4340.59385601652,5411.70681935255,20220.3850782539,19227.6034289669,5088.0775021599,4060.17109570877,3032.26463041823,18680.7380496548,17609.0617816135,16537.3856154841,15465.7093800654,14394.0331421798,13322.3569038679,2027.65401392989,1013.82702683593,0,14389.4094064746,13549.3850716898,12709.3607660222
32269.7531716855,33407.3175005009,5936.00022369052,25717.4420107513,26649.6685200872,27581.8950222506,26564.7907487972,25556.7919243962,10819.0852486102,11770.6123103967,12722.1395197476,13673.6667866275,14625.1939529947,26461.3398099764,25470.7391943334,24480.1386098084,32034.2586277046,30936.6225989532,29838.9866089288,28741.3506152939,27643.7145243168,28547.1008408592,29807.2045288003,21374.4154869117,22633.0064031267,30124.5060499903,21101.8593082181,20041.6427062131,18981.4257137566,17921.208801614,17621.5025854921,16657.9581816739,14807.9487606351,4901.70856959339,3846.73049193033,15608.4761180879,16623.5132205081,17638.5504054018,18653.5874935895,19668.6246123724,20683.6617412986,21698.6988689891,22713.7359511231,23728.7730587098,24743.8102085809,2615.2646626747,3645.67226801744,4676.07990832979,5706.48747152594,6736.89511694909,7767.30270962249,8797.71019579775,9828.11770106858,17864.0357769579,16861.2738237807,15858.511984118,14855.7499679857,13852.9880808703,12850.2260851521,11847.4643365003,10844.702420258,31217.4824406811,30250.5053077491,29283.5282760817,28316.5513146082,27349.5742636184,26382.597224743,25415.6201141706,24448.6431929725,23481.6661310382,22514.6889682138,21547.7118624304,20580.7348128405,19613.7577682491,18646.780685846,17679.8036835471,31302.8893572871,30292.5776101404,29282.26580424,28271.9539816975,5774.7156975946,4724.81427975809,3674.91292389315,2625.01157153033,30164.8757309837,29248.2369950305,28331.5982110015,27414.9594064351,19049.1062346343,18137.0581862299,17225.0100012791,31797.2306055997,30790.5852406078,29783.9399702765,28777.2946072662,27770.6491805524,29972.3885921863,29059.0256674509,28145.6626627071,27232.2995944261,26318.9365797113,15404.3805106799,14333.2675784898,13262.1546203392,12191.0416429748,11119.9287371342,10048.8155504581,8977.70258712207,22715.2677484508,21722.4860991638,14619.529276987,13591.6228705359,12563.7164052454,21175.6207198517,20103.9444518105,19032.268285681,17960.5920502623,16888.9158123767,15817.2395740648,16417.0634204045,15403.2364333106,14389.4094064746,0,840.024334784773,1680.04864045242
31429.7288369007,32567.2931657161,5095.97588890575,24877.4176759665,25809.6441853024,26741.8706874658,25724.7664140124,24716.7675896114,9979.06091382541,10930.5879756119,11882.1151849628,12833.6424518427,13785.1696182099,25621.3154751916,24630.7148595486,23640.1142750237,31194.2342929199,30096.5982641685,28998.962274144,27901.3262805091,26803.690189532,27707.0765060745,28967.1801940155,20534.3911521269,21792.9820683419,29284.4817152055,20261.8349734333,19201.6183714283,18141.4013789718,17081.1844668293,16781.4782507073,15817.9338468891,13967.9244258503,4061.68423480862,3006.70615714556,14768.4517833031,15783.4888857233,16798.526070617,17813.5631588047,18828.6002775877,19843.6374065138,20858.6745342043,21873.7116163384,22888.7487239251,23903.7858737961,1775.24032788993,2805.64793323267,3836.05557354502,4866.46313674116,5896.87078216431,6927.27837483772,7957.68586101297,8988.0933662838,17024.0114421731,16021.2494889959,15018.4876493333,14015.7256332009,13012.9637460855,12010.2017503673,11007.4400017155,10004.6780854732,30377.4581058964,29410.4809729644,28443.5039412969,27476.5269798234,26509.5499288336,25542.5728899582,24575.5957793858,23608.6188581877,22641.6417962534,21674.664633429,20707.6875276457,19740.7104780558,18773.7334334643,17806.7563510612,16839.7793487623,30462.8650225023,29452.5532753557,28442.2414694553,27431.9296469127,4934.69136280983,3884.78994497331,2834.88858910838,1784.98723674556,29324.8513961989,28408.2126602457,27491.5738762167,26574.9350716503,18209.0818998495,17297.0338514451,16384.9856664943,30957.206270815,29950.560905823,28943.9156354917,27937.2702724814,26930.6248457676,29132.3642574015,28219.0013326662,27305.6383279223,26392.2752596413,25478.9122449265,14564.3561758951,13493.243243705,12422.1302855544,11351.01730819,10279.9044023494,9208.79121567333,8137.6782523373,21875.243413666,20882.4617643791,13779.5049422023,12751.5985357511,11723.6920704606,20335.5963850669,19263.9201170257,18192.2439508962,17120.5677154775,16048.8914775919,14977.2152392801,15577.0390856197,14563.2120985258,13549.3850716899,840.024334784774,0,840.024305667645
30589.7045312331,31727.2688600485,4255.9515832381,24037.3933702988,24969.6198796347,25901.8463817982,24884.7421083448,23876.7432839437,9139.03660815777,10090.5636699442,11042.0908792952,11993.6181461751,12945.1453125423,24781.291169524,23790.690553881,22800.089969356,30354.2099872522,29256.5739585008,28158.9379684763,27061.3019748415,25963.6658838643,26867.0522004068,28127.1558883479,19694.3668464592,20952.9577626743,28444.4574095378,19421.8106677657,18361.5940657606,17301.3770733042,16241.1601611616,15941.4539450397,14977.9095412215,13127.9001201827,3221.65992914097,2166.68185147791,13928.4274776354,14943.4645800557,15958.5017649494,16973.5388531371,17988.57597192,19003.6131008462,20018.6502285367,21033.6873106707,22048.7244182574,23063.7615681285,935.216022222285,1965.62362756502,2996.03126787738,4026.43883107352,5056.84647649667,6087.25406917007,7117.66155534533,8148.06906061616,16183.9871365054,15181.2251833283,14178.4633436656,13175.7013275333,12172.9394404179,11170.1774446997,10167.4156960479,9164.65377980559,29537.4338002287,28570.4566672967,27603.4796356293,26636.5026741558,25669.5256231659,24702.5485842906,23735.5714737182,22768.5945525201,21801.6174905858,20834.6403277614,19867.663221978,18900.6861723881,17933.7091277967,16966.7320453935,15999.7550430946,29622.8407168347,28612.528969688,27602.2171637876,26591.9053412451,4094.66705714218,3044.76563930567,1994.86428344073,944.962931077913,28484.8270905313,27568.1883545781,26651.549570549,25734.9107659826,17369.0575941819,16457.0095457775,15544.9613608267,30117.1819651473,29110.5366001554,28103.8913298241,27097.2459668138,26090.6005400999,28292.3399517339,27378.9770269985,26465.6140222547,25552.2509539737,24638.8879392589,13724.3318702275,12653.2189380374,11582.1059798868,10510.9930025223,9439.88009668176,8368.76691000568,7297.65394666965,21035.2191079984,20042.4374587114,12939.4806365346,11911.5742300835,10883.667764793,19495.5720793993,18423.895811358,17352.2196452286,16280.5434098099,15208.8671719243,14137.1909336124,14737.0147799521,13723.1877928581,12709.3607660222,1680.04864045242,840.024305667646,0
