PatchID,X,Y,SubpatchNO,K,K StDev,N0,Natal Grounds,Migration Grounds,Genes Initialize,Class Vars,Mortality Out %,Mortality Out StDev,Mortality Back,Mortality Back StDev,Mortality Eggs,Mortality Eggs StDev,Migration Out Prob,Set Migration,Migration Back Prob,Straying Prob,Dispersal Prob,GrowthTemperatureOut,GrowthTemperatureOutStDev,GrowDaysOut,GrowDaysOutStDev,GrowthTemperatureBack,GrowthTemperatureBackStDev,GrowDaysBack,GrowDaysBackStDev,Capture Probability Out,Capture Probability Back,HabitatOut,HabitatBack,Fitness_AA,Fitness_Aa,Fitness_aa,Fitness_BB,Fitness_Bb,Fitness_bb,Fitness_AABB,Fitness_AaBB,Fitness_aaBB,Fitness_AABb,Fitness_AaBb,Fitness_aaBb,Fitness_AAbb,Fitness_Aabb,Fitness_aabb,comp_coef
1,570653.8387680342,4896417.752246113,1,200,10,200,1,1,random,ClassVars.csv,0,0,0,0,0.68,0,0,N,0,0,0.1,0,0,0,0,9.8|10.3|10.8|11.3|11.8|12.3|12.8|13.3|13.8|14.3|14.8|15.3,0,365,0,N,N,1,1,0,0,0,0,0,0,0,0,0,0,0,0,0,0,0,0
2,559725.9236323171,4897608.2315453375,1,200,10,200,1,1,random,ClassVars.csv,0,0,0,0,0.68,0,0,N,0,0,0.1,0,0,0,0,15.8|16.3|16.8|17.3|17.8|18.3|18.8|19.3|19.8|20.3|20.8|21.3,0,365,0,N,N,1,1,0,0,0,0,0,0,0,0,0,0,0,0,0,0,0,0
3,558735.0238578571,4896299.212579836,1,200,10,200,1,1,random,ClassVars.csv,0,0,0,0,0.68,0,0,N,0,0,0.1,0,0,0,0,5.10909090909091|5.60909090909091|6.10909090909091|6.60909090909091|7.10909090909091|7.60909090909091|8.10909090909091|8.60909090909091|9.10909090909091|9.60909090909091|10.1090909090909|10.6090909090909,0,365,0,N,N,1,1,0,0,0,0,0,0,0,0,0,0,0,0,0,0,0,0
4,560253.3201963388,4896335.195065461,1,200,10,200,1,1,random,ClassVars.csv,0,0,0,0,0.68,0,0,N,0,0,0.1,0,0,0,0,4.85454545454545|5.35454545454545|5.85454545454545|6.35454545454545|6.85454545454545|7.35454545454545|7.85454545454545|8.35454545454546|8.85454545454546|9.35454545454546|9.85454545454546|10.3545454545455,0,365,0,N,N,1,1,0,0,0,0,0,0,0,0,0,0,0,0,0,0,0,0
5,561911.025677487,4905611.787402509,1,200,10,200,1,1,random,ClassVars.csv,0,0,0,0,0.68,0,0,N,0,0,0.1,0,0,0,0,11.4886184210526|11.9886184210526|12.4886184210526|12.9886184210526|13.4886184210526|13.9886184210526|14.4886184210526|14.9886184210526|15.4886184210526|15.9886184210526|16.4886184210526|16.9886184210526,0,365,0,N,N,1,1,0,0,0,0,0,0,0,0,0,0,0,0,0,0,0,0
